ISO-10303-21;
HEADER;
FILE_DESCRIPTION(('Open CASCADE Model'),'2;1');
FILE_NAME('Open CASCADE Shape Model','2026-08-16T12:16:33',('Author'),(
    'Open CASCADE'),'Open CASCADE STEP processor 7.9','Open CASCADE 7.9'
  ,'Unknown');
FILE_SCHEMA(('AUTOMOTIVE_DESIGN { 1 0 10303 214 1 1 1 1 }'));
ENDSEC;
DATA;
#1 = APPLICATION_PROTOCOL_DEFINITION('international standard',
  'automotive_design',2000,#2);
#2 = APPLICATION_CONTEXT(
  'core data for automotive mechanical design processes');
#3 = SHAPE_DEFINITION_REPRESENTATION(#4,#10);
#4 = PRODUCT_DEFINITION_SHAPE('','',#5);
#5 = PRODUCT_DEFINITION('design','',#6,#9);
#6 = PRODUCT_DEFINITION_FORMATION('','',#7);
#7 = PRODUCT('f0561b63-9963-11f1-bd28-a0d365e37aeb',
  'f0561b63-9963-11f1-bd28-a0d365e37aeb','',(#8));
#8 = PRODUCT_CONTEXT('',#2,'mechanical');
#9 = PRODUCT_DEFINITION_CONTEXT('part definition',#2,'design');
#10 = SHAPE_REPRESENTATION('',(#11,#15),#19);
#11 = AXIS2_PLACEMENT_3D('',#12,#13,#14);
#12 = CARTESIAN_POINT('',(0.,0.,0.));
#13 = DIRECTION('',(0.,0.,1.));
#14 = DIRECTION('',(1.,0.,-0.));
#15 = AXIS2_PLACEMENT_3D('',#16,#17,#18);
#16 = CARTESIAN_POINT('',(0.,0.,0.));
#17 = DIRECTION('',(0.,0.,1.));
#18 = DIRECTION('',(1.,0.,-0.));
#19 = ( GEOMETRIC_REPRESENTATION_CONTEXT(3) 
GLOBAL_UNCERTAINTY_ASSIGNED_CONTEXT((#23)) GLOBAL_UNIT_ASSIGNED_CONTEXT(
(#20,#21,#22)) REPRESENTATION_CONTEXT('Context #1',
  '3D Context with UNIT and UNCERTAINTY') );
#20 = ( LENGTH_UNIT() NAMED_UNIT(*) SI_UNIT(.MILLI.,.METRE.) );
#21 = ( NAMED_UNIT(*) PLANE_ANGLE_UNIT() SI_UNIT($,.RADIAN.) );
#22 = ( NAMED_UNIT(*) SI_UNIT($,.STERADIAN.) SOLID_ANGLE_UNIT() );
#23 = UNCERTAINTY_MEASURE_WITH_UNIT(LENGTH_MEASURE(2.E-03),#20,
  'distance_accuracy_value','confusion accuracy');
#24 = PRODUCT_RELATED_PRODUCT_CATEGORY('part',$,(#7));
#25 = SHAPE_DEFINITION_REPRESENTATION(#26,#32);
#26 = PRODUCT_DEFINITION_SHAPE('','',#27);
#27 = PRODUCT_DEFINITION('design','',#28,#31);
#28 = PRODUCT_DEFINITION_FORMATION('','',#29);
#29 = PRODUCT('Blade','Blade','',(#30));
#30 = PRODUCT_CONTEXT('',#2,'mechanical');
#31 = PRODUCT_DEFINITION_CONTEXT('part definition',#2,'design');
#32 = ADVANCED_BREP_SHAPE_REPRESENTATION('',(#11,#33),#3887);
#33 = MANIFOLD_SOLID_BREP('',#34);
#34 = CLOSED_SHELL('',(#35,#419,#572,#828,#1012,#1061,#1220,#1404,#1453,
    #1612,#1796,#1845,#2004,#2188,#2237,#2396,#2580,#2629,#2788,#2972,
    #3021,#3180,#3364,#3413,#3572,#3715,#3760,#3875,#3881));
#35 = ADVANCED_FACE('',(#36),#90,.F.);
#36 = FACE_BOUND('',#37,.F.);
#37 = EDGE_LOOP('',(#38,#234,#259,#407));
#38 = ORIENTED_EDGE('',*,*,#39,.T.);
#39 = EDGE_CURVE('',#40,#42,#44,.T.);
#40 = VERTEX_POINT('',#41);
#41 = CARTESIAN_POINT('',(0.,249.4,0.));
#42 = VERTEX_POINT('',#43);
#43 = CARTESIAN_POINT('',(46.442976792677,249.4,-104.0351662904));
#44 = SURFACE_CURVE('',#45,(#89,#182),.PCURVE_S1.);
#45 = B_SPLINE_CURVE_WITH_KNOTS('',3,(#46,#47,#48,#49,#50,#51,#52,#53,
    #54,#55,#56,#57,#58,#59,#60,#61,#62,#63,#64,#65,#66,#67,#68,#69,#70,
    #71,#72,#73,#74,#75,#76,#77,#78,#79,#80,#81,#82,#83,#84,#85,#86,#87,
    #88),.UNSPECIFIED.,.F.,.F.,(4,1,1,1,1,1,1,1,1,1,1,1,1,1,1,1,1,1,1,1,
    1,1,1,1,1,1,1,1,1,1,1,1,1,1,1,1,1,1,1,1,4),(0.,1.675443141702E-04,
    4.815011802202E-04,8.169563210371E-04,1.255633201628E-03,
    1.972962415899E-03,3.219923128667E-03,5.239849899278E-03,
    7.966020261803E-03,1.111651762586E-02,1.446872021959E-02,
    1.791615770483E-02,2.141166571288E-02,2.493599277109E-02,
    2.848062277325E-02,3.204088597631E-02,3.561400577878E-02,
    3.919848071762E-02,4.279013226103E-02,4.637761638293E-02,
    4.995968390873E-02,5.353766105296E-02,5.711197912478E-02,
    6.068260055644E-02,6.424914351597E-02,6.781148901656E-02,
    7.136848074715E-02,7.491930389967E-02,7.846340769275E-02,
    8.200092018858E-02,8.553249767722E-02,8.905913333907E-02,
    9.257983045029E-02,9.609213760781E-02,9.959729937019E-02,
    0.103113439317,0.106634282982,0.109679715619,0.111826791859,
    0.113377350807,0.114634260092),.UNSPECIFIED.);
#46 = CARTESIAN_POINT('',(0.,249.4,0.));
#47 = CARTESIAN_POINT('',(-5.114676503804E-02,249.4,-2.25180952852E-02)
  );
#48 = CARTESIAN_POINT('',(-0.192250244815,249.4,-0.100536352561));
#49 = CARTESIAN_POINT('',(-0.395700882486,249.4,-0.288660550361));
#50 = CARTESIAN_POINT('',(-0.570727349629,249.4,-0.615100775128));
#51 = CARTESIAN_POINT('',(-0.627818063139,249.4,-1.117526435011));
#52 = CARTESIAN_POINT('',(-0.533890221428,249.4,-1.915642587667));
#53 = CARTESIAN_POINT('',(-0.214171656846,249.4,-3.20723381226));
#54 = CARTESIAN_POINT('',(0.433319943569,249.4,-5.098598855597));
#55 = CARTESIAN_POINT('',(1.404709463581,249.4,-7.545541225434));
#56 = CARTESIAN_POINT('',(2.624400013408,249.4,-10.37004514125));
#57 = CARTESIAN_POINT('',(3.99748208296,249.4,-13.38931346447));
#58 = CARTESIAN_POINT('',(5.455909301671,249.4,-16.49576841768));
#59 = CARTESIAN_POINT('',(6.96633915181,249.4,-19.64101698276));
#60 = CARTESIAN_POINT('',(8.511848150729,249.4,-22.80525653396));
#61 = CARTESIAN_POINT('',(10.081825651298,249.4,-25.98151246096));
#62 = CARTESIAN_POINT('',(11.669393324948,249.4,-29.16719031725));
#63 = CARTESIAN_POINT('',(13.269939550753,249.4,-32.36122736068));
#64 = CARTESIAN_POINT('',(14.87908824414,249.4,-35.56265182105));
#65 = CARTESIAN_POINT('',(16.489442301708,249.4,-38.76882905264));
#66 = CARTESIAN_POINT('',(18.098306695526,249.4,-41.97485649808));
#67 = CARTESIAN_POINT('',(19.701749330221,249.4,-45.17850358377));
#68 = CARTESIAN_POINT('',(21.298293250379,249.4,-48.38069152999));
#69 = CARTESIAN_POINT('',(22.887816844801,249.4,-51.5821114176));
#70 = CARTESIAN_POINT('',(24.4689830383,249.4,-54.78341799825));
#71 = CARTESIAN_POINT('',(26.040625491523,249.4,-57.98496667148));
#72 = CARTESIAN_POINT('',(27.601536328445,249.4,-61.18670864522));
#73 = CARTESIAN_POINT('',(29.150186396066,249.4,-64.3885816616));
#74 = CARTESIAN_POINT('',(30.684153087961,249.4,-67.59077690078));
#75 = CARTESIAN_POINT('',(32.201711691705,249.4,-70.79360043074));
#76 = CARTESIAN_POINT('',(33.700518801017,249.4,-73.9981657755));
#77 = CARTESIAN_POINT('',(35.178745328236,249.4,-77.20587066976));
#78 = CARTESIAN_POINT('',(36.635031172476,249.4,-80.41744451842));
#79 = CARTESIAN_POINT('',(38.068522116801,249.4,-83.63222742082));
#80 = CARTESIAN_POINT('',(39.477267331377,249.4,-86.8501260189));
#81 = CARTESIAN_POINT('',(40.859568882634,249.4,-90.07783490528));
#82 = CARTESIAN_POINT('',(42.212355726964,249.4,-93.32112233427));
#83 = CARTESIAN_POINT('',(43.475726189475,249.4,-96.4354789082));
#84 = CARTESIAN_POINT('',(44.546260229773,249.4,-99.13547224041));
#85 = CARTESIAN_POINT('',(45.360143196769,249.4,-101.2306435467));
#86 = CARTESIAN_POINT('',(45.953571047973,249.4,-102.7718587535));
#87 = CARTESIAN_POINT('',(46.291183749394,249.4,-103.6446602341));
#88 = CARTESIAN_POINT('',(46.442976792677,249.4,-104.0351662904));
#89 = PCURVE('',#90,#177);
#90 = B_SPLINE_SURFACE_WITH_KNOTS('',3,1,(
    (#91,#92)
    ,(#93,#94)
    ,(#95,#96)
    ,(#97,#98)
    ,(#99,#100)
    ,(#101,#102)
    ,(#103,#104)
    ,(#105,#106)
    ,(#107,#108)
    ,(#109,#110)
    ,(#111,#112)
    ,(#113,#114)
    ,(#115,#116)
    ,(#117,#118)
    ,(#119,#120)
    ,(#121,#122)
    ,(#123,#124)
    ,(#125,#126)
    ,(#127,#128)
    ,(#129,#130)
    ,(#131,#132)
    ,(#133,#134)
    ,(#135,#136)
    ,(#137,#138)
    ,(#139,#140)
    ,(#141,#142)
    ,(#143,#144)
    ,(#145,#146)
    ,(#147,#148)
    ,(#149,#150)
    ,(#151,#152)
    ,(#153,#154)
    ,(#155,#156)
    ,(#157,#158)
    ,(#159,#160)
    ,(#161,#162)
    ,(#163,#164)
    ,(#165,#166)
    ,(#167,#168)
    ,(#169,#170)
    ,(#171,#172)
    ,(#173,#174)
    ,(#175,#176
    )),.UNSPECIFIED.,.F.,.F.,.F.,(4,1,1,1,1,1,1,1,1,1,1,1,1,1,1,1,1,1,1,
    1,1,1,1,1,1,1,1,1,1,1,1,1,1,1,1,1,1,1,1,1,4),(2,2),(0.,
    1.733325616951E-04,4.981358719341E-04,8.451801699132E-04,
    1.299012267086E-03,2.041123456619E-03,3.331163621501E-03,
    5.420873936772E-03,8.241226837997E-03,1.1500566204E-02,
    1.496857922354E-02,1.853511726788E-02,2.215138655438E-02,
    2.579747051895E-02,2.946455884468E-02,3.314782046028E-02,
    3.684438283945E-02,4.055269264727E-02,4.426842699384E-02,
    4.797984994465E-02,5.168566916917E-02,5.538725669942E-02,
    5.908505874523E-02,6.277903644097E-02,6.646879476331E-02,
    7.015421061475E-02,7.383408773648E-02,7.75075831708E-02,
    8.117412710822E-02,8.483385203513E-02,8.848743691482E-02,
    9.213590923965E-02,9.577823785142E-02,9.941188665704E-02,
    0.103038143212,0.10667575722,0.110318237448,0.113468882358,
    0.115690134847,0.117294261825,0.118594594261),(0.,1.),
  .UNSPECIFIED.);
#91 = CARTESIAN_POINT('',(0.,249.4,0.));
#92 = CARTESIAN_POINT('',(0.,404.2,0.));
#93 = CARTESIAN_POINT('',(-5.114676503804E-02,249.4,-2.25180952852E-02)
  );
#94 = CARTESIAN_POINT('',(-5.084779300532E-02,404.2,-2.75149697792E-02)
  );
#95 = CARTESIAN_POINT('',(-0.192250244815,249.4,-0.100536352561));
#96 = CARTESIAN_POINT('',(-0.189791408901,404.2,-0.119813448341));
#97 = CARTESIAN_POINT('',(-0.395700882486,249.4,-0.288660550361));
#98 = CARTESIAN_POINT('',(-0.383775382884,404.2,-0.33088229694));
#99 = CARTESIAN_POINT('',(-0.570727349629,249.4,-0.615100775128));
#100 = CARTESIAN_POINT('',(-0.536833073333,404.2,-0.682185947534));
#101 = CARTESIAN_POINT('',(-0.627818063139,249.4,-1.117526435011));
#102 = CARTESIAN_POINT('',(-0.553502312285,404.2,-1.205048452724));
#103 = CARTESIAN_POINT('',(-0.533890221428,249.4,-1.915642587667));
#104 = CARTESIAN_POINT('',(-0.389616289994,404.2,-2.020122959063));
#105 = CARTESIAN_POINT('',(-0.214171656846,249.4,-3.20723381226));
#106 = CARTESIAN_POINT('',(4.85369827672E-02,404.2,-3.325071447773));
#107 = CARTESIAN_POINT('',(0.433319943569,249.4,-5.098598855597));
#108 = CARTESIAN_POINT('',(0.875042843993,404.2,-5.220936495506));
#109 = CARTESIAN_POINT('',(1.404709463581,249.4,-7.545541225434));
#110 = CARTESIAN_POINT('',(2.082193461176,404.2,-7.662471133306));
#111 = CARTESIAN_POINT('',(2.624400013408,249.4,-10.37004514125));
#112 = CARTESIAN_POINT('',(3.577086833457,404.2,-10.47246689994));
#113 = CARTESIAN_POINT('',(3.99748208296,249.4,-13.38931346447));
#114 = CARTESIAN_POINT('',(5.246505501501,404.2,-13.47040719201));
#115 = CARTESIAN_POINT('',(5.455909301671,249.4,-16.49576841768));
#116 = CARTESIAN_POINT('',(7.011249155394,404.2,-16.55108029476));
#117 = CARTESIAN_POINT('',(6.96633915181,249.4,-19.64101698276));
#118 = CARTESIAN_POINT('',(8.832872699116,404.2,-19.66738703909));
#119 = CARTESIAN_POINT('',(8.511848150729,249.4,-22.80525653396));
#120 = CARTESIAN_POINT('',(10.692262551834,404.2,-22.80032970079));
#121 = CARTESIAN_POINT('',(10.081825651298,249.4,-25.98151246096));
#122 = CARTESIAN_POINT('',(12.577891930903,404.2,-25.9436077231));
#123 = CARTESIAN_POINT('',(11.669393324948,249.4,-29.16719031725));
#124 = CARTESIAN_POINT('',(14.48245045979,404.2,-29.09512360031));
#125 = CARTESIAN_POINT('',(13.269939550753,249.4,-32.36122736068));
#126 = CARTESIAN_POINT('',(16.401093686161,404.2,-32.25416883556));
#127 = CARTESIAN_POINT('',(14.87908824414,249.4,-35.56265182105));
#128 = CARTESIAN_POINT('',(18.329227667644,404.2,-35.4201089534));
#129 = CARTESIAN_POINT('',(16.489442301708,249.4,-38.76882905264));
#130 = CARTESIAN_POINT('',(20.259003725752,404.2,-38.59084856944));
#131 = CARTESIAN_POINT('',(18.098306695526,249.4,-41.97485649808));
#132 = CARTESIAN_POINT('',(22.187231162533,404.2,-41.76155885332));
#133 = CARTESIAN_POINT('',(19.701749330221,249.4,-45.17850358377));
#134 = CARTESIAN_POINT('',(24.109668120113,404.2,-44.93027004569));
#135 = CARTESIAN_POINT('',(21.298293250379,249.4,-48.38069152999));
#136 = CARTESIAN_POINT('',(26.024869035235,404.2,-48.09805609659));
#137 = CARTESIAN_POINT('',(22.887816844801,249.4,-51.5821114176));
#138 = CARTESIAN_POINT('',(27.932766554684,404.2,-51.26563981613));
#139 = CARTESIAN_POINT('',(24.4689830383,249.4,-54.78341799825));
#140 = CARTESIAN_POINT('',(29.832036969486,404.2,-54.43380864131));
#141 = CARTESIAN_POINT('',(26.040625491523,249.4,-57.98496667148));
#142 = CARTESIAN_POINT('',(31.721507479288,404.2,-57.60302699728));
#143 = CARTESIAN_POINT('',(27.601536328445,249.4,-61.18670864522));
#144 = CARTESIAN_POINT('',(33.599928505767,404.2,-60.77334602275));
#145 = CARTESIAN_POINT('',(29.150186396066,249.4,-64.3885816616));
#146 = CARTESIAN_POINT('',(35.465718060469,404.2,-63.94482995553));
#147 = CARTESIAN_POINT('',(30.684153087961,249.4,-67.59077690078));
#148 = CARTESIAN_POINT('',(37.316394172366,404.2,-67.11787940302));
#149 = CARTESIAN_POINT('',(32.201711691705,249.4,-70.79360043074));
#150 = CARTESIAN_POINT('',(39.150204141093,404.2,-70.29295482086));
#151 = CARTESIAN_POINT('',(33.700518801017,249.4,-73.9981657755));
#152 = CARTESIAN_POINT('',(40.964825129352,404.2,-73.47140122316));
#153 = CARTESIAN_POINT('',(35.178745328236,249.4,-77.20587066976));
#154 = CARTESIAN_POINT('',(42.758488501433,404.2,-76.65481348518));
#155 = CARTESIAN_POINT('',(36.635031172476,249.4,-80.41744451842));
#156 = CARTESIAN_POINT('',(44.52985307596,404.2,-79.84405795522));
#157 = CARTESIAN_POINT('',(38.068522116801,249.4,-83.63222742082));
#158 = CARTESIAN_POINT('',(46.277982616843,404.2,-83.03852593413));
#159 = CARTESIAN_POINT('',(39.477267331377,249.4,-86.8501260189));
#160 = CARTESIAN_POINT('',(48.000857718815,404.2,-86.23828500805));
#161 = CARTESIAN_POINT('',(40.859568882634,249.4,-90.07783490528));
#162 = CARTESIAN_POINT('',(49.697289867792,404.2,-89.45038079907));
#163 = CARTESIAN_POINT('',(42.212355726964,249.4,-93.32112233427));
#164 = CARTESIAN_POINT('',(51.364596887882,404.2,-92.68101907955));
#165 = CARTESIAN_POINT('',(43.475726189475,249.4,-96.4354789082));
#166 = CARTESIAN_POINT('',(52.928874834103,404.2,-95.78622266471));
#167 = CARTESIAN_POINT('',(44.546260229773,249.4,-99.13547224041));
#168 = CARTESIAN_POINT('',(54.259510403097,404.2,-98.48035920953));
#169 = CARTESIAN_POINT('',(45.360143196769,249.4,-101.2306435467));
#170 = CARTESIAN_POINT('',(55.274705552718,404.2,-100.5724002738));
#171 = CARTESIAN_POINT('',(45.953571047973,249.4,-102.7718587535));
#172 = CARTESIAN_POINT('',(56.016055353734,404.2,-102.1117552617));
#173 = CARTESIAN_POINT('',(46.291183749394,249.4,-103.6446602341));
#174 = CARTESIAN_POINT('',(56.437485600988,404.2,-102.9833730889));
#175 = CARTESIAN_POINT('',(46.442976792677,249.4,-104.0351662904));
#176 = CARTESIAN_POINT('',(56.626803044228,404.2,-103.3732874526));
#177 = DEFINITIONAL_REPRESENTATION('',(#178),#181);
#178 = B_SPLINE_CURVE_WITH_KNOTS('',1,(#179,#180),.UNSPECIFIED.,.F.,.F.,
  (2,2),(0.,0.114634260092),.PIECEWISE_BEZIER_KNOTS.);
#179 = CARTESIAN_POINT('',(0.,0.));
#180 = CARTESIAN_POINT('',(0.118594594261,0.));
#181 = ( GEOMETRIC_REPRESENTATION_CONTEXT(2) 
PARAMETRIC_REPRESENTATION_CONTEXT() REPRESENTATION_CONTEXT('2D SPACE',''
  ) );
#182 = PCURVE('',#183,#188);
#183 = PLANE('',#184);
#184 = AXIS2_PLACEMENT_3D('',#185,#186,#187);
#185 = CARTESIAN_POINT('',(46.6508562827,249.4,-103.9418539835));
#186 = DIRECTION('',(0.,1.,0.));
#187 = DIRECTION('',(-0.409466839979,0.,0.91232500073));
#188 = DEFINITIONAL_REPRESENTATION('',(#189),#233);
#189 = B_SPLINE_CURVE_WITH_KNOTS('',3,(#190,#191,#192,#193,#194,#195,
    #196,#197,#198,#199,#200,#201,#202,#203,#204,#205,#206,#207,#208,
    #209,#210,#211,#212,#213,#214,#215,#216,#217,#218,#219,#220,#221,
    #222,#223,#224,#225,#226,#227,#228,#229,#230,#231,#232),
  .UNSPECIFIED.,.F.,.F.,(4,1,1,1,1,1,1,1,1,1,1,1,1,1,1,1,1,1,1,1,1,1,1,1
    ,1,1,1,1,1,1,1,1,1,1,1,1,1,1,1,1,4),(0.,1.675443141702E-04,
    4.815011802202E-04,8.169563210371E-04,1.255633201628E-03,
    1.972962415899E-03,3.219923128667E-03,5.239849899278E-03,
    7.966020261803E-03,1.111651762586E-02,1.446872021959E-02,
    1.791615770483E-02,2.141166571288E-02,2.493599277109E-02,
    2.848062277325E-02,3.204088597631E-02,3.561400577878E-02,
    3.919848071762E-02,4.279013226103E-02,4.637761638293E-02,
    4.995968390873E-02,5.353766105296E-02,5.711197912478E-02,
    6.068260055644E-02,6.424914351597E-02,6.781148901656E-02,
    7.136848074715E-02,7.491930389967E-02,7.846340769275E-02,
    8.200092018858E-02,8.553249767722E-02,8.905913333907E-02,
    9.257983045029E-02,9.609213760781E-02,9.959729937019E-02,
    0.103113439317,0.106634282982,0.109679715619,0.111826791859,
    0.113377350807,0.114634260092),.UNSPECIFIED.);
#190 = CARTESIAN_POINT('',(113.93073071581,-7.105427357601E-15));
#191 = CARTESIAN_POINT('',(113.93112979877,-5.588288576946E-02));
#192 = CARTESIAN_POINT('',(113.91772898811,-0.216561007327));
#193 = CARTESIAN_POINT('',(113.82940486892,-0.479204731286));
#194 = CARTESIAN_POINT('',(113.60325282503,-0.772552200328));
#195 = CARTESIAN_POINT('',(113.16825408857,-1.030364132849));
#196 = CARTESIAN_POINT('',(112.40165243248,-1.271473513555));
#197 = CARTESIAN_POINT('',(111.09238731724,-1.508650051168));
#198 = CARTESIAN_POINT('',(109.10172136316,-1.692378543889));
#199 = CARTESIAN_POINT('',(106.47156286666,-1.808097359122));
#200 = CARTESIAN_POINT('',(103.39527449441,-1.851883870278));
#201 = CARTESIAN_POINT('',(100.07848894317,-1.835477029531));
#202 = CARTESIAN_POINT('',(96.647214841136,-1.776907709381));
#203 = CARTESIAN_POINT('',(93.159255003953,-1.686779786144));
#204 = CARTESIAN_POINT('',(89.63960546715,-1.572424457541));
#205 = CARTESIAN_POINT('',(86.098974050235,-1.440666210581));
#206 = CARTESIAN_POINT('',(82.54254417908,-1.296717976567));
#207 = CARTESIAN_POINT('',(78.973173725785,-1.144351894887));
#208 = CARTESIAN_POINT('',(75.393541122102,-0.987162469237));
#209 = CARTESIAN_POINT('',(71.809078889749,-0.830819461922));
#210 = CARTESIAN_POINT('',(68.225363278954,-0.675774179627));
#211 = CARTESIAN_POINT('',(64.646039360448,-0.524700625344));
#212 = CARTESIAN_POINT('',(61.0708714462,-0.379323471576));
#213 = CARTESIAN_POINT('',(57.499278841612,-0.240036641962));
#214 = CARTESIAN_POINT('',(53.931211688351,-0.108328082706));
#215 = CARTESIAN_POINT('',(50.366823323814,1.459260131463E-02));
#216 = CARTESIAN_POINT('',(46.806652847398,0.127643413333));
#217 = CARTESIAN_POINT('',(43.251383195967,0.229454761375));
#218 = CARTESIAN_POINT('',(39.701831928077,0.317738159094));
#219 = CARTESIAN_POINT('',(36.15842602281,0.390794783541));
#220 = CARTESIAN_POINT('',(32.62110913153,0.446030735416));
#221 = CARTESIAN_POINT('',(29.089355016657,0.481204966302));
#222 = CARTESIAN_POINT('',(25.563055140081,0.494777955041));
#223 = CARTESIAN_POINT('',(22.04316131919,0.486240585604));
#224 = CARTESIAN_POINT('',(18.530557527,0.453851294193));
#225 = CARTESIAN_POINT('',(15.019831366785,0.393319799876));
#226 = CARTESIAN_POINT('',(11.506977806453,0.299482403927));
#227 = CARTESIAN_POINT('',(8.148364131858,0.176861117164));
#228 = CARTESIAN_POINT('',(5.246744522503,4.797834855397E-02));
#229 = CARTESIAN_POINT('',(3.002009272327,-6.739904699924E-02));
#230 = CARTESIAN_POINT('',(1.35293108067,-0.157076502672));
#231 = CARTESIAN_POINT('',(0.418411263236,-0.206447258801));
#232 = CARTESIAN_POINT('',(-1.139260709238E-05,-0.227861951334));
#233 = ( GEOMETRIC_REPRESENTATION_CONTEXT(2) 
PARAMETRIC_REPRESENTATION_CONTEXT() REPRESENTATION_CONTEXT('2D SPACE',''
  ) );
#234 = ORIENTED_EDGE('',*,*,#235,.T.);
#235 = EDGE_CURVE('',#42,#236,#238,.T.);
#236 = VERTEX_POINT('',#237);
#237 = CARTESIAN_POINT('',(56.626803044228,404.2,-103.3732874526));
#238 = SURFACE_CURVE('',#239,(#242,#248),.PCURVE_S1.);
#239 = B_SPLINE_CURVE_WITH_KNOTS('',1,(#240,#241),.UNSPECIFIED.,.F.,.F.,
  (2,2),(0.,1.),.PIECEWISE_BEZIER_KNOTS.);
#240 = CARTESIAN_POINT('',(46.442976792677,249.4,-104.0351662904));
#241 = CARTESIAN_POINT('',(56.626803044228,404.2,-103.3732874526));
#242 = PCURVE('',#90,#243);
#243 = DEFINITIONAL_REPRESENTATION('',(#244),#247);
#244 = B_SPLINE_CURVE_WITH_KNOTS('',1,(#245,#246),.UNSPECIFIED.,.F.,.F.,
  (2,2),(0.,1.),.PIECEWISE_BEZIER_KNOTS.);
#245 = CARTESIAN_POINT('',(0.118594594261,0.));
#246 = CARTESIAN_POINT('',(0.118594594261,1.));
#247 = ( GEOMETRIC_REPRESENTATION_CONTEXT(2) 
PARAMETRIC_REPRESENTATION_CONTEXT() REPRESENTATION_CONTEXT('2D SPACE',''
  ) );
#248 = PCURVE('',#249,#254);
#249 = B_SPLINE_SURFACE_WITH_KNOTS('',1,1,(
    (#250,#251)
    ,(#252,#253
    )),.UNSPECIFIED.,.F.,.F.,.F.,(2,2),(2,2),(0.,2.357340264431E-04),(0.
    ,1.),.PIECEWISE_BEZIER_KNOTS.);
#250 = CARTESIAN_POINT('',(46.442976792677,249.4,-104.0351662904));
#251 = CARTESIAN_POINT('',(56.626803044228,404.2,-103.3732874526));
#252 = CARTESIAN_POINT('',(46.6508562827,249.4,-103.9418539835));
#253 = CARTESIAN_POINT('',(56.833317025643,404.2,-103.2596102486));
#254 = DEFINITIONAL_REPRESENTATION('',(#255),#258);
#255 = B_SPLINE_CURVE_WITH_KNOTS('',1,(#256,#257),.UNSPECIFIED.,.F.,.F.,
  (2,2),(0.,1.),.PIECEWISE_BEZIER_KNOTS.);
#256 = CARTESIAN_POINT('',(0.,0.));
#257 = CARTESIAN_POINT('',(0.,1.));
#258 = ( GEOMETRIC_REPRESENTATION_CONTEXT(2) 
PARAMETRIC_REPRESENTATION_CONTEXT() REPRESENTATION_CONTEXT('2D SPACE',''
  ) );
#259 = ORIENTED_EDGE('',*,*,#260,.F.);
#260 = EDGE_CURVE('',#261,#236,#263,.T.);
#261 = VERTEX_POINT('',#262);
#262 = CARTESIAN_POINT('',(0.,404.2,0.));
#263 = SURFACE_CURVE('',#264,(#308,#314),.PCURVE_S1.);
#264 = B_SPLINE_CURVE_WITH_KNOTS('',3,(#265,#266,#267,#268,#269,#270,
    #271,#272,#273,#274,#275,#276,#277,#278,#279,#280,#281,#282,#283,
    #284,#285,#286,#287,#288,#289,#290,#291,#292,#293,#294,#295,#296,
    #297,#298,#299,#300,#301,#302,#303,#304,#305,#306,#307),
  .UNSPECIFIED.,.F.,.F.,(4,1,1,1,1,1,1,1,1,1,1,1,1,1,1,1,1,1,1,1,1,1,1,1
    ,1,1,1,1,1,1,1,1,1,1,1,1,1,1,1,1,4),(0.,1.733325616951E-04,
    4.981358719341E-04,8.451801699132E-04,1.299012267086E-03,
    2.041123456619E-03,3.331163621501E-03,5.420873936772E-03,
    8.241226837997E-03,1.1500566204E-02,1.496857922354E-02,
    1.853511726788E-02,2.215138655438E-02,2.579747051895E-02,
    2.946455884468E-02,3.314782046028E-02,3.684438283945E-02,
    4.055269264727E-02,4.426842699384E-02,4.797984994465E-02,
    5.168566916917E-02,5.538725669942E-02,5.908505874523E-02,
    6.277903644097E-02,6.646879476331E-02,7.015421061475E-02,
    7.383408773648E-02,7.75075831708E-02,8.117412710822E-02,
    8.483385203513E-02,8.848743691482E-02,9.213590923965E-02,
    9.577823785142E-02,9.941188665704E-02,0.103038143212,0.10667575722,
    0.110318237448,0.113468882358,0.115690134847,0.117294261825,
    0.118594594261),.UNSPECIFIED.);
#265 = CARTESIAN_POINT('',(0.,404.2,0.));
#266 = CARTESIAN_POINT('',(-5.084779300532E-02,404.2,-2.75149697792E-02)
  );
#267 = CARTESIAN_POINT('',(-0.189791408901,404.2,-0.119813448341));
#268 = CARTESIAN_POINT('',(-0.383775382884,404.2,-0.33088229694));
#269 = CARTESIAN_POINT('',(-0.536833073333,404.2,-0.682185947534));
#270 = CARTESIAN_POINT('',(-0.553502312285,404.2,-1.205048452724));
#271 = CARTESIAN_POINT('',(-0.389616289994,404.2,-2.020122959063));
#272 = CARTESIAN_POINT('',(4.85369827672E-02,404.2,-3.325071447773));
#273 = CARTESIAN_POINT('',(0.875042843993,404.2,-5.220936495506));
#274 = CARTESIAN_POINT('',(2.082193461176,404.2,-7.662471133306));
#275 = CARTESIAN_POINT('',(3.577086833457,404.2,-10.47246689994));
#276 = CARTESIAN_POINT('',(5.246505501501,404.2,-13.47040719201));
#277 = CARTESIAN_POINT('',(7.011249155394,404.2,-16.55108029476));
#278 = CARTESIAN_POINT('',(8.832872699116,404.2,-19.66738703909));
#279 = CARTESIAN_POINT('',(10.692262551834,404.2,-22.80032970079));
#280 = CARTESIAN_POINT('',(12.577891930903,404.2,-25.9436077231));
#281 = CARTESIAN_POINT('',(14.48245045979,404.2,-29.09512360031));
#282 = CARTESIAN_POINT('',(16.401093686161,404.2,-32.25416883556));
#283 = CARTESIAN_POINT('',(18.329227667644,404.2,-35.4201089534));
#284 = CARTESIAN_POINT('',(20.259003725752,404.2,-38.59084856944));
#285 = CARTESIAN_POINT('',(22.187231162533,404.2,-41.76155885332));
#286 = CARTESIAN_POINT('',(24.109668120113,404.2,-44.93027004569));
#287 = CARTESIAN_POINT('',(26.024869035235,404.2,-48.09805609659));
#288 = CARTESIAN_POINT('',(27.932766554684,404.2,-51.26563981613));
#289 = CARTESIAN_POINT('',(29.832036969486,404.2,-54.43380864131));
#290 = CARTESIAN_POINT('',(31.721507479288,404.2,-57.60302699728));
#291 = CARTESIAN_POINT('',(33.599928505767,404.2,-60.77334602275));
#292 = CARTESIAN_POINT('',(35.465718060469,404.2,-63.94482995553));
#293 = CARTESIAN_POINT('',(37.316394172366,404.2,-67.11787940302));
#294 = CARTESIAN_POINT('',(39.150204141093,404.2,-70.29295482086));
#295 = CARTESIAN_POINT('',(40.964825129352,404.2,-73.47140122316));
#296 = CARTESIAN_POINT('',(42.758488501433,404.2,-76.65481348518));
#297 = CARTESIAN_POINT('',(44.52985307596,404.2,-79.84405795522));
#298 = CARTESIAN_POINT('',(46.277982616843,404.2,-83.03852593413));
#299 = CARTESIAN_POINT('',(48.000857718815,404.2,-86.23828500805));
#300 = CARTESIAN_POINT('',(49.697289867792,404.2,-89.45038079907));
#301 = CARTESIAN_POINT('',(51.364596887882,404.2,-92.68101907955));
#302 = CARTESIAN_POINT('',(52.928874834103,404.2,-95.78622266471));
#303 = CARTESIAN_POINT('',(54.259510403097,404.2,-98.48035920953));
#304 = CARTESIAN_POINT('',(55.274705552718,404.2,-100.5724002738));
#305 = CARTESIAN_POINT('',(56.016055353734,404.2,-102.1117552617));
#306 = CARTESIAN_POINT('',(56.437485600988,404.2,-102.9833730889));
#307 = CARTESIAN_POINT('',(56.626803044228,404.2,-103.3732874526));
#308 = PCURVE('',#90,#309);
#309 = DEFINITIONAL_REPRESENTATION('',(#310),#313);
#310 = B_SPLINE_CURVE_WITH_KNOTS('',1,(#311,#312),.UNSPECIFIED.,.F.,.F.,
  (2,2),(0.,0.118594594261),.PIECEWISE_BEZIER_KNOTS.);
#311 = CARTESIAN_POINT('',(0.,1.));
#312 = CARTESIAN_POINT('',(0.118594594261,1.));
#313 = ( GEOMETRIC_REPRESENTATION_CONTEXT(2) 
PARAMETRIC_REPRESENTATION_CONTEXT() REPRESENTATION_CONTEXT('2D SPACE',''
  ) );
#314 = PCURVE('',#315,#402);
#315 = B_SPLINE_SURFACE_WITH_KNOTS('',3,1,(
    (#316,#317)
    ,(#318,#319)
    ,(#320,#321)
    ,(#322,#323)
    ,(#324,#325)
    ,(#326,#327)
    ,(#328,#329)
    ,(#330,#331)
    ,(#332,#333)
    ,(#334,#335)
    ,(#336,#337)
    ,(#338,#339)
    ,(#340,#341)
    ,(#342,#343)
    ,(#344,#345)
    ,(#346,#347)
    ,(#348,#349)
    ,(#350,#351)
    ,(#352,#353)
    ,(#354,#355)
    ,(#356,#357)
    ,(#358,#359)
    ,(#360,#361)
    ,(#362,#363)
    ,(#364,#365)
    ,(#366,#367)
    ,(#368,#369)
    ,(#370,#371)
    ,(#372,#373)
    ,(#374,#375)
    ,(#376,#377)
    ,(#378,#379)
    ,(#380,#381)
    ,(#382,#383)
    ,(#384,#385)
    ,(#386,#387)
    ,(#388,#389)
    ,(#390,#391)
    ,(#392,#393)
    ,(#394,#395)
    ,(#396,#397)
    ,(#398,#399)
    ,(#400,#401
    )),.UNSPECIFIED.,.F.,.F.,.F.,(4,1,1,1,1,1,1,1,1,1,1,1,1,1,1,1,1,1,1,
    1,1,1,1,1,1,1,1,1,1,1,1,1,1,1,1,1,1,1,1,1,4),(2,2),(0.,
    1.742167178453E-04,5.006768249466E-04,8.494913693667E-04,
    1.305638429383E-03,2.051535071377E-03,3.348155632549E-03,
    5.448525400431E-03,8.283264706259E-03,1.155922971327E-02,
    1.504493280218E-02,1.862966348451E-02,2.226437908426E-02,
    2.592906144449E-02,2.96148553075E-02,3.331690495911E-02,
    3.703232322047E-02,4.07595488332E-02,4.44942368567E-02,
    4.822459149234E-02,5.194931381751E-02,5.566978286285E-02,
    5.938644711429E-02,6.309926750794E-02,6.680784700549E-02,
    7.051206188153E-02,7.421070977522E-02,7.790294342901E-02,
    8.158819012683E-02,8.52665830309E-02,8.893880456784E-02,
    9.260588747116E-02,9.626679532281E-02,9.991897909328E-02,
    0.103563732905,0.107219902104,0.110880962346,0.114047678455,
    0.116280261383,0.11789257089,0.119199536223),(0.,1.),.UNSPECIFIED.);
#316 = CARTESIAN_POINT('',(0.,404.2,0.));
#317 = CARTESIAN_POINT('',(0.,559.,0.));
#318 = CARTESIAN_POINT('',(-5.084779300532E-02,404.2,-2.75149697792E-02)
  );
#319 = CARTESIAN_POINT('',(-4.875602576895E-02,559.,-3.161659284561E-02)
  );
#320 = CARTESIAN_POINT('',(-0.189791408901,404.2,-0.119813448341));
#321 = CARTESIAN_POINT('',(-0.180621402434,559.,-0.135156167849));
#322 = CARTESIAN_POINT('',(-0.383775382884,404.2,-0.33088229694));
#323 = CARTESIAN_POINT('',(-0.358178365686,559.,-0.362078820443));
#324 = CARTESIAN_POINT('',(-0.536833073333,404.2,-0.682185947534));
#325 = CARTESIAN_POINT('',(-0.483564964398,559.,-0.726250458053));
#326 = CARTESIAN_POINT('',(-0.553502312285,404.2,-1.205048452724));
#327 = CARTESIAN_POINT('',(-0.458639743612,559.,-1.251455927866));
#328 = CARTESIAN_POINT('',(-0.389616289994,404.2,-2.020122959063));
#329 = CARTESIAN_POINT('',(-0.229544478145,559.,-2.055066525015));
#330 = CARTESIAN_POINT('',(4.85369827672E-02,404.2,-3.325071447773));
#331 = CARTESIAN_POINT('',(0.313351430965,559.,-3.32766754114));
#332 = CARTESIAN_POINT('',(0.875042843993,404.2,-5.220936495506));
#333 = CARTESIAN_POINT('',(1.29239931839,559.,-5.161415150362));
#334 = CARTESIAN_POINT('',(2.082193461176,404.2,-7.662471133306));
#335 = CARTESIAN_POINT('',(2.696274112353,559.,-7.51158811985));
#336 = CARTESIAN_POINT('',(3.577086833457,404.2,-10.47246689994));
#337 = CARTESIAN_POINT('',(4.417785149653,559.,-10.20802993122));
#338 = CARTESIAN_POINT('',(5.246505501501,404.2,-13.47040719201));
#339 = CARTESIAN_POINT('',(6.329123465335,559.,-13.07888687866));
#340 = CARTESIAN_POINT('',(7.011249155394,404.2,-16.55108029476));
#341 = CARTESIAN_POINT('',(8.342558611841,559.,-16.02504823505));
#342 = CARTESIAN_POINT('',(8.832872699116,404.2,-19.66738703909));
#343 = CARTESIAN_POINT('',(10.415821074512,559.,-19.00238406592));
#344 = CARTESIAN_POINT('',(10.692262551834,404.2,-22.80032970079));
#345 = CARTESIAN_POINT('',(12.528247663852,559.,-21.99338143295));
#346 = CARTESIAN_POINT('',(12.577891930903,404.2,-25.9436077231));
#347 = CARTESIAN_POINT('',(14.667787593252,559.,-24.99264522404));
#348 = CARTESIAN_POINT('',(14.48245045979,404.2,-29.09512360031));
#349 = CARTESIAN_POINT('',(16.826949293338,559.,-27.99865586195));
#350 = CARTESIAN_POINT('',(16.401093686161,404.2,-32.25416883556));
#351 = CARTESIAN_POINT('',(19.00082249366,559.,-31.01108915646));
#352 = CARTESIAN_POINT('',(18.329227667644,404.2,-35.4201089534));
#353 = CARTESIAN_POINT('',(21.184753813539,559.,-34.02967513865));
#354 = CARTESIAN_POINT('',(20.259003725752,404.2,-38.59084856944));
#355 = CARTESIAN_POINT('',(23.370712504666,559.,-37.05293921271));
#356 = CARTESIAN_POINT('',(22.187231162533,404.2,-41.76155885332));
#357 = CARTESIAN_POINT('',(25.555117230414,559.,-40.0762971886));
#358 = CARTESIAN_POINT('',(24.109668120113,404.2,-44.93027004569));
#359 = CARTESIAN_POINT('',(27.733561072218,559.,-43.0981131885));
#360 = CARTESIAN_POINT('',(26.024869035235,404.2,-48.09805609659));
#361 = CARTESIAN_POINT('',(29.904681159015,559.,-46.11957833521));
#362 = CARTESIAN_POINT('',(27.932766554684,404.2,-51.26563981613));
#363 = CARTESIAN_POINT('',(32.068467552081,559.,-49.1414222054));
#364 = CARTESIAN_POINT('',(29.832036969486,404.2,-54.43380864131));
#365 = CARTESIAN_POINT('',(34.223656661116,559.,-52.1645391509));
#366 = CARTESIAN_POINT('',(31.721507479288,404.2,-57.60302699728));
#367 = CARTESIAN_POINT('',(36.369110381586,559.,-55.1894878698));
#368 = CARTESIAN_POINT('',(33.599928505767,404.2,-60.77334602275));
#369 = CARTESIAN_POINT('',(38.503580778685,559.,-58.2164190833));
#370 = CARTESIAN_POINT('',(35.465718060469,404.2,-63.94482995553));
#371 = CARTESIAN_POINT('',(40.625487904499,559.,-61.24552310146));
#372 = CARTESIAN_POINT('',(37.316394172366,404.2,-67.11787940302));
#373 = CARTESIAN_POINT('',(42.73237685948,559.,-64.27739890809));
#374 = CARTESIAN_POINT('',(39.150204141093,404.2,-70.29295482086));
#375 = CARTESIAN_POINT('',(44.822528196367,559.,-67.31264739184));
#376 = CARTESIAN_POINT('',(40.964825129352,404.2,-73.47140122316));
#377 = CARTESIAN_POINT('',(46.893721645923,559.,-70.35280110896));
#378 = CARTESIAN_POINT('',(42.758488501433,404.2,-76.65481348518));
#379 = CARTESIAN_POINT('',(48.944312109546,559.,-73.39959884043));
#380 = CARTESIAN_POINT('',(44.52985307596,404.2,-79.84405795522));
#381 = CARTESIAN_POINT('',(50.973024772989,559.,-76.45401539377));
#382 = CARTESIAN_POINT('',(46.277982616843,404.2,-83.03852593413));
#383 = CARTESIAN_POINT('',(52.978873120556,559.,-79.51551542409));
#384 = CARTESIAN_POINT('',(48.000857718815,404.2,-86.23828500805));
#385 = CARTESIAN_POINT('',(54.959839204233,559.,-82.5843274205));
#386 = CARTESIAN_POINT('',(49.697289867792,404.2,-89.45038079907));
#387 = CARTESIAN_POINT('',(56.915293126494,559.,-85.66760531565));
#388 = CARTESIAN_POINT('',(51.364596887882,404.2,-92.68101907955));
#389 = CARTESIAN_POINT('',(58.8430415627,559.,-88.77178047617));
#390 = CARTESIAN_POINT('',(52.928874834103,404.2,-95.78622266471));
#391 = CARTESIAN_POINT('',(60.657574470808,559.,-91.75847972597));
#392 = CARTESIAN_POINT('',(54.259510403097,404.2,-98.48035920953));
#393 = CARTESIAN_POINT('',(62.205284624925,559.,-94.35191432986));
#394 = CARTESIAN_POINT('',(55.274705552718,404.2,-100.5724002738));
#395 = CARTESIAN_POINT('',(63.38900663936,559.,-96.36719691606));
#396 = CARTESIAN_POINT('',(56.016055353734,404.2,-102.1117552617));
#397 = CARTESIAN_POINT('',(64.25435004921,559.,-97.85052136257));
#398 = CARTESIAN_POINT('',(56.437485600988,404.2,-102.9833730889));
#399 = CARTESIAN_POINT('',(64.745991527048,559.,-98.6902811748));
#400 = CARTESIAN_POINT('',(56.626803044228,404.2,-103.3732874526));
#401 = CARTESIAN_POINT('',(64.966719192185,559.,-99.06588090389));
#402 = DEFINITIONAL_REPRESENTATION('',(#403),#406);
#403 = B_SPLINE_CURVE_WITH_KNOTS('',1,(#404,#405),.UNSPECIFIED.,.F.,.F.,
  (2,2),(0.,0.118594594261),.PIECEWISE_BEZIER_KNOTS.);
#404 = CARTESIAN_POINT('',(0.,0.));
#405 = CARTESIAN_POINT('',(0.119199536223,0.));
#406 = ( GEOMETRIC_REPRESENTATION_CONTEXT(2) 
PARAMETRIC_REPRESENTATION_CONTEXT() REPRESENTATION_CONTEXT('2D SPACE',''
  ) );
#407 = ORIENTED_EDGE('',*,*,#408,.F.);
#408 = EDGE_CURVE('',#40,#261,#409,.T.);
#409 = SURFACE_CURVE('',#410,(#413),.PCURVE_S1.);
#410 = B_SPLINE_CURVE_WITH_KNOTS('',1,(#411,#412),.UNSPECIFIED.,.F.,.F.,
  (2,2),(0.,1.),.PIECEWISE_BEZIER_KNOTS.);
#411 = CARTESIAN_POINT('',(0.,249.4,0.));
#412 = CARTESIAN_POINT('',(0.,404.2,0.));
#413 = PCURVE('',#90,#414);
#414 = DEFINITIONAL_REPRESENTATION('',(#415),#418);
#415 = B_SPLINE_CURVE_WITH_KNOTS('',1,(#416,#417),.UNSPECIFIED.,.F.,.F.,
  (2,2),(0.,1.),.PIECEWISE_BEZIER_KNOTS.);
#416 = CARTESIAN_POINT('',(0.,0.));
#417 = CARTESIAN_POINT('',(0.,1.));
#418 = ( GEOMETRIC_REPRESENTATION_CONTEXT(2) 
PARAMETRIC_REPRESENTATION_CONTEXT() REPRESENTATION_CONTEXT('2D SPACE',''
  ) );
#419 = ADVANCED_FACE('',(#420),#249,.F.);
#420 = FACE_BOUND('',#421,.F.);
#421 = EDGE_LOOP('',(#422,#444,#547,#571));
#422 = ORIENTED_EDGE('',*,*,#423,.T.);
#423 = EDGE_CURVE('',#42,#424,#426,.T.);
#424 = VERTEX_POINT('',#425);
#425 = CARTESIAN_POINT('',(46.6508562827,249.4,-103.9418539835));
#426 = SURFACE_CURVE('',#427,(#431,#437),.PCURVE_S1.);
#427 = LINE('',#428,#429);
#428 = CARTESIAN_POINT('',(46.442976792677,249.4,-104.0351662904));
#429 = VECTOR('',#430,1.);
#430 = DIRECTION('',(0.912304527129,0.,0.409512453753));
#431 = PCURVE('',#249,#432);
#432 = DEFINITIONAL_REPRESENTATION('',(#433),#436);
#433 = B_SPLINE_CURVE_WITH_KNOTS('',1,(#434,#435),.UNSPECIFIED.,.F.,.F.,
  (2,2),(0.,0.227861951619),.PIECEWISE_BEZIER_KNOTS.);
#434 = CARTESIAN_POINT('',(0.,0.));
#435 = CARTESIAN_POINT('',(2.278619516192E-04,0.));
#436 = ( GEOMETRIC_REPRESENTATION_CONTEXT(2) 
PARAMETRIC_REPRESENTATION_CONTEXT() REPRESENTATION_CONTEXT('2D SPACE',''
  ) );
#437 = PCURVE('',#183,#438);
#438 = DEFINITIONAL_REPRESENTATION('',(#439),#443);
#439 = LINE('',#440,#441);
#440 = CARTESIAN_POINT('',(-1.139260710274E-05,-0.227861951334));
#441 = VECTOR('',#442,1.);
#442 = DIRECTION('',(4.999784750492E-05,0.99999999875));
#443 = ( GEOMETRIC_REPRESENTATION_CONTEXT(2) 
PARAMETRIC_REPRESENTATION_CONTEXT() REPRESENTATION_CONTEXT('2D SPACE',''
  ) );
#444 = ORIENTED_EDGE('',*,*,#445,.T.);
#445 = EDGE_CURVE('',#424,#446,#448,.T.);
#446 = VERTEX_POINT('',#447);
#447 = CARTESIAN_POINT('',(56.833317025643,404.2,-103.2596102486));
#448 = SURFACE_CURVE('',#449,(#452,#458),.PCURVE_S1.);
#449 = B_SPLINE_CURVE_WITH_KNOTS('',1,(#450,#451),.UNSPECIFIED.,.F.,.F.,
  (2,2),(0.,1.),.PIECEWISE_BEZIER_KNOTS.);
#450 = CARTESIAN_POINT('',(46.6508562827,249.4,-103.9418539835));
#451 = CARTESIAN_POINT('',(56.833317025643,404.2,-103.2596102486));
#452 = PCURVE('',#249,#453);
#453 = DEFINITIONAL_REPRESENTATION('',(#454),#457);
#454 = B_SPLINE_CURVE_WITH_KNOTS('',1,(#455,#456),.UNSPECIFIED.,.F.,.F.,
  (2,2),(0.,1.),.PIECEWISE_BEZIER_KNOTS.);
#455 = CARTESIAN_POINT('',(2.357340264431E-04,0.));
#456 = CARTESIAN_POINT('',(2.357340264431E-04,1.));
#457 = ( GEOMETRIC_REPRESENTATION_CONTEXT(2) 
PARAMETRIC_REPRESENTATION_CONTEXT() REPRESENTATION_CONTEXT('2D SPACE',''
  ) );
#458 = PCURVE('',#459,#542);
#459 = B_SPLINE_SURFACE_WITH_KNOTS('',3,1,(
    (#460,#461)
    ,(#462,#463)
    ,(#464,#465)
    ,(#466,#467)
    ,(#468,#469)
    ,(#470,#471)
    ,(#472,#473)
    ,(#474,#475)
    ,(#476,#477)
    ,(#478,#479)
    ,(#480,#481)
    ,(#482,#483)
    ,(#484,#485)
    ,(#486,#487)
    ,(#488,#489)
    ,(#490,#491)
    ,(#492,#493)
    ,(#494,#495)
    ,(#496,#497)
    ,(#498,#499)
    ,(#500,#501)
    ,(#502,#503)
    ,(#504,#505)
    ,(#506,#507)
    ,(#508,#509)
    ,(#510,#511)
    ,(#512,#513)
    ,(#514,#515)
    ,(#516,#517)
    ,(#518,#519)
    ,(#520,#521)
    ,(#522,#523)
    ,(#524,#525)
    ,(#526,#527)
    ,(#528,#529)
    ,(#530,#531)
    ,(#532,#533)
    ,(#534,#535)
    ,(#536,#537)
    ,(#538,#539)
    ,(#540,#541
    )),.UNSPECIFIED.,.F.,.F.,.F.,(4,1,1,1,1,1,1,1,1,1,1,1,1,1,1,1,1,1,1,
    1,1,1,1,1,1,1,1,1,1,1,1,1,1,1,1,1,1,1,4),(2,2),(0.,
    1.299560678877E-03,2.900209759753E-03,5.104254572632E-03,
    8.207762833579E-03,1.180635889242E-02,1.551386716995E-02,
    1.921920473862E-02,2.290329589385E-02,2.656388613288E-02,
    3.020059113899E-02,3.381210419204E-02,3.739695945845E-02,
    4.095822425557E-02,4.450294020558E-02,4.804197683405E-02,
    5.158135848476E-02,5.512518974872E-02,5.867325179894E-02,
    6.222372604329E-02,6.577392078797E-02,6.931879521803E-02,
    7.285700695667E-02,7.638770476217E-02,7.990779004889E-02,
    8.341459326929E-02,8.690551170081E-02,9.037626825669E-02,
    9.381859968015E-02,9.722379896657E-02,0.100578505111,0.103862047837,
    0.107044069167,0.110081158462,0.112895746404,0.115372694451,
    0.117377746103,0.118839955968,0.119814421012),(0.,1.),
  .UNSPECIFIED.);
#460 = CARTESIAN_POINT('',(46.6508562827,249.4,-103.9418539835));
#461 = CARTESIAN_POINT('',(56.833317025643,404.2,-103.2596102486));
#462 = CARTESIAN_POINT('',(46.553813102217,249.4,-103.5345328953));
#463 = CARTESIAN_POINT('',(56.699041648401,404.2,-102.8477589043));
#464 = CARTESIAN_POINT('',(46.335837091969,249.4,-102.6258580991));
#465 = CARTESIAN_POINT('',(56.39795967685,404.2,-101.9291026198));
#466 = CARTESIAN_POINT('',(45.949506772809,249.4,-101.0272758383));
#467 = CARTESIAN_POINT('',(55.865336605445,404.2,-100.3132004243));
#468 = CARTESIAN_POINT('',(45.433203363412,249.4,-98.8621437968));
#469 = CARTESIAN_POINT('',(55.151109399117,404.2,-98.12402679087));
#470 = CARTESIAN_POINT('',(44.777655254076,249.4,-96.06843482323));
#471 = CARTESIAN_POINT('',(54.240508124017,404.2,-95.29840223065));
#472 = CARTESIAN_POINT('',(44.02903807034,249.4,-92.79903830623));
#473 = CARTESIAN_POINT('',(53.193987186586,404.2,-91.99009766391));
#474 = CARTESIAN_POINT('',(43.245325883916,249.4,-89.33877178173));
#475 = CARTESIAN_POINT('',(52.095247432008,404.2,-88.48792846103));
#476 = CARTESIAN_POINT('',(42.454437633988,249.4,-85.85188385684));
#477 = CARTESIAN_POINT('',(50.986872267036,404.2,-84.9589117855));
#478 = CARTESIAN_POINT('',(41.655984466793,249.4,-82.38221948328));
#479 = CARTESIAN_POINT('',(49.872143280026,404.2,-81.44829025328));
#480 = CARTESIAN_POINT('',(40.843845773133,249.4,-78.93844321229));
#481 = CARTESIAN_POINT('',(48.745477049485,404.2,-77.96551223647));
#482 = CARTESIAN_POINT('',(40.01600357566,249.4,-75.52244839737));
#483 = CARTESIAN_POINT('',(47.604951796541,404.2,-74.51269952387));
#484 = CARTESIAN_POINT('',(39.161253678905,249.4,-72.1382119217));
#485 = CARTESIAN_POINT('',(46.439348530143,404.2,-71.09489385219));
#486 = CARTESIAN_POINT('',(38.27352792778,249.4,-68.78760754622));
#487 = CARTESIAN_POINT('',(45.242567555816,404.2,-67.71453698309));
#488 = CARTESIAN_POINT('',(37.352240428743,249.4,-65.46839380333));
#489 = CARTESIAN_POINT('',(44.01381647826,404.2,-64.36936687578));
#490 = CARTESIAN_POINT('',(36.390434819005,249.4,-62.1760467681));
#491 = CARTESIAN_POINT('',(42.745542399952,404.2,-61.05530303067));
#492 = CARTESIAN_POINT('',(35.383405253746,249.4,-58.90461280865));
#493 = CARTESIAN_POINT('',(41.432392924231,404.2,-57.76660170931));
#494 = CARTESIAN_POINT('',(34.32847588866,249.4,-55.64862575519));
#495 = CARTESIAN_POINT('',(40.071149796057,404.2,-54.49785131102));
#496 = CARTESIAN_POINT('',(33.229831887125,249.4,-52.4040651424));
#497 = CARTESIAN_POINT('',(38.665790793681,404.2,-51.24455469033));
#498 = CARTESIAN_POINT('',(32.084357427932,249.4,-49.17193091748));
#499 = CARTESIAN_POINT('',(37.213187078301,404.2,-48.00800462391));
#500 = CARTESIAN_POINT('',(30.891210323499,249.4,-45.95489323694));
#501 = CARTESIAN_POINT('',(35.712694509997,404.2,-44.79102513253));
#502 = CARTESIAN_POINT('',(29.648928187795,249.4,-42.75759383961));
#503 = CARTESIAN_POINT('',(34.163195035728,404.2,-41.59852529027));
#504 = CARTESIAN_POINT('',(28.356363773517,249.4,-39.58453454264));
#505 = CARTESIAN_POINT('',(32.563883800193,404.2,-38.43524342481));
#506 = CARTESIAN_POINT('',(27.011274242801,249.4,-36.44019365588));
#507 = CARTESIAN_POINT('',(30.912824274638,404.2,-35.30598564362));
#508 = CARTESIAN_POINT('',(25.612612232639,249.4,-33.32804810975));
#509 = CARTESIAN_POINT('',(29.209228517224,404.2,-32.21442509103));
#510 = CARTESIAN_POINT('',(24.158338393033,249.4,-30.25265896536));
#511 = CARTESIAN_POINT('',(27.451376772453,404.2,-29.16543611103));
#512 = CARTESIAN_POINT('',(22.647306044245,249.4,-27.21904631168));
#513 = CARTESIAN_POINT('',(25.638508300035,404.2,-26.16429139059));
#514 = CARTESIAN_POINT('',(21.079316221059,249.4,-24.23238795798));
#515 = CARTESIAN_POINT('',(23.770852825917,404.2,-23.2163466484));
#516 = CARTESIAN_POINT('',(19.453801932935,249.4,-21.30032662215));
#517 = CARTESIAN_POINT('',(21.848467621438,404.2,-20.32953016119));
#518 = CARTESIAN_POINT('',(17.770674593084,249.4,-18.43287412013));
#519 = CARTESIAN_POINT('',(19.872102236727,404.2,-17.51417287851));
#520 = CARTESIAN_POINT('',(16.030761974283,249.4,-15.64339984546));
#521 = CARTESIAN_POINT('',(17.843733113825,404.2,-14.78399089209));
#522 = CARTESIAN_POINT('',(14.235814931283,249.4,-12.95015496467));
#523 = CARTESIAN_POINT('',(15.766698535925,404.2,-12.15765651877));
#524 = CARTESIAN_POINT('',(12.391232654167,249.4,-10.37844965817));
#525 = CARTESIAN_POINT('',(13.64869159175,404.2,-9.660814429658));
#526 = CARTESIAN_POINT('',(10.508134779361,249.4,-7.963039235085));
#527 = CARTESIAN_POINT('',(11.504097206991,404.2,-7.328368013644));
#528 = CARTESIAN_POINT('',(8.610134647625,249.4,-5.754493961774));
#529 = CARTESIAN_POINT('',(9.361511274403,404.2,-5.210478627272));
#530 = CARTESIAN_POINT('',(6.746251727441,249.4,-3.821720840747));
#531 = CARTESIAN_POINT('',(7.277266878433,404.2,-3.3740813654));
#532 = CARTESIAN_POINT('',(4.997335987691,249.4,-2.24607578405));
#533 = CARTESIAN_POINT('',(5.341564154904,404.2,-1.896274347044));
#534 = CARTESIAN_POINT('',(3.464081427825,249.4,-1.0955013419));
#535 = CARTESIAN_POINT('',(3.663938473589,404.2,-0.838658032549));
#536 = CARTESIAN_POINT('',(2.226305844241,249.4,-0.363211745172));
#537 = CARTESIAN_POINT('',(2.326122622512,404.2,-0.187531478554));
#538 = CARTESIAN_POINT('',(1.493602766306,249.4,-8.046448807035E-02));
#539 = CARTESIAN_POINT('',(1.546860632613,404.2,4.24785071677E-02));
#540 = CARTESIAN_POINT('',(1.19056128365,249.4,8.941431652199E-03));
#541 = CARTESIAN_POINT('',(1.226875476729,404.2,0.10921533187));
#542 = DEFINITIONAL_REPRESENTATION('',(#543),#546);
#543 = B_SPLINE_CURVE_WITH_KNOTS('',1,(#544,#545),.UNSPECIFIED.,.F.,.F.,
  (2,2),(0.,1.),.PIECEWISE_BEZIER_KNOTS.);
#544 = CARTESIAN_POINT('',(0.,0.));
#545 = CARTESIAN_POINT('',(0.,1.));
#546 = ( GEOMETRIC_REPRESENTATION_CONTEXT(2) 
PARAMETRIC_REPRESENTATION_CONTEXT() REPRESENTATION_CONTEXT('2D SPACE',''
  ) );
#547 = ORIENTED_EDGE('',*,*,#548,.F.);
#548 = EDGE_CURVE('',#236,#446,#549,.T.);
#549 = SURFACE_CURVE('',#550,(#554,#560),.PCURVE_S1.);
#550 = LINE('',#551,#552);
#551 = CARTESIAN_POINT('',(56.626803044228,404.2,-103.3732874526));
#552 = VECTOR('',#553,1.);
#553 = DIRECTION('',(0.876046553529,0.,0.482226540176));
#554 = PCURVE('',#249,#555);
#555 = DEFINITIONAL_REPRESENTATION('',(#556),#559);
#556 = B_SPLINE_CURVE_WITH_KNOTS('',1,(#557,#558),.UNSPECIFIED.,.F.,.F.,
  (2,2),(0.,0.235734026443),.PIECEWISE_BEZIER_KNOTS.);
#557 = CARTESIAN_POINT('',(0.,1.));
#558 = CARTESIAN_POINT('',(2.357340264431E-04,1.));
#559 = ( GEOMETRIC_REPRESENTATION_CONTEXT(2) 
PARAMETRIC_REPRESENTATION_CONTEXT() REPRESENTATION_CONTEXT('2D SPACE',''
  ) );
#560 = PCURVE('',#561,#566);
#561 = B_SPLINE_SURFACE_WITH_KNOTS('',1,1,(
    (#562,#563)
    ,(#564,#565
    )),.UNSPECIFIED.,.F.,.F.,.F.,(2,2),(2,2),(0.,2.369364876959E-04),(0.
    ,1.),.PIECEWISE_BEZIER_KNOTS.);
#562 = CARTESIAN_POINT('',(56.626803044228,404.2,-103.3732874526));
#563 = CARTESIAN_POINT('',(64.966719192185,559.,-99.06588090389));
#564 = CARTESIAN_POINT('',(56.833317025643,404.2,-103.2596102486));
#565 = CARTESIAN_POINT('',(65.164584184541,559.,-98.93554156216));
#566 = DEFINITIONAL_REPRESENTATION('',(#567),#570);
#567 = B_SPLINE_CURVE_WITH_KNOTS('',1,(#568,#569),.UNSPECIFIED.,.F.,.F.,
  (2,2),(0.,0.235734026443),.PIECEWISE_BEZIER_KNOTS.);
#568 = CARTESIAN_POINT('',(0.,0.));
#569 = CARTESIAN_POINT('',(2.357340264431E-04,0.));
#570 = ( GEOMETRIC_REPRESENTATION_CONTEXT(2) 
PARAMETRIC_REPRESENTATION_CONTEXT() REPRESENTATION_CONTEXT('2D SPACE',''
  ) );
#571 = ORIENTED_EDGE('',*,*,#235,.F.);
#572 = ADVANCED_FACE('',(#573),#459,.F.);
#573 = FACE_BOUND('',#574,.F.);
#574 = EDGE_LOOP('',(#575,#673,#687,#827));
#575 = ORIENTED_EDGE('',*,*,#576,.T.);
#576 = EDGE_CURVE('',#424,#577,#579,.T.);
#577 = VERTEX_POINT('',#578);
#578 = CARTESIAN_POINT('',(1.19056128365,249.4,8.941431652199E-03));
#579 = SURFACE_CURVE('',#580,(#622,#628),.PCURVE_S1.);
#580 = B_SPLINE_CURVE_WITH_KNOTS('',3,(#581,#582,#583,#584,#585,#586,
    #587,#588,#589,#590,#591,#592,#593,#594,#595,#596,#597,#598,#599,
    #600,#601,#602,#603,#604,#605,#606,#607,#608,#609,#610,#611,#612,
    #613,#614,#615,#616,#617,#618,#619,#620,#621),.UNSPECIFIED.,.F.,.F.,
  (4,1,1,1,1,1,1,1,1,1,1,1,1,1,1,1,1,1,1,1,1,1,1,1,1,1,1,1,1,1,1,1,1,1,1
    ,1,1,1,4),(0.,1.256163299819E-03,2.803360490352E-03,
    4.933803685577E-03,7.933673750479E-03,1.141209870859E-02,
    1.499579888336E-02,1.857740083766E-02,2.21384658788E-02,
    2.567681479062E-02,2.919207609022E-02,3.268298669393E-02,
    3.614812971805E-02,3.959047005028E-02,4.301681416569E-02,
    4.643766861417E-02,4.985885656325E-02,5.328434553572E-02,
    5.671392401204E-02,6.014583412998E-02,6.357747408182E-02,
    6.700397138501E-02,7.042402848994E-02,7.383682258113E-02,
    7.723935854677E-02,8.062905598588E-02,8.400339909091E-02,
    8.735825360364E-02,9.068563220954E-02,9.39771186647E-02,
    9.721979813974E-02,0.10039369062,0.103469451898,0.106405120984,
    0.109125718901,0.111519952032,0.11345804722,0.114871428218,
    0.11581335209),.UNSPECIFIED.);
#581 = CARTESIAN_POINT('',(46.6508562827,249.4,-103.9418539835));
#582 = CARTESIAN_POINT('',(46.553813102217,249.4,-103.5345328953));
#583 = CARTESIAN_POINT('',(46.335837091969,249.4,-102.6258580991));
#584 = CARTESIAN_POINT('',(45.949506772809,249.4,-101.0272758383));
#585 = CARTESIAN_POINT('',(45.433203363412,249.4,-98.8621437968));
#586 = CARTESIAN_POINT('',(44.777655254076,249.4,-96.06843482323));
#587 = CARTESIAN_POINT('',(44.02903807034,249.4,-92.79903830623));
#588 = CARTESIAN_POINT('',(43.245325883916,249.4,-89.33877178173));
#589 = CARTESIAN_POINT('',(42.454437633988,249.4,-85.85188385684));
#590 = CARTESIAN_POINT('',(41.655984466793,249.4,-82.38221948328));
#591 = CARTESIAN_POINT('',(40.843845773133,249.4,-78.93844321229));
#592 = CARTESIAN_POINT('',(40.01600357566,249.4,-75.52244839737));
#593 = CARTESIAN_POINT('',(39.161253678905,249.4,-72.1382119217));
#594 = CARTESIAN_POINT('',(38.27352792778,249.4,-68.78760754622));
#595 = CARTESIAN_POINT('',(37.352240428743,249.4,-65.46839380333));
#596 = CARTESIAN_POINT('',(36.390434819005,249.4,-62.1760467681));
#597 = CARTESIAN_POINT('',(35.383405253746,249.4,-58.90461280865));
#598 = CARTESIAN_POINT('',(34.32847588866,249.4,-55.64862575519));
#599 = CARTESIAN_POINT('',(33.229831887125,249.4,-52.4040651424));
#600 = CARTESIAN_POINT('',(32.084357427932,249.4,-49.17193091748));
#601 = CARTESIAN_POINT('',(30.891210323499,249.4,-45.95489323694));
#602 = CARTESIAN_POINT('',(29.648928187795,249.4,-42.75759383961));
#603 = CARTESIAN_POINT('',(28.356363773517,249.4,-39.58453454264));
#604 = CARTESIAN_POINT('',(27.011274242801,249.4,-36.44019365588));
#605 = CARTESIAN_POINT('',(25.612612232639,249.4,-33.32804810975));
#606 = CARTESIAN_POINT('',(24.158338393033,249.4,-30.25265896536));
#607 = CARTESIAN_POINT('',(22.647306044245,249.4,-27.21904631168));
#608 = CARTESIAN_POINT('',(21.079316221059,249.4,-24.23238795798));
#609 = CARTESIAN_POINT('',(19.453801932935,249.4,-21.30032662215));
#610 = CARTESIAN_POINT('',(17.770674593084,249.4,-18.43287412013));
#611 = CARTESIAN_POINT('',(16.030761974283,249.4,-15.64339984546));
#612 = CARTESIAN_POINT('',(14.235814931283,249.4,-12.95015496467));
#613 = CARTESIAN_POINT('',(12.391232654167,249.4,-10.37844965817));
#614 = CARTESIAN_POINT('',(10.508134779361,249.4,-7.963039235085));
#615 = CARTESIAN_POINT('',(8.610134647625,249.4,-5.754493961774));
#616 = CARTESIAN_POINT('',(6.746251727441,249.4,-3.821720840747));
#617 = CARTESIAN_POINT('',(4.997335987691,249.4,-2.24607578405));
#618 = CARTESIAN_POINT('',(3.464081427825,249.4,-1.0955013419));
#619 = CARTESIAN_POINT('',(2.226305844241,249.4,-0.363211745172));
#620 = CARTESIAN_POINT('',(1.493602766306,249.4,-8.046448807035E-02));
#621 = CARTESIAN_POINT('',(1.19056128365,249.4,8.941431652199E-03));
#622 = PCURVE('',#459,#623);
#623 = DEFINITIONAL_REPRESENTATION('',(#624),#627);
#624 = B_SPLINE_CURVE_WITH_KNOTS('',1,(#625,#626),.UNSPECIFIED.,.F.,.F.,
  (2,2),(0.,0.11581335209),.PIECEWISE_BEZIER_KNOTS.);
#625 = CARTESIAN_POINT('',(0.,0.));
#626 = CARTESIAN_POINT('',(0.119814421012,0.));
#627 = ( GEOMETRIC_REPRESENTATION_CONTEXT(2) 
PARAMETRIC_REPRESENTATION_CONTEXT() REPRESENTATION_CONTEXT('2D SPACE',''
  ) );
#628 = PCURVE('',#183,#629);
#629 = DEFINITIONAL_REPRESENTATION('',(#630),#672);
#630 = B_SPLINE_CURVE_WITH_KNOTS('',3,(#631,#632,#633,#634,#635,#636,
    #637,#638,#639,#640,#641,#642,#643,#644,#645,#646,#647,#648,#649,
    #650,#651,#652,#653,#654,#655,#656,#657,#658,#659,#660,#661,#662,
    #663,#664,#665,#666,#667,#668,#669,#670,#671),.UNSPECIFIED.,.F.,.F.,
  (4,1,1,1,1,1,1,1,1,1,1,1,1,1,1,1,1,1,1,1,1,1,1,1,1,1,1,1,1,1,1,1,1,1,1
    ,1,1,1,4),(0.,1.256163299819E-03,2.803360490352E-03,
    4.933803685577E-03,7.933673750479E-03,1.141209870859E-02,
    1.499579888336E-02,1.857740083766E-02,2.21384658788E-02,
    2.567681479062E-02,2.919207609022E-02,3.268298669393E-02,
    3.614812971805E-02,3.959047005028E-02,4.301681416569E-02,
    4.643766861417E-02,4.985885656325E-02,5.328434553572E-02,
    5.671392401204E-02,6.014583412998E-02,6.357747408182E-02,
    6.700397138501E-02,7.042402848994E-02,7.383682258113E-02,
    7.723935854677E-02,8.062905598588E-02,8.400339909091E-02,
    8.735825360364E-02,9.068563220954E-02,9.39771186647E-02,
    9.721979813974E-02,0.10039369062,0.103469451898,0.106405120984,
    0.109125718901,0.111519952032,0.11345804722,0.114871428218,
    0.11581335209),.UNSPECIFIED.);
#631 = CARTESIAN_POINT('',(0.,0.));
#632 = CARTESIAN_POINT('',(0.411345176498,7.824955911674E-02));
#633 = CARTESIAN_POINT('',(1.329605858683,0.251456792764));
#634 = CARTESIAN_POINT('',(2.94622187593,0.553564410839));
#635 = CARTESIAN_POINT('',(5.132935092854,0.969077677684));
#636 = CARTESIAN_POINT('',(7.950130846986,1.514935933582));
#637 = CARTESIAN_POINT('',(11.239416939326,2.170663221338));
#638 = CARTESIAN_POINT('',(14.717208751247,2.872527399558));
#639 = CARTESIAN_POINT('',(18.222226292342,3.578745256331));
#640 = CARTESIAN_POINT('',(21.71462793973,4.271008976817));
#641 = CARTESIAN_POINT('',(25.189014993191,4.940186729806));
#642 = CARTESIAN_POINT('',(28.644486393807,5.583662198642));
#643 = CARTESIAN_POINT('',(32.082001678141,6.189585113893));
#644 = CARTESIAN_POINT('',(35.502336075533,6.751652103));
#645 = CARTESIAN_POINT('',(38.907774436877,7.270246447282));
#646 = CARTESIAN_POINT('',(42.305292451897,7.740874080307));
#647 = CARTESIAN_POINT('',(45.70224865519,8.161679557021));
#648 = CARTESIAN_POINT('',(49.104725639639,8.532459853042));
#649 = CARTESIAN_POINT('',(52.514677690641,8.858679444777));
#650 = CARTESIAN_POINT('',(55.932468356836,9.137086245424));
#651 = CARTESIAN_POINT('',(59.356006435567,9.365818565645));
#652 = CARTESIAN_POINT('',(62.781655951038,9.541641595973));
#653 = CARTESIAN_POINT('',(66.205779542644,9.661665329167));
#654 = CARTESIAN_POINT('',(69.625209904085,9.722009848792));
#655 = CARTESIAN_POINT('',(73.037203805237,9.720295931681));
#656 = CARTESIAN_POINT('',(76.438435122204,9.652795424559));
#657 = CARTESIAN_POINT('',(79.824793429652,9.51640662287));
#658 = CARTESIAN_POINT('',(83.191636352393,9.308827864473));
#659 = CARTESIAN_POINT('',(86.532223411647,9.026412430181));
#660 = CARTESIAN_POINT('',(89.837456850772,8.664979993412));
#661 = CARTESIAN_POINT('',(93.094800492307,8.219811428645));
#662 = CARTESIAN_POINT('',(96.286886423766,7.685030836954));
#663 = CARTESIAN_POINT('',(99.388412745492,7.055200354849));
#664 = CARTESIAN_POINT('',(102.36311819767,6.326233558036));
#665 = CARTESIAN_POINT('',(105.15519738197,5.498966640477));
#666 = CARTESIAN_POINT('',(107.68171287044,4.589906156222));
#667 = CARTESIAN_POINT('',(109.83533624929,3.639501004972));
#668 = CARTESIAN_POINT('',(111.51285097758,2.71179661851));
#669 = CARTESIAN_POINT('',(112.68776514126,1.882391315434));
#670 = CARTESIAN_POINT('',(113.24574014677,1.3297036052));
#671 = CARTESIAN_POINT('',(113.45139284083,1.089840043739));
#672 = ( GEOMETRIC_REPRESENTATION_CONTEXT(2) 
PARAMETRIC_REPRESENTATION_CONTEXT() REPRESENTATION_CONTEXT('2D SPACE',''
  ) );
#673 = ORIENTED_EDGE('',*,*,#674,.T.);
#674 = EDGE_CURVE('',#577,#675,#677,.T.);
#675 = VERTEX_POINT('',#676);
#676 = CARTESIAN_POINT('',(1.226875476729,404.2,0.10921533187));
#677 = SURFACE_CURVE('',#678,(#681),.PCURVE_S1.);
#678 = B_SPLINE_CURVE_WITH_KNOTS('',1,(#679,#680),.UNSPECIFIED.,.F.,.F.,
  (2,2),(0.,1.),.PIECEWISE_BEZIER_KNOTS.);
#679 = CARTESIAN_POINT('',(1.19056128365,249.4,8.941431652199E-03));
#680 = CARTESIAN_POINT('',(1.226875476729,404.2,0.10921533187));
#681 = PCURVE('',#459,#682);
#682 = DEFINITIONAL_REPRESENTATION('',(#683),#686);
#683 = B_SPLINE_CURVE_WITH_KNOTS('',1,(#684,#685),.UNSPECIFIED.,.F.,.F.,
  (2,2),(0.,1.),.PIECEWISE_BEZIER_KNOTS.);
#684 = CARTESIAN_POINT('',(0.119814421012,0.));
#685 = CARTESIAN_POINT('',(0.119814421012,1.));
#686 = ( GEOMETRIC_REPRESENTATION_CONTEXT(2) 
PARAMETRIC_REPRESENTATION_CONTEXT() REPRESENTATION_CONTEXT('2D SPACE',''
  ) );
#687 = ORIENTED_EDGE('',*,*,#688,.F.);
#688 = EDGE_CURVE('',#446,#675,#689,.T.);
#689 = SURFACE_CURVE('',#690,(#732,#738),.PCURVE_S1.);
#690 = B_SPLINE_CURVE_WITH_KNOTS('',3,(#691,#692,#693,#694,#695,#696,
    #697,#698,#699,#700,#701,#702,#703,#704,#705,#706,#707,#708,#709,
    #710,#711,#712,#713,#714,#715,#716,#717,#718,#719,#720,#721,#722,
    #723,#724,#725,#726,#727,#728,#729,#730,#731),.UNSPECIFIED.,.F.,.F.,
  (4,1,1,1,1,1,1,1,1,1,1,1,1,1,1,1,1,1,1,1,1,1,1,1,1,1,1,1,1,1,1,1,1,1,1
    ,1,1,1,4),(0.,1.299560678877E-03,2.900209759753E-03,
    5.104254572632E-03,8.207762833579E-03,1.180635889242E-02,
    1.551386716995E-02,1.921920473862E-02,2.290329589385E-02,
    2.656388613288E-02,3.020059113899E-02,3.381210419204E-02,
    3.739695945845E-02,4.095822425557E-02,4.450294020558E-02,
    4.804197683405E-02,5.158135848476E-02,5.512518974872E-02,
    5.867325179894E-02,6.222372604329E-02,6.577392078797E-02,
    6.931879521803E-02,7.285700695667E-02,7.638770476217E-02,
    7.990779004889E-02,8.341459326929E-02,8.690551170081E-02,
    9.037626825669E-02,9.381859968015E-02,9.722379896657E-02,
    0.100578505111,0.103862047837,0.107044069167,0.110081158462,
    0.112895746404,0.115372694451,0.117377746103,0.118839955968,
    0.119814421012),.UNSPECIFIED.);
#691 = CARTESIAN_POINT('',(56.833317025643,404.2,-103.2596102486));
#692 = CARTESIAN_POINT('',(56.699041648401,404.2,-102.8477589043));
#693 = CARTESIAN_POINT('',(56.39795967685,404.2,-101.9291026198));
#694 = CARTESIAN_POINT('',(55.865336605445,404.2,-100.3132004243));
#695 = CARTESIAN_POINT('',(55.151109399117,404.2,-98.12402679087));
#696 = CARTESIAN_POINT('',(54.240508124017,404.2,-95.29840223065));
#697 = CARTESIAN_POINT('',(53.193987186586,404.2,-91.99009766391));
#698 = CARTESIAN_POINT('',(52.095247432008,404.2,-88.48792846103));
#699 = CARTESIAN_POINT('',(50.986872267036,404.2,-84.9589117855));
#700 = CARTESIAN_POINT('',(49.872143280026,404.2,-81.44829025328));
#701 = CARTESIAN_POINT('',(48.745477049485,404.2,-77.96551223647));
#702 = CARTESIAN_POINT('',(47.604951796541,404.2,-74.51269952387));
#703 = CARTESIAN_POINT('',(46.439348530143,404.2,-71.09489385219));
#704 = CARTESIAN_POINT('',(45.242567555816,404.2,-67.71453698309));
#705 = CARTESIAN_POINT('',(44.01381647826,404.2,-64.36936687578));
#706 = CARTESIAN_POINT('',(42.745542399952,404.2,-61.05530303067));
#707 = CARTESIAN_POINT('',(41.432392924231,404.2,-57.76660170931));
#708 = CARTESIAN_POINT('',(40.071149796057,404.2,-54.49785131102));
#709 = CARTESIAN_POINT('',(38.665790793681,404.2,-51.24455469033));
#710 = CARTESIAN_POINT('',(37.213187078301,404.2,-48.00800462391));
#711 = CARTESIAN_POINT('',(35.712694509997,404.2,-44.79102513253));
#712 = CARTESIAN_POINT('',(34.163195035728,404.2,-41.59852529027));
#713 = CARTESIAN_POINT('',(32.563883800193,404.2,-38.43524342481));
#714 = CARTESIAN_POINT('',(30.912824274638,404.2,-35.30598564362));
#715 = CARTESIAN_POINT('',(29.209228517224,404.2,-32.21442509103));
#716 = CARTESIAN_POINT('',(27.451376772453,404.2,-29.16543611103));
#717 = CARTESIAN_POINT('',(25.638508300035,404.2,-26.16429139059));
#718 = CARTESIAN_POINT('',(23.770852825917,404.2,-23.2163466484));
#719 = CARTESIAN_POINT('',(21.848467621438,404.2,-20.32953016119));
#720 = CARTESIAN_POINT('',(19.872102236727,404.2,-17.51417287851));
#721 = CARTESIAN_POINT('',(17.843733113825,404.2,-14.78399089209));
#722 = CARTESIAN_POINT('',(15.766698535925,404.2,-12.15765651877));
#723 = CARTESIAN_POINT('',(13.64869159175,404.2,-9.660814429658));
#724 = CARTESIAN_POINT('',(11.504097206991,404.2,-7.328368013644));
#725 = CARTESIAN_POINT('',(9.361511274403,404.2,-5.210478627272));
#726 = CARTESIAN_POINT('',(7.277266878433,404.2,-3.3740813654));
#727 = CARTESIAN_POINT('',(5.341564154904,404.2,-1.896274347044));
#728 = CARTESIAN_POINT('',(3.663938473589,404.2,-0.838658032549));
#729 = CARTESIAN_POINT('',(2.326122622512,404.2,-0.187531478554));
#730 = CARTESIAN_POINT('',(1.546860632613,404.2,4.24785071677E-02));
#731 = CARTESIAN_POINT('',(1.226875476729,404.2,0.10921533187));
#732 = PCURVE('',#459,#733);
#733 = DEFINITIONAL_REPRESENTATION('',(#734),#737);
#734 = B_SPLINE_CURVE_WITH_KNOTS('',1,(#735,#736),.UNSPECIFIED.,.F.,.F.,
  (2,2),(0.,0.119814421012),.PIECEWISE_BEZIER_KNOTS.);
#735 = CARTESIAN_POINT('',(0.,1.));
#736 = CARTESIAN_POINT('',(0.119814421012,1.));
#737 = ( GEOMETRIC_REPRESENTATION_CONTEXT(2) 
PARAMETRIC_REPRESENTATION_CONTEXT() REPRESENTATION_CONTEXT('2D SPACE',''
  ) );
#738 = PCURVE('',#739,#822);
#739 = B_SPLINE_SURFACE_WITH_KNOTS('',3,1,(
    (#740,#741)
    ,(#742,#743)
    ,(#744,#745)
    ,(#746,#747)
    ,(#748,#749)
    ,(#750,#751)
    ,(#752,#753)
    ,(#754,#755)
    ,(#756,#757)
    ,(#758,#759)
    ,(#760,#761)
    ,(#762,#763)
    ,(#764,#765)
    ,(#766,#767)
    ,(#768,#769)
    ,(#770,#771)
    ,(#772,#773)
    ,(#774,#775)
    ,(#776,#777)
    ,(#778,#779)
    ,(#780,#781)
    ,(#782,#783)
    ,(#784,#785)
    ,(#786,#787)
    ,(#788,#789)
    ,(#790,#791)
    ,(#792,#793)
    ,(#794,#795)
    ,(#796,#797)
    ,(#798,#799)
    ,(#800,#801)
    ,(#802,#803)
    ,(#804,#805)
    ,(#806,#807)
    ,(#808,#809)
    ,(#810,#811)
    ,(#812,#813)
    ,(#814,#815)
    ,(#816,#817)
    ,(#818,#819)
    ,(#820,#821
    )),.UNSPECIFIED.,.F.,.F.,.F.,(4,1,1,1,1,1,1,1,1,1,1,1,1,1,1,1,1,1,1,
    1,1,1,1,1,1,1,1,1,1,1,1,1,1,1,1,1,1,1,4),(2,2),(0.,1.30618963858E-03
    ,2.915003508087E-03,5.130290985112E-03,8.249630004512E-03,
    1.186658222683E-02,1.559300222073E-02,1.931724043315E-02,
    2.302012385581E-02,2.669938648588E-02,3.035464204629E-02,
    3.398457715142E-02,3.758771849057E-02,4.116714902725E-02,
    4.472994630241E-02,4.828703528625E-02,5.184447105226E-02,
    5.540637912867E-02,5.897253957224E-02,6.254112451437E-02,
    6.610942853111E-02,6.967238509472E-02,7.322864498103E-02,
    7.67773526062E-02,8.031539357894E-02,8.384008473457E-02,
    8.734881007421E-02,9.083727069402E-02,9.429716118699E-02,
    9.771973013473E-02,0.101091548379,0.104391840205,0.107590092783,
    0.110642674039,0.113471618978,0.115961201748,0.117976481015,
    0.119446149501,0.120425585217),(0.,1.),.UNSPECIFIED.);
#740 = CARTESIAN_POINT('',(56.833317025643,404.2,-103.2596102486));
#741 = CARTESIAN_POINT('',(65.164584184541,559.,-98.93554156216));
#742 = CARTESIAN_POINT('',(56.699041648401,404.2,-102.8477589043));
#743 = CARTESIAN_POINT('',(64.997259049743,559.,-98.53358014666));
#744 = CARTESIAN_POINT('',(56.39795967685,404.2,-101.9291026198));
#745 = CARTESIAN_POINT('',(64.622454782309,559.,-97.63710915411));
#746 = CARTESIAN_POINT('',(55.865336605445,404.2,-100.3132004243));
#747 = CARTESIAN_POINT('',(63.960149456331,559.,-96.0604713379));
#748 = CARTESIAN_POINT('',(55.151109399117,404.2,-98.12402679087));
#749 = CARTESIAN_POINT('',(63.070247085012,559.,-93.92390639107));
#750 = CARTESIAN_POINT('',(54.240508124017,404.2,-95.29840223065));
#751 = CARTESIAN_POINT('',(61.932919105923,559.,-91.1652879576));
#752 = CARTESIAN_POINT('',(53.193987186586,404.2,-91.99009766391));
#753 = CARTESIAN_POINT('',(60.620979603727,559.,-87.93387274039));
#754 = CARTESIAN_POINT('',(52.095247432008,404.2,-88.48792846103));
#755 = CARTESIAN_POINT('',(59.241285611235,559.,-84.51237354319));
#756 = CARTESIAN_POINT('',(50.986872267036,404.2,-84.9589117855));
#757 = CARTESIAN_POINT('',(57.849800069904,559.,-81.06474181884));
#758 = CARTESIAN_POINT('',(49.872143280026,404.2,-81.44829025328));
#759 = CARTESIAN_POINT('',(56.453412861047,559.,-77.63604682695));
#760 = CARTESIAN_POINT('',(48.745477049485,404.2,-77.96551223647));
#761 = CARTESIAN_POINT('',(55.047281931885,559.,-74.23619981187));
#762 = CARTESIAN_POINT('',(47.604951796541,404.2,-74.51269952387));
#763 = CARTESIAN_POINT('',(53.629650692475,559.,-70.86747968411));
#764 = CARTESIAN_POINT('',(46.439348530143,404.2,-71.09489385219));
#765 = CARTESIAN_POINT('',(52.189679744027,559.,-67.53583115769));
#766 = CARTESIAN_POINT('',(45.242567555816,404.2,-67.71453698309));
#767 = CARTESIAN_POINT('',(50.721451937835,559.,-64.2441863556));
#768 = CARTESIAN_POINT('',(44.01381647826,404.2,-64.36936687578));
#769 = CARTESIAN_POINT('',(49.223993250363,559.,-60.99034192739));
#770 = CARTESIAN_POINT('',(42.745542399952,404.2,-61.05530303067));
#771 = CARTESIAN_POINT('',(47.689411247226,559.,-57.77081075708));
#772 = CARTESIAN_POINT('',(41.432392924231,404.2,-57.76660170931));
#773 = CARTESIAN_POINT('',(46.111885854204,559.,-54.58026406907));
#774 = CARTESIAN_POINT('',(40.071149796057,404.2,-54.49785131102));
#775 = CARTESIAN_POINT('',(44.487761727736,559.,-51.41353596457));
#776 = CARTESIAN_POINT('',(38.665790793681,404.2,-51.24455469033));
#777 = CARTESIAN_POINT('',(42.820666341593,559.,-48.2658038763));
#778 = CARTESIAN_POINT('',(37.213187078301,404.2,-48.00800462391));
#779 = CARTESIAN_POINT('',(41.107567700256,559.,-45.13861219003));
#780 = CARTESIAN_POINT('',(35.712694509997,404.2,-44.79102513253));
#781 = CARTESIAN_POINT('',(39.348045242118,559.,-42.03484169551));
#782 = CARTESIAN_POINT('',(34.163195035728,404.2,-41.59852529027));
#783 = CARTESIAN_POINT('',(37.541369569805,559.,-38.95950001662));
#784 = CARTESIAN_POINT('',(32.563883800193,404.2,-38.43524342481));
#785 = CARTESIAN_POINT('',(35.687111498498,559.,-35.9173987644));
#786 = CARTESIAN_POINT('',(30.912824274638,404.2,-35.30598564362));
#787 = CARTESIAN_POINT('',(33.783713367376,559.,-32.91350755768));
#788 = CARTESIAN_POINT('',(29.209228517224,404.2,-32.21442509103));
#789 = CARTESIAN_POINT('',(31.830678135105,559.,-29.95156940806));
#790 = CARTESIAN_POINT('',(27.451376772453,404.2,-29.16543611103));
#791 = CARTESIAN_POINT('',(29.826670767831,559.,-27.03660504544));
#792 = CARTESIAN_POINT('',(25.638508300035,404.2,-26.16429139059));
#793 = CARTESIAN_POINT('',(27.771348823597,559.,-24.17395796618));
#794 = CARTESIAN_POINT('',(23.770852825917,404.2,-23.2163466484));
#795 = CARTESIAN_POINT('',(25.665368861506,559.,-21.36897600538));
#796 = CARTESIAN_POINT('',(21.848467621438,404.2,-20.32953016119));
#797 = CARTESIAN_POINT('',(23.509419461002,559.,-18.62959828403));
#798 = CARTESIAN_POINT('',(19.872102236727,404.2,-17.51417287851));
#799 = CARTESIAN_POINT('',(21.305074110231,559.,-15.96611614949));
#800 = CARTESIAN_POINT('',(17.843733113825,404.2,-14.78399089209));
#801 = CARTESIAN_POINT('',(19.055405075563,559.,-13.39211499131));
#802 = CARTESIAN_POINT('',(15.766698535925,404.2,-12.15765651877));
#803 = CARTESIAN_POINT('',(16.765243692227,559.,-10.92603763282));
#804 = CARTESIAN_POINT('',(13.64869159175,404.2,-9.660814429658));
#805 = CARTESIAN_POINT('',(14.444339654564,559.,-8.592966097466));
#806 = CARTESIAN_POINT('',(11.504097206991,404.2,-7.328368013644));
#807 = CARTESIAN_POINT('',(12.109884613197,559.,-6.426726355564));
#808 = CARTESIAN_POINT('',(9.361511274403,404.2,-5.210478627272));
#809 = CARTESIAN_POINT('',(9.794523534553,559.,-4.475300606825));
#810 = CARTESIAN_POINT('',(7.277266878433,404.2,-3.3740813654));
#811 = CARTESIAN_POINT('',(7.560027881228,559.,-2.801269127664));
#812 = CARTESIAN_POINT('',(5.341564154904,404.2,-1.896274347044));
#813 = CARTESIAN_POINT('',(5.502911080146,559.,-1.474698694301));
#814 = CARTESIAN_POINT('',(3.663938473589,404.2,-0.838658032549));
#815 = CARTESIAN_POINT('',(3.737825537791,559.,-0.548588970711));
#816 = CARTESIAN_POINT('',(2.326122622512,404.2,-0.187531478554));
#817 = CARTESIAN_POINT('',(2.34557206266,559.,-2.705371203818E-03));
#818 = CARTESIAN_POINT('',(1.546860632613,404.2,4.24785071677E-02));
#819 = CARTESIAN_POINT('',(1.546484173256,559.,0.165711827616));
#820 = CARTESIAN_POINT('',(1.226875476729,404.2,0.10921533187));
#821 = CARTESIAN_POINT('',(1.220564174185,559.,0.207103218573));
#822 = DEFINITIONAL_REPRESENTATION('',(#823),#826);
#823 = B_SPLINE_CURVE_WITH_KNOTS('',1,(#824,#825),.UNSPECIFIED.,.F.,.F.,
  (2,2),(0.,0.119814421012),.PIECEWISE_BEZIER_KNOTS.);
#824 = CARTESIAN_POINT('',(0.,0.));
#825 = CARTESIAN_POINT('',(0.120425585217,0.));
#826 = ( GEOMETRIC_REPRESENTATION_CONTEXT(2) 
PARAMETRIC_REPRESENTATION_CONTEXT() REPRESENTATION_CONTEXT('2D SPACE',''
  ) );
#827 = ORIENTED_EDGE('',*,*,#445,.F.);
#828 = ADVANCED_FACE('',(#829),#315,.F.);
#829 = FACE_BOUND('',#830,.F.);
#830 = EDGE_LOOP('',(#831,#832,#852,#1000));
#831 = ORIENTED_EDGE('',*,*,#260,.T.);
#832 = ORIENTED_EDGE('',*,*,#833,.T.);
#833 = EDGE_CURVE('',#236,#834,#836,.T.);
#834 = VERTEX_POINT('',#835);
#835 = CARTESIAN_POINT('',(64.966719192185,559.,-99.06588090389));
#836 = SURFACE_CURVE('',#837,(#840,#846),.PCURVE_S1.);
#837 = B_SPLINE_CURVE_WITH_KNOTS('',1,(#838,#839),.UNSPECIFIED.,.F.,.F.,
  (2,2),(0.,1.),.PIECEWISE_BEZIER_KNOTS.);
#838 = CARTESIAN_POINT('',(56.626803044228,404.2,-103.3732874526));
#839 = CARTESIAN_POINT('',(64.966719192185,559.,-99.06588090389));
#840 = PCURVE('',#315,#841);
#841 = DEFINITIONAL_REPRESENTATION('',(#842),#845);
#842 = B_SPLINE_CURVE_WITH_KNOTS('',1,(#843,#844),.UNSPECIFIED.,.F.,.F.,
  (2,2),(0.,1.),.PIECEWISE_BEZIER_KNOTS.);
#843 = CARTESIAN_POINT('',(0.119199536223,0.));
#844 = CARTESIAN_POINT('',(0.119199536223,1.));
#845 = ( GEOMETRIC_REPRESENTATION_CONTEXT(2) 
PARAMETRIC_REPRESENTATION_CONTEXT() REPRESENTATION_CONTEXT('2D SPACE',''
  ) );
#846 = PCURVE('',#561,#847);
#847 = DEFINITIONAL_REPRESENTATION('',(#848),#851);
#848 = B_SPLINE_CURVE_WITH_KNOTS('',1,(#849,#850),.UNSPECIFIED.,.F.,.F.,
  (2,2),(0.,1.),.PIECEWISE_BEZIER_KNOTS.);
#849 = CARTESIAN_POINT('',(0.,0.));
#850 = CARTESIAN_POINT('',(0.,1.));
#851 = ( GEOMETRIC_REPRESENTATION_CONTEXT(2) 
PARAMETRIC_REPRESENTATION_CONTEXT() REPRESENTATION_CONTEXT('2D SPACE',''
  ) );
#852 = ORIENTED_EDGE('',*,*,#853,.F.);
#853 = EDGE_CURVE('',#854,#834,#856,.T.);
#854 = VERTEX_POINT('',#855);
#855 = CARTESIAN_POINT('',(0.,559.,0.));
#856 = SURFACE_CURVE('',#857,(#901,#907),.PCURVE_S1.);
#857 = B_SPLINE_CURVE_WITH_KNOTS('',3,(#858,#859,#860,#861,#862,#863,
    #864,#865,#866,#867,#868,#869,#870,#871,#872,#873,#874,#875,#876,
    #877,#878,#879,#880,#881,#882,#883,#884,#885,#886,#887,#888,#889,
    #890,#891,#892,#893,#894,#895,#896,#897,#898,#899,#900),
  .UNSPECIFIED.,.F.,.F.,(4,1,1,1,1,1,1,1,1,1,1,1,1,1,1,1,1,1,1,1,1,1,1,1
    ,1,1,1,1,1,1,1,1,1,1,1,1,1,1,1,1,4),(0.,1.742167178453E-04,
    5.006768249466E-04,8.494913693667E-04,1.305638429383E-03,
    2.051535071377E-03,3.348155632549E-03,5.448525400431E-03,
    8.283264706259E-03,1.155922971327E-02,1.504493280218E-02,
    1.862966348451E-02,2.226437908426E-02,2.592906144449E-02,
    2.96148553075E-02,3.331690495911E-02,3.703232322047E-02,
    4.07595488332E-02,4.44942368567E-02,4.822459149234E-02,
    5.194931381751E-02,5.566978286285E-02,5.938644711429E-02,
    6.309926750794E-02,6.680784700549E-02,7.051206188153E-02,
    7.421070977522E-02,7.790294342901E-02,8.158819012683E-02,
    8.52665830309E-02,8.893880456784E-02,9.260588747116E-02,
    9.626679532281E-02,9.991897909328E-02,0.103563732905,0.107219902104,
    0.110880962346,0.114047678455,0.116280261383,0.11789257089,
    0.119199536223),.UNSPECIFIED.);
#858 = CARTESIAN_POINT('',(0.,559.,0.));
#859 = CARTESIAN_POINT('',(-4.875602576895E-02,559.,-3.161659284561E-02)
  );
#860 = CARTESIAN_POINT('',(-0.180621402434,559.,-0.135156167849));
#861 = CARTESIAN_POINT('',(-0.358178365686,559.,-0.362078820443));
#862 = CARTESIAN_POINT('',(-0.483564964398,559.,-0.726250458053));
#863 = CARTESIAN_POINT('',(-0.458639743612,559.,-1.251455927866));
#864 = CARTESIAN_POINT('',(-0.229544478145,559.,-2.055066525015));
#865 = CARTESIAN_POINT('',(0.313351430965,559.,-3.32766754114));
#866 = CARTESIAN_POINT('',(1.29239931839,559.,-5.161415150362));
#867 = CARTESIAN_POINT('',(2.696274112353,559.,-7.51158811985));
#868 = CARTESIAN_POINT('',(4.417785149653,559.,-10.20802993122));
#869 = CARTESIAN_POINT('',(6.329123465335,559.,-13.07888687866));
#870 = CARTESIAN_POINT('',(8.342558611841,559.,-16.02504823505));
#871 = CARTESIAN_POINT('',(10.415821074512,559.,-19.00238406592));
#872 = CARTESIAN_POINT('',(12.528247663852,559.,-21.99338143295));
#873 = CARTESIAN_POINT('',(14.667787593252,559.,-24.99264522404));
#874 = CARTESIAN_POINT('',(16.826949293338,559.,-27.99865586195));
#875 = CARTESIAN_POINT('',(19.00082249366,559.,-31.01108915646));
#876 = CARTESIAN_POINT('',(21.184753813539,559.,-34.02967513865));
#877 = CARTESIAN_POINT('',(23.370712504666,559.,-37.05293921271));
#878 = CARTESIAN_POINT('',(25.555117230414,559.,-40.0762971886));
#879 = CARTESIAN_POINT('',(27.733561072218,559.,-43.0981131885));
#880 = CARTESIAN_POINT('',(29.904681159015,559.,-46.11957833521));
#881 = CARTESIAN_POINT('',(32.068467552081,559.,-49.1414222054));
#882 = CARTESIAN_POINT('',(34.223656661116,559.,-52.1645391509));
#883 = CARTESIAN_POINT('',(36.369110381586,559.,-55.1894878698));
#884 = CARTESIAN_POINT('',(38.503580778685,559.,-58.2164190833));
#885 = CARTESIAN_POINT('',(40.625487904499,559.,-61.24552310146));
#886 = CARTESIAN_POINT('',(42.73237685948,559.,-64.27739890809));
#887 = CARTESIAN_POINT('',(44.822528196367,559.,-67.31264739184));
#888 = CARTESIAN_POINT('',(46.893721645923,559.,-70.35280110896));
#889 = CARTESIAN_POINT('',(48.944312109546,559.,-73.39959884043));
#890 = CARTESIAN_POINT('',(50.973024772989,559.,-76.45401539377));
#891 = CARTESIAN_POINT('',(52.978873120556,559.,-79.51551542409));
#892 = CARTESIAN_POINT('',(54.959839204233,559.,-82.5843274205));
#893 = CARTESIAN_POINT('',(56.915293126494,559.,-85.66760531565));
#894 = CARTESIAN_POINT('',(58.8430415627,559.,-88.77178047617));
#895 = CARTESIAN_POINT('',(60.657574470808,559.,-91.75847972597));
#896 = CARTESIAN_POINT('',(62.205284624925,559.,-94.35191432986));
#897 = CARTESIAN_POINT('',(63.38900663936,559.,-96.36719691606));
#898 = CARTESIAN_POINT('',(64.25435004921,559.,-97.85052136257));
#899 = CARTESIAN_POINT('',(64.745991527048,559.,-98.6902811748));
#900 = CARTESIAN_POINT('',(64.966719192185,559.,-99.06588090389));
#901 = PCURVE('',#315,#902);
#902 = DEFINITIONAL_REPRESENTATION('',(#903),#906);
#903 = B_SPLINE_CURVE_WITH_KNOTS('',1,(#904,#905),.UNSPECIFIED.,.F.,.F.,
  (2,2),(0.,0.119199536223),.PIECEWISE_BEZIER_KNOTS.);
#904 = CARTESIAN_POINT('',(0.,1.));
#905 = CARTESIAN_POINT('',(0.119199536223,1.));
#906 = ( GEOMETRIC_REPRESENTATION_CONTEXT(2) 
PARAMETRIC_REPRESENTATION_CONTEXT() REPRESENTATION_CONTEXT('2D SPACE',''
  ) );
#907 = PCURVE('',#908,#995);
#908 = B_SPLINE_SURFACE_WITH_KNOTS('',3,1,(
    (#909,#910)
    ,(#911,#912)
    ,(#913,#914)
    ,(#915,#916)
    ,(#917,#918)
    ,(#919,#920)
    ,(#921,#922)
    ,(#923,#924)
    ,(#925,#926)
    ,(#927,#928)
    ,(#929,#930)
    ,(#931,#932)
    ,(#933,#934)
    ,(#935,#936)
    ,(#937,#938)
    ,(#939,#940)
    ,(#941,#942)
    ,(#943,#944)
    ,(#945,#946)
    ,(#947,#948)
    ,(#949,#950)
    ,(#951,#952)
    ,(#953,#954)
    ,(#955,#956)
    ,(#957,#958)
    ,(#959,#960)
    ,(#961,#962)
    ,(#963,#964)
    ,(#965,#966)
    ,(#967,#968)
    ,(#969,#970)
    ,(#971,#972)
    ,(#973,#974)
    ,(#975,#976)
    ,(#977,#978)
    ,(#979,#980)
    ,(#981,#982)
    ,(#983,#984)
    ,(#985,#986)
    ,(#987,#988)
    ,(#989,#990)
    ,(#991,#992)
    ,(#993,#994
    )),.UNSPECIFIED.,.F.,.F.,.F.,(4,1,1,1,1,1,1,1,1,1,1,1,1,1,1,1,1,1,1,
    1,1,1,1,1,1,1,1,1,1,1,1,1,1,1,1,1,1,1,1,1,4),(2,2),(0.,
    1.742167178453E-04,5.006768249466E-04,8.494913693667E-04,
    1.305638429383E-03,2.051535071377E-03,3.348155632549E-03,
    5.448525400431E-03,8.283264706259E-03,1.155922971327E-02,
    1.504493280218E-02,1.862966348451E-02,2.226437908426E-02,
    2.592906144449E-02,2.96148553075E-02,3.331690495911E-02,
    3.703232322047E-02,4.07595488332E-02,4.44942368567E-02,
    4.822459149234E-02,5.194931381751E-02,5.566978286285E-02,
    5.938644711429E-02,6.309926750794E-02,6.680784700549E-02,
    7.051206188153E-02,7.421070977522E-02,7.790294342901E-02,
    8.158819012683E-02,8.52665830309E-02,8.893880456784E-02,
    9.260588747116E-02,9.626679532281E-02,9.991897909328E-02,
    0.103563732905,0.107219902104,0.110880962346,0.114047678455,
    0.116280261383,0.11789257089,0.119199536223),(0.,1.),.UNSPECIFIED.);
#909 = CARTESIAN_POINT('',(0.,559.,0.));
#910 = CARTESIAN_POINT('',(0.,713.8,0.));
#911 = CARTESIAN_POINT('',(-4.875602576895E-02,559.,-3.161659284561E-02)
  );
#912 = CARTESIAN_POINT('',(-4.388927421439E-02,713.8,-3.432647928515E-02
    ));
#913 = CARTESIAN_POINT('',(-0.180621402434,559.,-0.135156167849));
#914 = CARTESIAN_POINT('',(-0.161065053951,713.8,-0.144385736904));
#915 = CARTESIAN_POINT('',(-0.358178365686,559.,-0.362078820443));
#916 = CARTESIAN_POINT('',(-0.311431122995,713.8,-0.376158384186));
#917 = CARTESIAN_POINT('',(-0.483564964398,559.,-0.726250458053));
#918 = CARTESIAN_POINT('',(-0.400344862619,713.8,-0.734599409019));
#919 = CARTESIAN_POINT('',(-0.458639743612,559.,-1.251455927866));
#920 = CARTESIAN_POINT('',(-0.33205661807,713.8,-1.234113736705));
#921 = CARTESIAN_POINT('',(-0.229544478145,559.,-2.055066525015));
#922 = CARTESIAN_POINT('',(-4.518551287168E-02,713.8,-1.982241549266));
#923 = CARTESIAN_POINT('',(0.313351430965,559.,-3.32766754114));
#924 = CARTESIAN_POINT('',(0.581118528526,713.8,-3.151726320825));
#925 = CARTESIAN_POINT('',(1.29239931839,559.,-5.161415150362));
#926 = CARTESIAN_POINT('',(1.671518776574,713.8,-4.820224194321));
#927 = CARTESIAN_POINT('',(2.696274112353,559.,-7.51158811985));
#928 = CARTESIAN_POINT('',(3.211410971546,713.8,-6.945980955565));
#929 = CARTESIAN_POINT('',(4.417785149653,559.,-10.20802993122));
#930 = CARTESIAN_POINT('',(5.084005635696,713.8,-9.375558065152));
#931 = CARTESIAN_POINT('',(6.329123465335,559.,-13.07888687866));
#932 = CARTESIAN_POINT('',(7.152676945139,713.8,-11.95564225443));
#933 = CARTESIAN_POINT('',(8.342558611841,559.,-16.02504823505));
#934 = CARTESIAN_POINT('',(9.325239131858,713.8,-14.59900286183));
#935 = CARTESIAN_POINT('',(10.415821074512,559.,-19.00238406592));
#936 = CARTESIAN_POINT('',(11.557582883313,713.8,-17.26707125258));
#937 = CARTESIAN_POINT('',(12.528247663852,559.,-21.99338143295));
#938 = CARTESIAN_POINT('',(13.828489471583,713.8,-19.94487082686));
#939 = CARTESIAN_POINT('',(14.667787593252,559.,-24.99264522404));
#940 = CARTESIAN_POINT('',(16.125992216207,713.8,-22.62826933355));
#941 = CARTESIAN_POINT('',(16.826949293338,559.,-27.99865586195));
#942 = CARTESIAN_POINT('',(18.442807196171,713.8,-25.31644991555));
#943 = CARTESIAN_POINT('',(19.00082249366,559.,-31.01108915646));
#944 = CARTESIAN_POINT('',(20.774217139884,713.8,-28.00951881138));
#945 = CARTESIAN_POINT('',(21.184753813539,559.,-34.02967513865));
#946 = CARTESIAN_POINT('',(23.115754724218,713.8,-30.70761228929));
#947 = CARTESIAN_POINT('',(23.370712504666,559.,-37.05293921271));
#948 = CARTESIAN_POINT('',(25.459624866388,713.8,-33.41000211968));
#949 = CARTESIAN_POINT('',(25.555117230414,559.,-40.0762971886));
#950 = CARTESIAN_POINT('',(27.802018764426,713.8,-36.11261324852));
#951 = CARTESIAN_POINT('',(27.733561072218,559.,-43.0981131885));
#952 = CARTESIAN_POINT('',(30.138588806761,713.8,-38.81425648629));
#953 = CARTESIAN_POINT('',(29.904681159015,559.,-46.11957833521));
#954 = CARTESIAN_POINT('',(32.468134192767,713.8,-41.51618490591));
#955 = CARTESIAN_POINT('',(32.068467552081,559.,-49.1414222054));
#956 = CARTESIAN_POINT('',(34.790707221173,713.8,-44.21909617006));
#957 = CARTESIAN_POINT('',(34.223656661116,559.,-52.1645391509));
#958 = CARTESIAN_POINT('',(37.105176779805,713.8,-46.92395149626));
#959 = CARTESIAN_POINT('',(36.369110381586,559.,-55.1894878698));
#960 = CARTESIAN_POINT('',(39.410503180253,713.8,-49.63138089011));
#961 = CARTESIAN_POINT('',(38.503580778685,559.,-58.2164190833));
#962 = CARTESIAN_POINT('',(41.705507281425,713.8,-52.34163399931));
#963 = CARTESIAN_POINT('',(40.625487904499,559.,-61.24552310146));
#964 = CARTESIAN_POINT('',(43.988696188448,713.8,-55.0550264027));
#965 = CARTESIAN_POINT('',(42.73237685948,559.,-64.27739890809));
#966 = CARTESIAN_POINT('',(46.257775949928,713.8,-57.77233810838));
#967 = CARTESIAN_POINT('',(44.822528196367,559.,-67.31264739184));
#968 = CARTESIAN_POINT('',(48.511155208545,713.8,-60.49428865495));
#969 = CARTESIAN_POINT('',(46.893721645923,559.,-70.35280110896));
#970 = CARTESIAN_POINT('',(50.746843177622,713.8,-63.22252983649));
#971 = CARTESIAN_POINT('',(48.944312109546,559.,-73.39959884043));
#972 = CARTESIAN_POINT('',(52.963415883858,713.8,-65.9588616991));
#973 = CARTESIAN_POINT('',(50.973024772989,559.,-76.45401539377));
#974 = CARTESIAN_POINT('',(55.159738309214,713.8,-68.70432325439));
#975 = CARTESIAN_POINT('',(52.978873120556,559.,-79.51551542409));
#976 = CARTESIAN_POINT('',(57.33482288867,713.8,-71.4584867454));
#977 = CARTESIAN_POINT('',(54.959839204233,559.,-82.5843274205));
#978 = CARTESIAN_POINT('',(59.486761625672,713.8,-74.22174131217));
#979 = CARTESIAN_POINT('',(56.915293126494,559.,-85.66760531565));
#980 = CARTESIAN_POINT('',(61.615558802924,713.8,-77.00097304672));
#981 = CARTESIAN_POINT('',(58.8430415627,559.,-88.77178047617));
#982 = CARTESIAN_POINT('',(63.719664271609,713.8,-79.80251032997));
#983 = CARTESIAN_POINT('',(60.657574470808,559.,-91.75847972597));
#984 = CARTESIAN_POINT('',(65.705687660773,713.8,-82.50143475808));
#985 = CARTESIAN_POINT('',(62.205284624925,559.,-94.35191432986));
#986 = CARTESIAN_POINT('',(67.403560407976,713.8,-84.84734937048));
#987 = CARTESIAN_POINT('',(63.38900663936,559.,-96.36719691606));
#988 = CARTESIAN_POINT('',(68.70482058451,713.8,-86.6718970571));
#989 = CARTESIAN_POINT('',(64.25435004921,559.,-97.85052136257));
#990 = CARTESIAN_POINT('',(69.656942371671,713.8,-88.01533484966));
#991 = CARTESIAN_POINT('',(64.745991527048,559.,-98.6902811748));
#992 = CARTESIAN_POINT('',(70.197633817041,713.8,-88.77575263119));
#993 = CARTESIAN_POINT('',(64.966719192185,559.,-99.06588090389));
#994 = CARTESIAN_POINT('',(70.440262773982,713.8,-89.11579463754));
#995 = DEFINITIONAL_REPRESENTATION('',(#996),#999);
#996 = B_SPLINE_CURVE_WITH_KNOTS('',1,(#997,#998),.UNSPECIFIED.,.F.,.F.,
  (2,2),(0.,0.119199536223),.PIECEWISE_BEZIER_KNOTS.);
#997 = CARTESIAN_POINT('',(0.,0.));
#998 = CARTESIAN_POINT('',(0.119199536223,0.));
#999 = ( GEOMETRIC_REPRESENTATION_CONTEXT(2) 
PARAMETRIC_REPRESENTATION_CONTEXT() REPRESENTATION_CONTEXT('2D SPACE',''
  ) );
#1000 = ORIENTED_EDGE('',*,*,#1001,.F.);
#1001 = EDGE_CURVE('',#261,#854,#1002,.T.);
#1002 = SURFACE_CURVE('',#1003,(#1006),.PCURVE_S1.);
#1003 = B_SPLINE_CURVE_WITH_KNOTS('',1,(#1004,#1005),.UNSPECIFIED.,.F.,
  .F.,(2,2),(0.,1.),.PIECEWISE_BEZIER_KNOTS.);
#1004 = CARTESIAN_POINT('',(0.,404.2,0.));
#1005 = CARTESIAN_POINT('',(0.,559.,0.));
#1006 = PCURVE('',#315,#1007);
#1007 = DEFINITIONAL_REPRESENTATION('',(#1008),#1011);
#1008 = B_SPLINE_CURVE_WITH_KNOTS('',1,(#1009,#1010),.UNSPECIFIED.,.F.,
  .F.,(2,2),(0.,1.),.PIECEWISE_BEZIER_KNOTS.);
#1009 = CARTESIAN_POINT('',(0.,0.));
#1010 = CARTESIAN_POINT('',(0.,1.));
#1011 = ( GEOMETRIC_REPRESENTATION_CONTEXT(2) 
PARAMETRIC_REPRESENTATION_CONTEXT() REPRESENTATION_CONTEXT('2D SPACE',''
  ) );
#1012 = ADVANCED_FACE('',(#1013),#561,.F.);
#1013 = FACE_BOUND('',#1014,.F.);
#1014 = EDGE_LOOP('',(#1015,#1016,#1036,#1060));
#1015 = ORIENTED_EDGE('',*,*,#548,.T.);
#1016 = ORIENTED_EDGE('',*,*,#1017,.T.);
#1017 = EDGE_CURVE('',#446,#1018,#1020,.T.);
#1018 = VERTEX_POINT('',#1019);
#1019 = CARTESIAN_POINT('',(65.164584184541,559.,-98.93554156216));
#1020 = SURFACE_CURVE('',#1021,(#1024,#1030),.PCURVE_S1.);
#1021 = B_SPLINE_CURVE_WITH_KNOTS('',1,(#1022,#1023),.UNSPECIFIED.,.F.,
  .F.,(2,2),(0.,1.),.PIECEWISE_BEZIER_KNOTS.);
#1022 = CARTESIAN_POINT('',(56.833317025643,404.2,-103.2596102486));
#1023 = CARTESIAN_POINT('',(65.164584184541,559.,-98.93554156216));
#1024 = PCURVE('',#561,#1025);
#1025 = DEFINITIONAL_REPRESENTATION('',(#1026),#1029);
#1026 = B_SPLINE_CURVE_WITH_KNOTS('',1,(#1027,#1028),.UNSPECIFIED.,.F.,
  .F.,(2,2),(0.,1.),.PIECEWISE_BEZIER_KNOTS.);
#1027 = CARTESIAN_POINT('',(2.369364876959E-04,0.));
#1028 = CARTESIAN_POINT('',(2.369364876959E-04,1.));
#1029 = ( GEOMETRIC_REPRESENTATION_CONTEXT(2) 
PARAMETRIC_REPRESENTATION_CONTEXT() REPRESENTATION_CONTEXT('2D SPACE',''
  ) );
#1030 = PCURVE('',#739,#1031);
#1031 = DEFINITIONAL_REPRESENTATION('',(#1032),#1035);
#1032 = B_SPLINE_CURVE_WITH_KNOTS('',1,(#1033,#1034),.UNSPECIFIED.,.F.,
  .F.,(2,2),(0.,1.),.PIECEWISE_BEZIER_KNOTS.);
#1033 = CARTESIAN_POINT('',(0.,0.));
#1034 = CARTESIAN_POINT('',(0.,1.));
#1035 = ( GEOMETRIC_REPRESENTATION_CONTEXT(2) 
PARAMETRIC_REPRESENTATION_CONTEXT() REPRESENTATION_CONTEXT('2D SPACE',''
  ) );
#1036 = ORIENTED_EDGE('',*,*,#1037,.F.);
#1037 = EDGE_CURVE('',#834,#1018,#1038,.T.);
#1038 = SURFACE_CURVE('',#1039,(#1043,#1049),.PCURVE_S1.);
#1039 = LINE('',#1040,#1041);
#1040 = CARTESIAN_POINT('',(64.966719192185,559.,-99.06588090389));
#1041 = VECTOR('',#1042,1.);
#1042 = DIRECTION('',(0.835097178488,0.,0.55010244726));
#1043 = PCURVE('',#561,#1044);
#1044 = DEFINITIONAL_REPRESENTATION('',(#1045),#1048);
#1045 = B_SPLINE_CURVE_WITH_KNOTS('',1,(#1046,#1047),.UNSPECIFIED.,.F.,
  .F.,(2,2),(0.,0.236936487696),.PIECEWISE_BEZIER_KNOTS.);
#1046 = CARTESIAN_POINT('',(0.,1.));
#1047 = CARTESIAN_POINT('',(2.369364876959E-04,1.));
#1048 = ( GEOMETRIC_REPRESENTATION_CONTEXT(2) 
PARAMETRIC_REPRESENTATION_CONTEXT() REPRESENTATION_CONTEXT('2D SPACE',''
  ) );
#1049 = PCURVE('',#1050,#1055);
#1050 = B_SPLINE_SURFACE_WITH_KNOTS('',1,1,(
    (#1051,#1052)
    ,(#1053,#1054
    )),.UNSPECIFIED.,.F.,.F.,.F.,(2,2),(2,2),(0.,2.369364876959E-04),(0.
    ,1.),.PIECEWISE_BEZIER_KNOTS.);
#1051 = CARTESIAN_POINT('',(64.966719192185,559.,-99.06588090389));
#1052 = CARTESIAN_POINT('',(70.440262773982,713.8,-89.11579463754));
#1053 = CARTESIAN_POINT('',(65.164584184541,559.,-98.93554156216));
#1054 = CARTESIAN_POINT('',(70.618205193094,713.8,-88.97454902641));
#1055 = DEFINITIONAL_REPRESENTATION('',(#1056),#1059);
#1056 = B_SPLINE_CURVE_WITH_KNOTS('',1,(#1057,#1058),.UNSPECIFIED.,.F.,
  .F.,(2,2),(0.,0.236936487696),.PIECEWISE_BEZIER_KNOTS.);
#1057 = CARTESIAN_POINT('',(0.,0.));
#1058 = CARTESIAN_POINT('',(2.369364876959E-04,0.));
#1059 = ( GEOMETRIC_REPRESENTATION_CONTEXT(2) 
PARAMETRIC_REPRESENTATION_CONTEXT() REPRESENTATION_CONTEXT('2D SPACE',''
  ) );
#1060 = ORIENTED_EDGE('',*,*,#833,.F.);
#1061 = ADVANCED_FACE('',(#1062),#739,.F.);
#1062 = FACE_BOUND('',#1063,.F.);
#1063 = EDGE_LOOP('',(#1064,#1065,#1079,#1219));
#1064 = ORIENTED_EDGE('',*,*,#688,.T.);
#1065 = ORIENTED_EDGE('',*,*,#1066,.T.);
#1066 = EDGE_CURVE('',#675,#1067,#1069,.T.);
#1067 = VERTEX_POINT('',#1068);
#1068 = CARTESIAN_POINT('',(1.220564174185,559.,0.207103218573));
#1069 = SURFACE_CURVE('',#1070,(#1073),.PCURVE_S1.);
#1070 = B_SPLINE_CURVE_WITH_KNOTS('',1,(#1071,#1072),.UNSPECIFIED.,.F.,
  .F.,(2,2),(0.,1.),.PIECEWISE_BEZIER_KNOTS.);
#1071 = CARTESIAN_POINT('',(1.226875476729,404.2,0.10921533187));
#1072 = CARTESIAN_POINT('',(1.220564174185,559.,0.207103218573));
#1073 = PCURVE('',#739,#1074);
#1074 = DEFINITIONAL_REPRESENTATION('',(#1075),#1078);
#1075 = B_SPLINE_CURVE_WITH_KNOTS('',1,(#1076,#1077),.UNSPECIFIED.,.F.,
  .F.,(2,2),(0.,1.),.PIECEWISE_BEZIER_KNOTS.);
#1076 = CARTESIAN_POINT('',(0.120425585217,0.));
#1077 = CARTESIAN_POINT('',(0.120425585217,1.));
#1078 = ( GEOMETRIC_REPRESENTATION_CONTEXT(2) 
PARAMETRIC_REPRESENTATION_CONTEXT() REPRESENTATION_CONTEXT('2D SPACE',''
  ) );
#1079 = ORIENTED_EDGE('',*,*,#1080,.F.);
#1080 = EDGE_CURVE('',#1018,#1067,#1081,.T.);
#1081 = SURFACE_CURVE('',#1082,(#1124,#1130),.PCURVE_S1.);
#1082 = B_SPLINE_CURVE_WITH_KNOTS('',3,(#1083,#1084,#1085,#1086,#1087,
    #1088,#1089,#1090,#1091,#1092,#1093,#1094,#1095,#1096,#1097,#1098,
    #1099,#1100,#1101,#1102,#1103,#1104,#1105,#1106,#1107,#1108,#1109,
    #1110,#1111,#1112,#1113,#1114,#1115,#1116,#1117,#1118,#1119,#1120,
    #1121,#1122,#1123),.UNSPECIFIED.,.F.,.F.,(4,1,1,1,1,1,1,1,1,1,1,1,1,
    1,1,1,1,1,1,1,1,1,1,1,1,1,1,1,1,1,1,1,1,1,1,1,1,1,4),(0.,
    1.30618963858E-03,2.915003508088E-03,5.130290985112E-03,
    8.249630004512E-03,1.186658222683E-02,1.559300222073E-02,
    1.931724043315E-02,2.302012385581E-02,2.669938648588E-02,
    3.035464204629E-02,3.398457715142E-02,3.758771849057E-02,
    4.116714902725E-02,4.472994630241E-02,4.828703528625E-02,
    5.184447105226E-02,5.540637912867E-02,5.897253957224E-02,
    6.254112451437E-02,6.610942853111E-02,6.967238509472E-02,
    7.322864498103E-02,7.67773526062E-02,8.031539357894E-02,
    8.384008473457E-02,8.734881007421E-02,9.083727069402E-02,
    9.429716118699E-02,9.771973013473E-02,0.101091548379,0.104391840205,
    0.107590092783,0.110642674039,0.113471618978,0.115961201748,
    0.117976481015,0.119446149501,0.120425585217),.UNSPECIFIED.);
#1083 = CARTESIAN_POINT('',(65.164584184541,559.,-98.93554156216));
#1084 = CARTESIAN_POINT('',(64.997259049743,559.,-98.53358014666));
#1085 = CARTESIAN_POINT('',(64.622454782309,559.,-97.63710915411));
#1086 = CARTESIAN_POINT('',(63.960149456331,559.,-96.0604713379));
#1087 = CARTESIAN_POINT('',(63.070247085012,559.,-93.92390639107));
#1088 = CARTESIAN_POINT('',(61.932919105923,559.,-91.1652879576));
#1089 = CARTESIAN_POINT('',(60.620979603727,559.,-87.93387274039));
#1090 = CARTESIAN_POINT('',(59.241285611235,559.,-84.51237354319));
#1091 = CARTESIAN_POINT('',(57.849800069904,559.,-81.06474181884));
#1092 = CARTESIAN_POINT('',(56.453412861047,559.,-77.63604682695));
#1093 = CARTESIAN_POINT('',(55.047281931885,559.,-74.23619981187));
#1094 = CARTESIAN_POINT('',(53.629650692475,559.,-70.86747968411));
#1095 = CARTESIAN_POINT('',(52.189679744027,559.,-67.53583115769));
#1096 = CARTESIAN_POINT('',(50.721451937835,559.,-64.2441863556));
#1097 = CARTESIAN_POINT('',(49.223993250363,559.,-60.99034192739));
#1098 = CARTESIAN_POINT('',(47.689411247226,559.,-57.77081075708));
#1099 = CARTESIAN_POINT('',(46.111885854204,559.,-54.58026406907));
#1100 = CARTESIAN_POINT('',(44.487761727736,559.,-51.41353596457));
#1101 = CARTESIAN_POINT('',(42.820666341593,559.,-48.2658038763));
#1102 = CARTESIAN_POINT('',(41.107567700256,559.,-45.13861219003));
#1103 = CARTESIAN_POINT('',(39.348045242118,559.,-42.03484169551));
#1104 = CARTESIAN_POINT('',(37.541369569805,559.,-38.95950001662));
#1105 = CARTESIAN_POINT('',(35.687111498498,559.,-35.9173987644));
#1106 = CARTESIAN_POINT('',(33.783713367376,559.,-32.91350755768));
#1107 = CARTESIAN_POINT('',(31.830678135105,559.,-29.95156940806));
#1108 = CARTESIAN_POINT('',(29.826670767831,559.,-27.03660504544));
#1109 = CARTESIAN_POINT('',(27.771348823597,559.,-24.17395796618));
#1110 = CARTESIAN_POINT('',(25.665368861506,559.,-21.36897600538));
#1111 = CARTESIAN_POINT('',(23.509419461002,559.,-18.62959828403));
#1112 = CARTESIAN_POINT('',(21.305074110231,559.,-15.96611614949));
#1113 = CARTESIAN_POINT('',(19.055405075563,559.,-13.39211499131));
#1114 = CARTESIAN_POINT('',(16.765243692227,559.,-10.92603763282));
#1115 = CARTESIAN_POINT('',(14.444339654564,559.,-8.592966097466));
#1116 = CARTESIAN_POINT('',(12.109884613197,559.,-6.426726355564));
#1117 = CARTESIAN_POINT('',(9.794523534553,559.,-4.475300606825));
#1118 = CARTESIAN_POINT('',(7.560027881228,559.,-2.801269127664));
#1119 = CARTESIAN_POINT('',(5.502911080146,559.,-1.474698694301));
#1120 = CARTESIAN_POINT('',(3.737825537791,559.,-0.548588970711));
#1121 = CARTESIAN_POINT('',(2.34557206266,559.,-2.705371203818E-03));
#1122 = CARTESIAN_POINT('',(1.546484173256,559.,0.165711827616));
#1123 = CARTESIAN_POINT('',(1.220564174185,559.,0.207103218573));
#1124 = PCURVE('',#739,#1125);
#1125 = DEFINITIONAL_REPRESENTATION('',(#1126),#1129);
#1126 = B_SPLINE_CURVE_WITH_KNOTS('',1,(#1127,#1128),.UNSPECIFIED.,.F.,
  .F.,(2,2),(0.,0.120425585217),.PIECEWISE_BEZIER_KNOTS.);
#1127 = CARTESIAN_POINT('',(0.,1.));
#1128 = CARTESIAN_POINT('',(0.120425585217,1.));
#1129 = ( GEOMETRIC_REPRESENTATION_CONTEXT(2) 
PARAMETRIC_REPRESENTATION_CONTEXT() REPRESENTATION_CONTEXT('2D SPACE',''
  ) );
#1130 = PCURVE('',#1131,#1214);
#1131 = B_SPLINE_SURFACE_WITH_KNOTS('',3,1,(
    (#1132,#1133)
    ,(#1134,#1135)
    ,(#1136,#1137)
    ,(#1138,#1139)
    ,(#1140,#1141)
    ,(#1142,#1143)
    ,(#1144,#1145)
    ,(#1146,#1147)
    ,(#1148,#1149)
    ,(#1150,#1151)
    ,(#1152,#1153)
    ,(#1154,#1155)
    ,(#1156,#1157)
    ,(#1158,#1159)
    ,(#1160,#1161)
    ,(#1162,#1163)
    ,(#1164,#1165)
    ,(#1166,#1167)
    ,(#1168,#1169)
    ,(#1170,#1171)
    ,(#1172,#1173)
    ,(#1174,#1175)
    ,(#1176,#1177)
    ,(#1178,#1179)
    ,(#1180,#1181)
    ,(#1182,#1183)
    ,(#1184,#1185)
    ,(#1186,#1187)
    ,(#1188,#1189)
    ,(#1190,#1191)
    ,(#1192,#1193)
    ,(#1194,#1195)
    ,(#1196,#1197)
    ,(#1198,#1199)
    ,(#1200,#1201)
    ,(#1202,#1203)
    ,(#1204,#1205)
    ,(#1206,#1207)
    ,(#1208,#1209)
    ,(#1210,#1211)
    ,(#1212,#1213
    )),.UNSPECIFIED.,.F.,.F.,.F.,(4,1,1,1,1,1,1,1,1,1,1,1,1,1,1,1,1,1,1,
    1,1,1,1,1,1,1,1,1,1,1,1,1,1,1,1,1,1,1,4),(2,2),(0.,1.30618963858E-03
    ,2.915003508088E-03,5.130290985112E-03,8.249630004512E-03,
    1.186658222683E-02,1.559300222073E-02,1.931724043315E-02,
    2.302012385581E-02,2.669938648588E-02,3.035464204629E-02,
    3.398457715142E-02,3.758771849057E-02,4.116714902725E-02,
    4.472994630241E-02,4.828703528625E-02,5.184447105226E-02,
    5.540637912867E-02,5.897253957224E-02,6.254112451437E-02,
    6.610942853111E-02,6.967238509472E-02,7.322864498103E-02,
    7.67773526062E-02,8.031539357894E-02,8.384008473457E-02,
    8.734881007421E-02,9.083727069402E-02,9.429716118699E-02,
    9.771973013473E-02,0.101091548379,0.104391840205,0.107590092783,
    0.110642674039,0.113471618978,0.115961201748,0.117976481015,
    0.119446149501,0.120425585217),(0.,1.),.UNSPECIFIED.);
#1132 = CARTESIAN_POINT('',(65.164584184541,559.,-98.93554156216));
#1133 = CARTESIAN_POINT('',(70.618205193094,713.8,-88.97454902641));
#1134 = CARTESIAN_POINT('',(64.997259049743,559.,-98.53358014666));
#1135 = CARTESIAN_POINT('',(70.424348463603,713.8,-88.60480598403));
#1136 = CARTESIAN_POINT('',(64.622454782309,559.,-97.63710915411));
#1137 = CARTESIAN_POINT('',(69.990445464273,713.8,-87.78032769391));
#1138 = CARTESIAN_POINT('',(63.960149456331,559.,-96.0604713379));
#1139 = CARTESIAN_POINT('',(69.224342833311,713.8,-86.33056977689));
#1140 = CARTESIAN_POINT('',(63.070247085012,559.,-93.92390639107));
#1141 = CARTESIAN_POINT('',(68.193438735872,713.8,-84.36529998482));
#1142 = CARTESIAN_POINT('',(61.932919105923,559.,-91.1652879576));
#1143 = CARTESIAN_POINT('',(66.873533081456,713.8,-81.8268606169));
#1144 = CARTESIAN_POINT('',(60.620979603727,559.,-87.93387274039));
#1145 = CARTESIAN_POINT('',(65.346812069465,713.8,-78.85164024649));
#1146 = CARTESIAN_POINT('',(59.241285611235,559.,-84.51237354319));
#1147 = CARTESIAN_POINT('',(63.739279440583,713.8,-75.7006085242));
#1148 = CARTESIAN_POINT('',(57.849800069904,559.,-81.06474181884));
#1149 = CARTESIAN_POINT('',(62.118271382078,713.8,-72.52561622584));
#1150 = CARTESIAN_POINT('',(56.453412861047,559.,-77.63604682695));
#1151 = CARTESIAN_POINT('',(60.494185565619,713.8,-69.36912560389));
#1152 = CARTESIAN_POINT('',(55.047281931885,559.,-74.23619981187));
#1153 = CARTESIAN_POINT('',(58.863236760996,713.8,-66.24101301428));
#1154 = CARTESIAN_POINT('',(53.629650692475,559.,-70.86747968411));
#1155 = CARTESIAN_POINT('',(57.22394025526,713.8,-63.14360382519));
#1156 = CARTESIAN_POINT('',(52.189679744027,559.,-67.53583115769));
#1157 = CARTESIAN_POINT('',(55.566446790698,713.8,-60.08349389028));
#1158 = CARTESIAN_POINT('',(50.721451937835,559.,-64.2441863556));
#1159 = CARTESIAN_POINT('',(53.885353215485,713.8,-57.06398484004));
#1160 = CARTESIAN_POINT('',(49.223993250363,559.,-60.99034192739));
#1161 = CARTESIAN_POINT('',(52.179542624764,713.8,-54.08305474225));
#1162 = CARTESIAN_POINT('',(47.689411247226,559.,-57.77081075708));
#1163 = CARTESIAN_POINT('',(50.441181590126,713.8,-51.13804148862));
#1164 = CARTESIAN_POINT('',(46.111885854204,559.,-54.58026406907));
#1165 = CARTESIAN_POINT('',(48.664260022032,713.8,-48.22434847826));
#1166 = CARTESIAN_POINT('',(44.487761727736,559.,-51.41353596457));
#1167 = CARTESIAN_POINT('',(46.844849166647,713.8,-45.33735133338));
#1168 = CARTESIAN_POINT('',(42.820666341593,559.,-48.2658038763));
#1169 = CARTESIAN_POINT('',(44.98600518972,713.8,-42.47213677752));
#1170 = CARTESIAN_POINT('',(41.107567700256,559.,-45.13861219003));
#1171 = CARTESIAN_POINT('',(43.084963024203,713.8,-39.63043665208));
#1172 = CARTESIAN_POINT('',(39.348045242118,559.,-42.03484169551));
#1173 = CARTESIAN_POINT('',(41.141564977867,713.8,-36.81503802751));
#1174 = CARTESIAN_POINT('',(37.541369569805,559.,-38.95950001662));
#1175 = CARTESIAN_POINT('',(39.155538519951,713.8,-34.03078547685));
#1176 = CARTESIAN_POINT('',(35.687111498498,559.,-35.9173987644));
#1177 = CARTESIAN_POINT('',(37.12688125239,713.8,-31.28231093424));
#1178 = CARTESIAN_POINT('',(33.783713367376,559.,-32.91350755768));
#1179 = CARTESIAN_POINT('',(35.05452634863,713.8,-28.57449282347));
#1180 = CARTESIAN_POINT('',(31.830678135105,559.,-29.95156940806));
#1181 = CARTESIAN_POINT('',(32.938316095993,713.8,-25.91094820317));
#1182 = CARTESIAN_POINT('',(29.826670767831,559.,-27.03660504544));
#1183 = CARTESIAN_POINT('',(30.777400628462,713.8,-23.29658545812));
#1184 = CARTESIAN_POINT('',(27.771348823597,559.,-24.17395796618));
#1185 = CARTESIAN_POINT('',(28.571905444182,713.8,-20.73653718115));
#1186 = CARTESIAN_POINT('',(25.665368861506,559.,-21.36897600538));
#1187 = CARTESIAN_POINT('',(26.322910557753,713.8,-18.23585549896));
#1188 = CARTESIAN_POINT('',(23.509419461002,559.,-18.62959828403));
#1189 = CARTESIAN_POINT('',(24.031746034539,713.8,-15.80206477147));
#1190 = CARTESIAN_POINT('',(21.305074110231,559.,-15.96611614949));
#1191 = CARTESIAN_POINT('',(21.700786339892,713.8,-13.44486103019));
#1192 = CARTESIAN_POINT('',(19.055405075563,559.,-13.39211499131));
#1193 = CARTESIAN_POINT('',(19.334116414586,713.8,-11.17695951799));
#1194 = CARTESIAN_POINT('',(16.765243692227,559.,-10.92603763282));
#1195 = CARTESIAN_POINT('',(16.937912690092,713.8,-9.015565843951));
#1196 = CARTESIAN_POINT('',(14.444339654564,559.,-8.592966097466));
#1197 = CARTESIAN_POINT('',(14.523611442486,713.8,-6.983810178972));
#1198 = CARTESIAN_POINT('',(12.109884613197,559.,-6.426726355564));
#1199 = CARTESIAN_POINT('',(12.11049734864,713.8,-5.112543770706));
#1200 = CARTESIAN_POINT('',(9.794523534553,559.,-4.475300606825));
#1201 = CARTESIAN_POINT('',(9.733813551689,713.8,-3.444829711976));
#1202 = CARTESIAN_POINT('',(7.560027881228,559.,-2.801269127664));
#1203 = CARTESIAN_POINT('',(7.457858379773,713.8,-2.035206905417));
#1204 = CARTESIAN_POINT('',(5.502911080146,559.,-1.474698694301));
#1205 = CARTESIAN_POINT('',(5.380746384493,713.8,-0.942422174416));
#1206 = CARTESIAN_POINT('',(3.737825537791,559.,-0.548588970711));
#1207 = CARTESIAN_POINT('',(3.616471219672,713.8,-0.207385216551));
#1208 = CARTESIAN_POINT('',(2.34557206266,559.,-2.705371203818E-03));
#1209 = CARTESIAN_POINT('',(2.24049222514,713.8,0.196073478823));
#1210 = CARTESIAN_POINT('',(1.546484173256,559.,0.165711827616));
#1211 = CARTESIAN_POINT('',(1.463016888631,713.8,0.289250800581));
#1212 = CARTESIAN_POINT('',(1.220564174185,559.,0.207103218573));
#1213 = CARTESIAN_POINT('',(1.14822406556,713.8,0.301180167663));
#1214 = DEFINITIONAL_REPRESENTATION('',(#1215),#1218);
#1215 = B_SPLINE_CURVE_WITH_KNOTS('',1,(#1216,#1217),.UNSPECIFIED.,.F.,
  .F.,(2,2),(0.,0.120425585217),.PIECEWISE_BEZIER_KNOTS.);
#1216 = CARTESIAN_POINT('',(0.,0.));
#1217 = CARTESIAN_POINT('',(0.120425585217,0.));
#1218 = ( GEOMETRIC_REPRESENTATION_CONTEXT(2) 
PARAMETRIC_REPRESENTATION_CONTEXT() REPRESENTATION_CONTEXT('2D SPACE',''
  ) );
#1219 = ORIENTED_EDGE('',*,*,#1017,.F.);
#1220 = ADVANCED_FACE('',(#1221),#908,.F.);
#1221 = FACE_BOUND('',#1222,.F.);
#1222 = EDGE_LOOP('',(#1223,#1224,#1244,#1392));
#1223 = ORIENTED_EDGE('',*,*,#853,.T.);
#1224 = ORIENTED_EDGE('',*,*,#1225,.T.);
#1225 = EDGE_CURVE('',#834,#1226,#1228,.T.);
#1226 = VERTEX_POINT('',#1227);
#1227 = CARTESIAN_POINT('',(70.440262773982,713.8,-89.11579463754));
#1228 = SURFACE_CURVE('',#1229,(#1232,#1238),.PCURVE_S1.);
#1229 = B_SPLINE_CURVE_WITH_KNOTS('',1,(#1230,#1231),.UNSPECIFIED.,.F.,
  .F.,(2,2),(0.,1.),.PIECEWISE_BEZIER_KNOTS.);
#1230 = CARTESIAN_POINT('',(64.966719192185,559.,-99.06588090389));
#1231 = CARTESIAN_POINT('',(70.440262773982,713.8,-89.11579463754));
#1232 = PCURVE('',#908,#1233);
#1233 = DEFINITIONAL_REPRESENTATION('',(#1234),#1237);
#1234 = B_SPLINE_CURVE_WITH_KNOTS('',1,(#1235,#1236),.UNSPECIFIED.,.F.,
  .F.,(2,2),(0.,1.),.PIECEWISE_BEZIER_KNOTS.);
#1235 = CARTESIAN_POINT('',(0.119199536223,0.));
#1236 = CARTESIAN_POINT('',(0.119199536223,1.));
#1237 = ( GEOMETRIC_REPRESENTATION_CONTEXT(2) 
PARAMETRIC_REPRESENTATION_CONTEXT() REPRESENTATION_CONTEXT('2D SPACE',''
  ) );
#1238 = PCURVE('',#1050,#1239);
#1239 = DEFINITIONAL_REPRESENTATION('',(#1240),#1243);
#1240 = B_SPLINE_CURVE_WITH_KNOTS('',1,(#1241,#1242),.UNSPECIFIED.,.F.,
  .F.,(2,2),(0.,1.),.PIECEWISE_BEZIER_KNOTS.);
#1241 = CARTESIAN_POINT('',(0.,0.));
#1242 = CARTESIAN_POINT('',(0.,1.));
#1243 = ( GEOMETRIC_REPRESENTATION_CONTEXT(2) 
PARAMETRIC_REPRESENTATION_CONTEXT() REPRESENTATION_CONTEXT('2D SPACE',''
  ) );
#1244 = ORIENTED_EDGE('',*,*,#1245,.F.);
#1245 = EDGE_CURVE('',#1246,#1226,#1248,.T.);
#1246 = VERTEX_POINT('',#1247);
#1247 = CARTESIAN_POINT('',(0.,713.8,0.));
#1248 = SURFACE_CURVE('',#1249,(#1293,#1299),.PCURVE_S1.);
#1249 = B_SPLINE_CURVE_WITH_KNOTS('',3,(#1250,#1251,#1252,#1253,#1254,
    #1255,#1256,#1257,#1258,#1259,#1260,#1261,#1262,#1263,#1264,#1265,
    #1266,#1267,#1268,#1269,#1270,#1271,#1272,#1273,#1274,#1275,#1276,
    #1277,#1278,#1279,#1280,#1281,#1282,#1283,#1284,#1285,#1286,#1287,
    #1288,#1289,#1290,#1291,#1292),.UNSPECIFIED.,.F.,.F.,(4,1,1,1,1,1,1,
    1,1,1,1,1,1,1,1,1,1,1,1,1,1,1,1,1,1,1,1,1,1,1,1,1,1,1,1,1,1,1,1,1,4)
  ,(0.,1.670478586983E-04,4.800744299491E-04,8.145355737984E-04,
    1.251912598057E-03,1.967116273091E-03,3.210382079994E-03,
    5.22432354634E-03,7.942415913497E-03,1.10835779464E-02,
    1.442584753029E-02,1.78630698124E-02,2.134822017814E-02,
    2.486210419946E-02,2.839623100449E-02,3.194594468722E-02,
    3.550847687359E-02,3.90823305496E-02,4.266333956496E-02,
    4.624019350743E-02,4.981164690387E-02,5.337902203907E-02,
    5.694274894417E-02,6.050279016272E-02,6.405876499419E-02,
    6.761055480434E-02,7.115700670839E-02,7.469730831267E-02,
    7.823091046784E-02,8.175794085663E-02,8.527905382443E-02,
    8.879523960869E-02,9.230550443903E-02,9.580740417619E-02,
    9.930217969093E-02,0.10280790086,0.10631831181,0.109354720437,
    0.111495434612,0.113041399053,0.114294583954),.UNSPECIFIED.);
#1250 = CARTESIAN_POINT('',(0.,713.8,0.));
#1251 = CARTESIAN_POINT('',(-4.388927421439E-02,713.8,
    -3.432647928515E-02));
#1252 = CARTESIAN_POINT('',(-0.161065053951,713.8,-0.144385736904));
#1253 = CARTESIAN_POINT('',(-0.311431122995,713.8,-0.376158384186));
#1254 = CARTESIAN_POINT('',(-0.400344862619,713.8,-0.734599409019));
#1255 = CARTESIAN_POINT('',(-0.33205661807,713.8,-1.234113736705));
#1256 = CARTESIAN_POINT('',(-4.518551287168E-02,713.8,-1.982241549266));
#1257 = CARTESIAN_POINT('',(0.581118528526,713.8,-3.151726320825));
#1258 = CARTESIAN_POINT('',(1.671518776574,713.8,-4.820224194321));
#1259 = CARTESIAN_POINT('',(3.211410971546,713.8,-6.945980955565));
#1260 = CARTESIAN_POINT('',(5.084005635696,713.8,-9.375558065152));
#1261 = CARTESIAN_POINT('',(7.152676945139,713.8,-11.95564225443));
#1262 = CARTESIAN_POINT('',(9.325239131858,713.8,-14.59900286183));
#1263 = CARTESIAN_POINT('',(11.557582883313,713.8,-17.26707125258));
#1264 = CARTESIAN_POINT('',(13.828489471583,713.8,-19.94487082686));
#1265 = CARTESIAN_POINT('',(16.125992216207,713.8,-22.62826933355));
#1266 = CARTESIAN_POINT('',(18.442807196171,713.8,-25.31644991555));
#1267 = CARTESIAN_POINT('',(20.774217139884,713.8,-28.00951881138));
#1268 = CARTESIAN_POINT('',(23.115754724218,713.8,-30.70761228929));
#1269 = CARTESIAN_POINT('',(25.459624866388,713.8,-33.41000211968));
#1270 = CARTESIAN_POINT('',(27.802018764426,713.8,-36.11261324852));
#1271 = CARTESIAN_POINT('',(30.138588806761,713.8,-38.81425648629));
#1272 = CARTESIAN_POINT('',(32.468134192767,713.8,-41.51618490591));
#1273 = CARTESIAN_POINT('',(34.790707221173,713.8,-44.21909617006));
#1274 = CARTESIAN_POINT('',(37.105176779805,713.8,-46.92395149626));
#1275 = CARTESIAN_POINT('',(39.410503180253,713.8,-49.63138089011));
#1276 = CARTESIAN_POINT('',(41.705507281425,713.8,-52.34163399931));
#1277 = CARTESIAN_POINT('',(43.988696188448,713.8,-55.0550264027));
#1278 = CARTESIAN_POINT('',(46.257775949928,713.8,-57.77233810838));
#1279 = CARTESIAN_POINT('',(48.511155208545,713.8,-60.49428865495));
#1280 = CARTESIAN_POINT('',(50.746843177622,713.8,-63.22252983649));
#1281 = CARTESIAN_POINT('',(52.963415883858,713.8,-65.9588616991));
#1282 = CARTESIAN_POINT('',(55.159738309214,713.8,-68.70432325439));
#1283 = CARTESIAN_POINT('',(57.33482288867,713.8,-71.4584867454));
#1284 = CARTESIAN_POINT('',(59.486761625672,713.8,-74.22174131217));
#1285 = CARTESIAN_POINT('',(61.615558802924,713.8,-77.00097304672));
#1286 = CARTESIAN_POINT('',(63.719664271609,713.8,-79.80251032997));
#1287 = CARTESIAN_POINT('',(65.705687660773,713.8,-82.50143475808));
#1288 = CARTESIAN_POINT('',(67.403560407976,713.8,-84.84734937048));
#1289 = CARTESIAN_POINT('',(68.70482058451,713.8,-86.6718970571));
#1290 = CARTESIAN_POINT('',(69.656942371671,713.8,-88.01533484966));
#1291 = CARTESIAN_POINT('',(70.197633817041,713.8,-88.77575263119));
#1292 = CARTESIAN_POINT('',(70.440262773982,713.8,-89.11579463754));
#1293 = PCURVE('',#908,#1294);
#1294 = DEFINITIONAL_REPRESENTATION('',(#1295),#1298);
#1295 = B_SPLINE_CURVE_WITH_KNOTS('',1,(#1296,#1297),.UNSPECIFIED.,.F.,
  .F.,(2,2),(0.,0.114294583954),.PIECEWISE_BEZIER_KNOTS.);
#1296 = CARTESIAN_POINT('',(0.,1.));
#1297 = CARTESIAN_POINT('',(0.119199536223,1.));
#1298 = ( GEOMETRIC_REPRESENTATION_CONTEXT(2) 
PARAMETRIC_REPRESENTATION_CONTEXT() REPRESENTATION_CONTEXT('2D SPACE',''
  ) );
#1299 = PCURVE('',#1300,#1387);
#1300 = B_SPLINE_SURFACE_WITH_KNOTS('',3,1,(
    (#1301,#1302)
    ,(#1303,#1304)
    ,(#1305,#1306)
    ,(#1307,#1308)
    ,(#1309,#1310)
    ,(#1311,#1312)
    ,(#1313,#1314)
    ,(#1315,#1316)
    ,(#1317,#1318)
    ,(#1319,#1320)
    ,(#1321,#1322)
    ,(#1323,#1324)
    ,(#1325,#1326)
    ,(#1327,#1328)
    ,(#1329,#1330)
    ,(#1331,#1332)
    ,(#1333,#1334)
    ,(#1335,#1336)
    ,(#1337,#1338)
    ,(#1339,#1340)
    ,(#1341,#1342)
    ,(#1343,#1344)
    ,(#1345,#1346)
    ,(#1347,#1348)
    ,(#1349,#1350)
    ,(#1351,#1352)
    ,(#1353,#1354)
    ,(#1355,#1356)
    ,(#1357,#1358)
    ,(#1359,#1360)
    ,(#1361,#1362)
    ,(#1363,#1364)
    ,(#1365,#1366)
    ,(#1367,#1368)
    ,(#1369,#1370)
    ,(#1371,#1372)
    ,(#1373,#1374)
    ,(#1375,#1376)
    ,(#1377,#1378)
    ,(#1379,#1380)
    ,(#1381,#1382)
    ,(#1383,#1384)
    ,(#1385,#1386
    )),.UNSPECIFIED.,.F.,.F.,.F.,(4,1,1,1,1,1,1,1,1,1,1,1,1,1,1,1,1,1,1,
    1,1,1,1,1,1,1,1,1,1,1,1,1,1,1,1,1,1,1,1,1,4),(2,2),(0.,
    1.670478586983E-04,4.800744299491E-04,8.145355737984E-04,
    1.251912598057E-03,1.967116273091E-03,3.210382079994E-03,
    5.22432354634E-03,7.942415913497E-03,1.10835779464E-02,
    1.442584753029E-02,1.78630698124E-02,2.134822017814E-02,
    2.486210419946E-02,2.839623100449E-02,3.194594468722E-02,
    3.550847687359E-02,3.90823305496E-02,4.266333956496E-02,
    4.624019350743E-02,4.981164690387E-02,5.337902203907E-02,
    5.694274894417E-02,6.050279016272E-02,6.405876499419E-02,
    6.761055480434E-02,7.115700670839E-02,7.469730831267E-02,
    7.823091046784E-02,8.175794085663E-02,8.527905382443E-02,
    8.879523960869E-02,9.230550443903E-02,9.580740417619E-02,
    9.930217969093E-02,0.10280790086,0.10631831181,0.109354720437,
    0.111495434612,0.113041399053,0.114294583954),(0.,1.),
  .UNSPECIFIED.);
#1301 = CARTESIAN_POINT('',(0.,713.8,0.));
#1302 = CARTESIAN_POINT('',(0.,868.6,0.));
#1303 = CARTESIAN_POINT('',(-4.388927421439E-02,713.8,
    -3.432647928515E-02));
#1304 = CARTESIAN_POINT('',(-3.973235066735E-02,868.6,
    -3.710850837778E-02));
#1305 = CARTESIAN_POINT('',(-0.161065053951,713.8,-0.144385736904));
#1306 = CARTESIAN_POINT('',(-0.144239377376,868.6,-0.154079527525));
#1307 = CARTESIAN_POINT('',(-0.311431122995,713.8,-0.376158384186));
#1308 = CARTESIAN_POINT('',(-0.270626049521,868.6,-0.392186065706));
#1309 = CARTESIAN_POINT('',(-0.400344862619,713.8,-0.734599409019));
#1310 = CARTESIAN_POINT('',(-0.326477702067,868.6,-0.748172133588));
#1311 = CARTESIAN_POINT('',(-0.33205661807,713.8,-1.234113736705));
#1312 = CARTESIAN_POINT('',(-0.217497638753,868.6,-1.227872602522));
#1313 = CARTESIAN_POINT('',(-4.518551287168E-02,713.8,-1.982241549266));
#1314 = CARTESIAN_POINT('',(0.125148236442,868.6,-1.930580607409));
#1315 = CARTESIAN_POINT('',(0.581118528526,713.8,-3.151726320825));
#1316 = CARTESIAN_POINT('',(0.833659001599,868.6,-3.013894269598));
#1317 = CARTESIAN_POINT('',(1.671518776574,713.8,-4.820224194321));
#1318 = CARTESIAN_POINT('',(2.035829999489,868.6,-4.542662172802));
#1319 = CARTESIAN_POINT('',(3.211410971546,713.8,-6.945980955565));
#1320 = CARTESIAN_POINT('',(3.713904700978,868.6,-6.477545094721));
#1321 = CARTESIAN_POINT('',(5.084005635696,713.8,-9.375558065152));
#1322 = CARTESIAN_POINT('',(5.741277450324,868.6,-8.679362858222));
#1323 = CARTESIAN_POINT('',(7.152676945139,713.8,-11.95564225443));
#1324 = CARTESIAN_POINT('',(7.972072469123,868.6,-11.01074891953));
#1325 = CARTESIAN_POINT('',(9.325239131858,713.8,-14.59900286183));
#1326 = CARTESIAN_POINT('',(10.309245723756,868.6,-13.39477826771));
#1327 = CARTESIAN_POINT('',(11.557582883313,713.8,-17.26707125258));
#1328 = CARTESIAN_POINT('',(12.706633656836,868.6,-15.79772457325));
#1329 = CARTESIAN_POINT('',(13.828489471583,713.8,-19.94487082686));
#1330 = CARTESIAN_POINT('',(15.14233441844,868.6,-18.20684044898));
#1331 = CARTESIAN_POINT('',(16.125992216207,713.8,-22.62826933355));
#1332 = CARTESIAN_POINT('',(17.604364022574,868.6,-20.61913002775));
#1333 = CARTESIAN_POINT('',(18.442807196171,713.8,-25.31644991555));
#1334 = CARTESIAN_POINT('',(20.085572871599,868.6,-23.0344205857));
#1335 = CARTESIAN_POINT('',(20.774217139884,713.8,-28.00951881138));
#1336 = CARTESIAN_POINT('',(22.581384867604,868.6,-25.45321772903));
#1337 = CARTESIAN_POINT('',(23.115754724218,713.8,-30.70761228929));
#1338 = CARTESIAN_POINT('',(25.087469422335,868.6,-27.87603493416));
#1339 = CARTESIAN_POINT('',(25.459624866388,713.8,-33.41000211968));
#1340 = CARTESIAN_POINT('',(27.596187651205,868.6,-30.30282922037));
#1341 = CARTESIAN_POINT('',(27.802018764426,713.8,-36.11261324852));
#1342 = CARTESIAN_POINT('',(30.103489854672,868.6,-32.72996451835));
#1343 = CARTESIAN_POINT('',(30.138588806761,713.8,-38.81425648629));
#1344 = CARTESIAN_POINT('',(32.605048753151,868.6,-35.15665575728));
#1345 = CARTESIAN_POINT('',(32.468134192767,713.8,-41.51618490591));
#1346 = CARTESIAN_POINT('',(35.099804052194,868.6,-37.58422333443));
#1347 = CARTESIAN_POINT('',(34.790707221173,713.8,-44.21909617006));
#1348 = CARTESIAN_POINT('',(37.587866090518,868.6,-40.01334091303));
#1349 = CARTESIAN_POINT('',(37.105176779805,713.8,-46.92395149626));
#1350 = CARTESIAN_POINT('',(40.068217417648,868.6,-42.44503926483));
#1351 = CARTESIAN_POINT('',(39.410503180253,713.8,-49.63138089011));
#1352 = CARTESIAN_POINT('',(42.539901196905,868.6,-44.88001942798));
#1353 = CARTESIAN_POINT('',(41.705507281425,713.8,-52.34163399931));
#1354 = CARTESIAN_POINT('',(45.001792603173,868.6,-47.31862462918));
#1355 = CARTESIAN_POINT('',(43.988696188448,713.8,-55.0550264027));
#1356 = CARTESIAN_POINT('',(47.452467467939,868.6,-49.76128894032));
#1357 = CARTESIAN_POINT('',(46.257775949928,713.8,-57.77233810838));
#1358 = CARTESIAN_POINT('',(49.889762612504,868.6,-52.20896617898));
#1359 = CARTESIAN_POINT('',(48.511155208545,713.8,-60.49428865495));
#1360 = CARTESIAN_POINT('',(52.312192617778,868.6,-54.66249146145));
#1361 = CARTESIAN_POINT('',(50.746843177622,713.8,-63.22252983649));
#1362 = CARTESIAN_POINT('',(54.717963335212,868.6,-57.1236401186));
#1363 = CARTESIAN_POINT('',(52.963415883858,713.8,-65.9588616991));
#1364 = CARTESIAN_POINT('',(57.105844200023,868.6,-59.59428323701));
#1365 = CARTESIAN_POINT('',(55.159738309214,713.8,-68.70432325439));
#1366 = CARTESIAN_POINT('',(59.474820600436,868.6,-62.07552753695));
#1367 = CARTESIAN_POINT('',(57.33482288867,713.8,-71.4584867454));
#1368 = CARTESIAN_POINT('',(61.823896145269,868.6,-64.56704147212));
#1369 = CARTESIAN_POINT('',(59.486761625672,713.8,-74.22174131217));
#1370 = CARTESIAN_POINT('',(64.15124946386,868.6,-67.06936602009));
#1371 = CARTESIAN_POINT('',(61.615558802924,713.8,-77.00097304672));
#1372 = CARTESIAN_POINT('',(66.457472043822,868.6,-69.58919405494));
#1373 = CARTESIAN_POINT('',(63.719664271609,713.8,-79.80251032997));
#1374 = CARTESIAN_POINT('',(68.741596906839,868.6,-72.13280893868));
#1375 = CARTESIAN_POINT('',(65.705687660773,713.8,-82.50143475808));
#1376 = CARTESIAN_POINT('',(70.902194709983,868.6,-74.5867561476));
#1377 = CARTESIAN_POINT('',(67.403560407976,713.8,-84.84734937048));
#1378 = CARTESIAN_POINT('',(72.75260312743,868.6,-76.7221567629));
#1379 = CARTESIAN_POINT('',(68.70482058451,713.8,-86.6718970571));
#1380 = CARTESIAN_POINT('',(74.173038403503,868.6,-78.3846195791));
#1381 = CARTESIAN_POINT('',(69.656942371671,713.8,-88.01533484966));
#1382 = CARTESIAN_POINT('',(75.213078733296,868.6,-79.60922504266));
#1383 = CARTESIAN_POINT('',(70.197633817041,713.8,-88.77575263119));
#1384 = CARTESIAN_POINT('',(75.80348465702,868.6,-80.30223011449));
#1385 = CARTESIAN_POINT('',(70.440262773982,713.8,-89.11579463754));
#1386 = CARTESIAN_POINT('',(76.068321199727,868.6,-80.61205468775));
#1387 = DEFINITIONAL_REPRESENTATION('',(#1388),#1391);
#1388 = B_SPLINE_CURVE_WITH_KNOTS('',1,(#1389,#1390),.UNSPECIFIED.,.F.,
  .F.,(2,2),(0.,0.114294583954),.PIECEWISE_BEZIER_KNOTS.);
#1389 = CARTESIAN_POINT('',(0.,0.));
#1390 = CARTESIAN_POINT('',(0.114294583954,0.));
#1391 = ( GEOMETRIC_REPRESENTATION_CONTEXT(2) 
PARAMETRIC_REPRESENTATION_CONTEXT() REPRESENTATION_CONTEXT('2D SPACE',''
  ) );
#1392 = ORIENTED_EDGE('',*,*,#1393,.F.);
#1393 = EDGE_CURVE('',#854,#1246,#1394,.T.);
#1394 = SURFACE_CURVE('',#1395,(#1398),.PCURVE_S1.);
#1395 = B_SPLINE_CURVE_WITH_KNOTS('',1,(#1396,#1397),.UNSPECIFIED.,.F.,
  .F.,(2,2),(0.,1.),.PIECEWISE_BEZIER_KNOTS.);
#1396 = CARTESIAN_POINT('',(0.,559.,0.));
#1397 = CARTESIAN_POINT('',(0.,713.8,0.));
#1398 = PCURVE('',#908,#1399);
#1399 = DEFINITIONAL_REPRESENTATION('',(#1400),#1403);
#1400 = B_SPLINE_CURVE_WITH_KNOTS('',1,(#1401,#1402),.UNSPECIFIED.,.F.,
  .F.,(2,2),(0.,1.),.PIECEWISE_BEZIER_KNOTS.);
#1401 = CARTESIAN_POINT('',(0.,0.));
#1402 = CARTESIAN_POINT('',(0.,1.));
#1403 = ( GEOMETRIC_REPRESENTATION_CONTEXT(2) 
PARAMETRIC_REPRESENTATION_CONTEXT() REPRESENTATION_CONTEXT('2D SPACE',''
  ) );
#1404 = ADVANCED_FACE('',(#1405),#1050,.F.);
#1405 = FACE_BOUND('',#1406,.F.);
#1406 = EDGE_LOOP('',(#1407,#1408,#1428,#1452));
#1407 = ORIENTED_EDGE('',*,*,#1037,.T.);
#1408 = ORIENTED_EDGE('',*,*,#1409,.T.);
#1409 = EDGE_CURVE('',#1018,#1410,#1412,.T.);
#1410 = VERTEX_POINT('',#1411);
#1411 = CARTESIAN_POINT('',(70.618205193094,713.8,-88.97454902641));
#1412 = SURFACE_CURVE('',#1413,(#1416,#1422),.PCURVE_S1.);
#1413 = B_SPLINE_CURVE_WITH_KNOTS('',1,(#1414,#1415),.UNSPECIFIED.,.F.,
  .F.,(2,2),(0.,1.),.PIECEWISE_BEZIER_KNOTS.);
#1414 = CARTESIAN_POINT('',(65.164584184541,559.,-98.93554156216));
#1415 = CARTESIAN_POINT('',(70.618205193094,713.8,-88.97454902641));
#1416 = PCURVE('',#1050,#1417);
#1417 = DEFINITIONAL_REPRESENTATION('',(#1418),#1421);
#1418 = B_SPLINE_CURVE_WITH_KNOTS('',1,(#1419,#1420),.UNSPECIFIED.,.F.,
  .F.,(2,2),(0.,1.),.PIECEWISE_BEZIER_KNOTS.);
#1419 = CARTESIAN_POINT('',(2.369364876959E-04,0.));
#1420 = CARTESIAN_POINT('',(2.369364876959E-04,1.));
#1421 = ( GEOMETRIC_REPRESENTATION_CONTEXT(2) 
PARAMETRIC_REPRESENTATION_CONTEXT() REPRESENTATION_CONTEXT('2D SPACE',''
  ) );
#1422 = PCURVE('',#1131,#1423);
#1423 = DEFINITIONAL_REPRESENTATION('',(#1424),#1427);
#1424 = B_SPLINE_CURVE_WITH_KNOTS('',1,(#1425,#1426),.UNSPECIFIED.,.F.,
  .F.,(2,2),(0.,1.),.PIECEWISE_BEZIER_KNOTS.);
#1425 = CARTESIAN_POINT('',(0.,0.));
#1426 = CARTESIAN_POINT('',(0.,1.));
#1427 = ( GEOMETRIC_REPRESENTATION_CONTEXT(2) 
PARAMETRIC_REPRESENTATION_CONTEXT() REPRESENTATION_CONTEXT('2D SPACE',''
  ) );
#1428 = ORIENTED_EDGE('',*,*,#1429,.F.);
#1429 = EDGE_CURVE('',#1226,#1410,#1430,.T.);
#1430 = SURFACE_CURVE('',#1431,(#1435,#1441),.PCURVE_S1.);
#1431 = LINE('',#1432,#1433);
#1432 = CARTESIAN_POINT('',(70.440262773982,713.8,-89.11579463754));
#1433 = VECTOR('',#1434,1.);
#1434 = DIRECTION('',(0.783242885648,0.,0.621715837085));
#1435 = PCURVE('',#1050,#1436);
#1436 = DEFINITIONAL_REPRESENTATION('',(#1437),#1440);
#1437 = B_SPLINE_CURVE_WITH_KNOTS('',1,(#1438,#1439),.UNSPECIFIED.,.F.,
  .F.,(2,2),(0.,0.227186767186),.PIECEWISE_BEZIER_KNOTS.);
#1438 = CARTESIAN_POINT('',(0.,1.));
#1439 = CARTESIAN_POINT('',(2.271867671864E-04,1.));
#1440 = ( GEOMETRIC_REPRESENTATION_CONTEXT(2) 
PARAMETRIC_REPRESENTATION_CONTEXT() REPRESENTATION_CONTEXT('2D SPACE',''
  ) );
#1441 = PCURVE('',#1442,#1447);
#1442 = B_SPLINE_SURFACE_WITH_KNOTS('',1,1,(
    (#1443,#1444)
    ,(#1445,#1446
    )),.UNSPECIFIED.,.F.,.F.,.F.,(2,2),(2,2),(0.,2.271867671864E-04),(0.
    ,1.),.PIECEWISE_BEZIER_KNOTS.);
#1443 = CARTESIAN_POINT('',(70.440262773982,713.8,-89.11579463754));
#1444 = CARTESIAN_POINT('',(76.068321199727,868.6,-80.61205468775));
#1445 = CARTESIAN_POINT('',(70.618205193094,713.8,-88.97454902641));
#1446 = CARTESIAN_POINT('',(76.229233098789,868.6,-80.45958784813));
#1447 = DEFINITIONAL_REPRESENTATION('',(#1448),#1451);
#1448 = B_SPLINE_CURVE_WITH_KNOTS('',1,(#1449,#1450),.UNSPECIFIED.,.F.,
  .F.,(2,2),(0.,0.227186767186),.PIECEWISE_BEZIER_KNOTS.);
#1449 = CARTESIAN_POINT('',(0.,0.));
#1450 = CARTESIAN_POINT('',(2.271867671864E-04,0.));
#1451 = ( GEOMETRIC_REPRESENTATION_CONTEXT(2) 
PARAMETRIC_REPRESENTATION_CONTEXT() REPRESENTATION_CONTEXT('2D SPACE',''
  ) );
#1452 = ORIENTED_EDGE('',*,*,#1225,.F.);
#1453 = ADVANCED_FACE('',(#1454),#1131,.F.);
#1454 = FACE_BOUND('',#1455,.F.);
#1455 = EDGE_LOOP('',(#1456,#1457,#1471,#1611));
#1456 = ORIENTED_EDGE('',*,*,#1080,.T.);
#1457 = ORIENTED_EDGE('',*,*,#1458,.T.);
#1458 = EDGE_CURVE('',#1067,#1459,#1461,.T.);
#1459 = VERTEX_POINT('',#1460);
#1460 = CARTESIAN_POINT('',(1.14822406556,713.8,0.301180167663));
#1461 = SURFACE_CURVE('',#1462,(#1465),.PCURVE_S1.);
#1462 = B_SPLINE_CURVE_WITH_KNOTS('',1,(#1463,#1464),.UNSPECIFIED.,.F.,
  .F.,(2,2),(0.,1.),.PIECEWISE_BEZIER_KNOTS.);
#1463 = CARTESIAN_POINT('',(1.220564174185,559.,0.207103218573));
#1464 = CARTESIAN_POINT('',(1.14822406556,713.8,0.301180167663));
#1465 = PCURVE('',#1131,#1466);
#1466 = DEFINITIONAL_REPRESENTATION('',(#1467),#1470);
#1467 = B_SPLINE_CURVE_WITH_KNOTS('',1,(#1468,#1469),.UNSPECIFIED.,.F.,
  .F.,(2,2),(0.,1.),.PIECEWISE_BEZIER_KNOTS.);
#1468 = CARTESIAN_POINT('',(0.120425585217,0.));
#1469 = CARTESIAN_POINT('',(0.120425585217,1.));
#1470 = ( GEOMETRIC_REPRESENTATION_CONTEXT(2) 
PARAMETRIC_REPRESENTATION_CONTEXT() REPRESENTATION_CONTEXT('2D SPACE',''
  ) );
#1471 = ORIENTED_EDGE('',*,*,#1472,.F.);
#1472 = EDGE_CURVE('',#1410,#1459,#1473,.T.);
#1473 = SURFACE_CURVE('',#1474,(#1516,#1522),.PCURVE_S1.);
#1474 = B_SPLINE_CURVE_WITH_KNOTS('',3,(#1475,#1476,#1477,#1478,#1479,
    #1480,#1481,#1482,#1483,#1484,#1485,#1486,#1487,#1488,#1489,#1490,
    #1491,#1492,#1493,#1494,#1495,#1496,#1497,#1498,#1499,#1500,#1501,
    #1502,#1503,#1504,#1505,#1506,#1507,#1508,#1509,#1510,#1511,#1512,
    #1513,#1514,#1515),.UNSPECIFIED.,.F.,.F.,(4,1,1,1,1,1,1,1,1,1,1,1,1,
    1,1,1,1,1,1,1,1,1,1,1,1,1,1,1,1,1,1,1,1,1,1,1,1,1,4),(0.,
    1.252441125498E-03,2.795053770652E-03,4.919184187153E-03,
    7.91016524907E-03,1.137828318416E-02,1.495136439181E-02,
    1.852235359631E-02,2.207286674116E-02,2.560073106753E-02,
    2.910557619327E-02,3.258614277737E-02,3.604101813455E-02,
    3.947315836717E-02,4.288934978182E-02,4.630006779614E-02,
    4.971111832285E-02,5.312645712847E-02,5.654587332021E-02,
    5.996761424461E-02,6.338908580345E-02,6.680542995197E-02,
    7.021535298537E-02,7.361803452628E-02,7.701048833779E-02,
    8.039014166499E-02,8.375448615499E-02,8.709939979991E-02,
    9.041691895266E-02,9.369865230775E-02,9.693172330412E-02,
    0.10009621113,0.10316285853,0.106089828849,0.108802365283,
    0.111189503991,0.113121856352,0.11453104932,0.115470182149),
  .UNSPECIFIED.);
#1475 = CARTESIAN_POINT('',(70.618205193094,713.8,-88.97454902641));
#1476 = CARTESIAN_POINT('',(70.424348463603,713.8,-88.60480598403));
#1477 = CARTESIAN_POINT('',(69.990445464273,713.8,-87.78032769391));
#1478 = CARTESIAN_POINT('',(69.224342833311,713.8,-86.33056977689));
#1479 = CARTESIAN_POINT('',(68.193438735872,713.8,-84.36529998482));
#1480 = CARTESIAN_POINT('',(66.873533081456,713.8,-81.8268606169));
#1481 = CARTESIAN_POINT('',(65.346812069465,713.8,-78.85164024649));
#1482 = CARTESIAN_POINT('',(63.739279440583,713.8,-75.7006085242));
#1483 = CARTESIAN_POINT('',(62.118271382078,713.8,-72.52561622584));
#1484 = CARTESIAN_POINT('',(60.494185565619,713.8,-69.36912560389));
#1485 = CARTESIAN_POINT('',(58.863236760996,713.8,-66.24101301428));
#1486 = CARTESIAN_POINT('',(57.22394025526,713.8,-63.14360382519));
#1487 = CARTESIAN_POINT('',(55.566446790698,713.8,-60.08349389028));
#1488 = CARTESIAN_POINT('',(53.885353215485,713.8,-57.06398484004));
#1489 = CARTESIAN_POINT('',(52.179542624764,713.8,-54.08305474225));
#1490 = CARTESIAN_POINT('',(50.441181590126,713.8,-51.13804148862));
#1491 = CARTESIAN_POINT('',(48.664260022032,713.8,-48.22434847826));
#1492 = CARTESIAN_POINT('',(46.844849166647,713.8,-45.33735133338));
#1493 = CARTESIAN_POINT('',(44.98600518972,713.8,-42.47213677752));
#1494 = CARTESIAN_POINT('',(43.084963024203,713.8,-39.63043665208));
#1495 = CARTESIAN_POINT('',(41.141564977867,713.8,-36.81503802751));
#1496 = CARTESIAN_POINT('',(39.155538519951,713.8,-34.03078547685));
#1497 = CARTESIAN_POINT('',(37.12688125239,713.8,-31.28231093424));
#1498 = CARTESIAN_POINT('',(35.05452634863,713.8,-28.57449282347));
#1499 = CARTESIAN_POINT('',(32.938316095993,713.8,-25.91094820317));
#1500 = CARTESIAN_POINT('',(30.777400628462,713.8,-23.29658545812));
#1501 = CARTESIAN_POINT('',(28.571905444182,713.8,-20.73653718115));
#1502 = CARTESIAN_POINT('',(26.322910557753,713.8,-18.23585549896));
#1503 = CARTESIAN_POINT('',(24.031746034539,713.8,-15.80206477147));
#1504 = CARTESIAN_POINT('',(21.700786339892,713.8,-13.44486103019));
#1505 = CARTESIAN_POINT('',(19.334116414586,713.8,-11.17695951799));
#1506 = CARTESIAN_POINT('',(16.937912690092,713.8,-9.015565843951));
#1507 = CARTESIAN_POINT('',(14.523611442486,713.8,-6.983810178972));
#1508 = CARTESIAN_POINT('',(12.11049734864,713.8,-5.112543770706));
#1509 = CARTESIAN_POINT('',(9.733813551689,713.8,-3.444829711976));
#1510 = CARTESIAN_POINT('',(7.457858379773,713.8,-2.035206905417));
#1511 = CARTESIAN_POINT('',(5.380746384493,713.8,-0.942422174416));
#1512 = CARTESIAN_POINT('',(3.616471219672,713.8,-0.207385216551));
#1513 = CARTESIAN_POINT('',(2.24049222514,713.8,0.196073478823));
#1514 = CARTESIAN_POINT('',(1.463016888631,713.8,0.289250800581));
#1515 = CARTESIAN_POINT('',(1.14822406556,713.8,0.301180167663));
#1516 = PCURVE('',#1131,#1517);
#1517 = DEFINITIONAL_REPRESENTATION('',(#1518),#1521);
#1518 = B_SPLINE_CURVE_WITH_KNOTS('',1,(#1519,#1520),.UNSPECIFIED.,.F.,
  .F.,(2,2),(0.,0.115470182149),.PIECEWISE_BEZIER_KNOTS.);
#1519 = CARTESIAN_POINT('',(0.,1.));
#1520 = CARTESIAN_POINT('',(0.120425585217,1.));
#1521 = ( GEOMETRIC_REPRESENTATION_CONTEXT(2) 
PARAMETRIC_REPRESENTATION_CONTEXT() REPRESENTATION_CONTEXT('2D SPACE',''
  ) );
#1522 = PCURVE('',#1523,#1606);
#1523 = B_SPLINE_SURFACE_WITH_KNOTS('',3,1,(
    (#1524,#1525)
    ,(#1526,#1527)
    ,(#1528,#1529)
    ,(#1530,#1531)
    ,(#1532,#1533)
    ,(#1534,#1535)
    ,(#1536,#1537)
    ,(#1538,#1539)
    ,(#1540,#1541)
    ,(#1542,#1543)
    ,(#1544,#1545)
    ,(#1546,#1547)
    ,(#1548,#1549)
    ,(#1550,#1551)
    ,(#1552,#1553)
    ,(#1554,#1555)
    ,(#1556,#1557)
    ,(#1558,#1559)
    ,(#1560,#1561)
    ,(#1562,#1563)
    ,(#1564,#1565)
    ,(#1566,#1567)
    ,(#1568,#1569)
    ,(#1570,#1571)
    ,(#1572,#1573)
    ,(#1574,#1575)
    ,(#1576,#1577)
    ,(#1578,#1579)
    ,(#1580,#1581)
    ,(#1582,#1583)
    ,(#1584,#1585)
    ,(#1586,#1587)
    ,(#1588,#1589)
    ,(#1590,#1591)
    ,(#1592,#1593)
    ,(#1594,#1595)
    ,(#1596,#1597)
    ,(#1598,#1599)
    ,(#1600,#1601)
    ,(#1602,#1603)
    ,(#1604,#1605
    )),.UNSPECIFIED.,.F.,.F.,.F.,(4,1,1,1,1,1,1,1,1,1,1,1,1,1,1,1,1,1,1,
    1,1,1,1,1,1,1,1,1,1,1,1,1,1,1,1,1,1,1,4),(2,2),(0.,
    1.252441125498E-03,2.795053770652E-03,4.919184187153E-03,
    7.91016524907E-03,1.137828318416E-02,1.495136439181E-02,
    1.852235359631E-02,2.207286674116E-02,2.560073106753E-02,
    2.910557619327E-02,3.258614277737E-02,3.604101813455E-02,
    3.947315836717E-02,4.288934978182E-02,4.630006779614E-02,
    4.971111832285E-02,5.312645712847E-02,5.654587332021E-02,
    5.996761424461E-02,6.338908580345E-02,6.680542995197E-02,
    7.021535298537E-02,7.361803452628E-02,7.701048833779E-02,
    8.039014166499E-02,8.375448615499E-02,8.709939979991E-02,
    9.041691895266E-02,9.369865230775E-02,9.693172330412E-02,
    0.10009621113,0.10316285853,0.106089828849,0.108802365283,
    0.111189503991,0.113121856352,0.11453104932,0.115470182149),(0.,1.),
  .UNSPECIFIED.);
#1524 = CARTESIAN_POINT('',(70.618205193094,713.8,-88.97454902641));
#1525 = CARTESIAN_POINT('',(76.229233098789,868.6,-80.45958784813));
#1526 = CARTESIAN_POINT('',(70.424348463603,713.8,-88.60480598403));
#1527 = CARTESIAN_POINT('',(76.00926961826,868.6,-80.11673419486));
#1528 = CARTESIAN_POINT('',(69.990445464273,713.8,-87.78032769391));
#1529 = CARTESIAN_POINT('',(75.517197596919,868.6,-79.35235455763));
#1530 = CARTESIAN_POINT('',(69.224342833311,713.8,-86.33056977689));
#1531 = CARTESIAN_POINT('',(74.648898551066,868.6,-78.0085407373));
#1532 = CARTESIAN_POINT('',(68.193438735872,713.8,-84.36529998482));
#1533 = CARTESIAN_POINT('',(73.479245337222,868.6,-76.18623782969));
#1534 = CARTESIAN_POINT('',(66.873533081456,713.8,-81.8268606169));
#1535 = CARTESIAN_POINT('',(71.979797905785,868.6,-73.83146696316));
#1536 = CARTESIAN_POINT('',(65.346812069465,713.8,-78.85164024649));
#1537 = CARTESIAN_POINT('',(70.24207352094,868.6,-71.06978721622));
#1538 = CARTESIAN_POINT('',(63.739279440583,713.8,-75.7006085242));
#1539 = CARTESIAN_POINT('',(68.410805531311,868.6,-68.14411245086));
#1540 = CARTESIAN_POINT('',(62.118271382078,713.8,-72.52561622584));
#1541 = CARTESIAN_POINT('',(66.564395873909,868.6,-65.19629749111));
#1542 = CARTESIAN_POINT('',(60.494185565619,713.8,-69.36912560389));
#1543 = CARTESIAN_POINT('',(64.71657268961,868.6,-62.26672855421));
#1544 = CARTESIAN_POINT('',(58.863236760996,713.8,-66.24101301428));
#1545 = CARTESIAN_POINT('',(62.864499126619,868.6,-59.36532824556));
#1546 = CARTESIAN_POINT('',(57.22394025526,713.8,-63.14360382519));
#1547 = CARTESIAN_POINT('',(61.006930387077,868.6,-56.49448344217));
#1548 = CARTESIAN_POINT('',(55.566446790698,713.8,-60.08349389028));
#1549 = CARTESIAN_POINT('',(59.13485562269,868.6,-53.66144533105));
#1550 = CARTESIAN_POINT('',(53.885353215485,713.8,-57.06398484004));
#1551 = CARTESIAN_POINT('',(57.243304603803,868.6,-50.86988391958));
#1552 = CARTESIAN_POINT('',(52.179542624764,713.8,-54.08305474225));
#1553 = CARTESIAN_POINT('',(55.331019252166,868.6,-48.11792916444));
#1554 = CARTESIAN_POINT('',(50.441181590126,713.8,-51.13804148862));
#1555 = CARTESIAN_POINT('',(53.390158468145,868.6,-45.4036616372));
#1556 = CARTESIAN_POINT('',(48.664260022032,713.8,-48.22434847826));
#1557 = CARTESIAN_POINT('',(51.414488430638,868.6,-42.72312607924));
#1558 = CARTESIAN_POINT('',(46.844849166647,713.8,-45.33735133338));
#1559 = CARTESIAN_POINT('',(49.399795994991,868.6,-40.07216271275));
#1560 = CARTESIAN_POINT('',(44.98600518972,713.8,-42.47213677752));
#1561 = CARTESIAN_POINT('',(47.348632675102,868.6,-37.44573519819));
#1562 = CARTESIAN_POINT('',(43.084963024203,713.8,-39.63043665208));
#1563 = CARTESIAN_POINT('',(45.258458553985,868.6,-34.84576271144));
#1564 = CARTESIAN_POINT('',(41.141564977867,713.8,-36.81503802751));
#1565 = CARTESIAN_POINT('',(43.129358069072,868.6,-32.27496771775));
#1566 = CARTESIAN_POINT('',(39.155538519951,713.8,-34.03078547685));
#1567 = CARTESIAN_POINT('',(40.961479522841,868.6,-29.73808235702));
#1568 = CARTESIAN_POINT('',(37.12688125239,713.8,-31.28231093424));
#1569 = CARTESIAN_POINT('',(38.755215648822,868.6,-27.23960904549));
#1570 = CARTESIAN_POINT('',(35.05452634863,713.8,-28.57449282347));
#1571 = CARTESIAN_POINT('',(36.50994558602,868.6,-24.78438057243));
#1572 = CARTESIAN_POINT('',(32.938316095993,713.8,-25.91094820317));
#1573 = CARTESIAN_POINT('',(34.225824542892,868.6,-22.37592614827));
#1574 = CARTESIAN_POINT('',(30.777400628462,713.8,-23.29658545812));
#1575 = CARTESIAN_POINT('',(31.902445098176,868.6,-20.01908917935));
#1576 = CARTESIAN_POINT('',(28.571905444182,713.8,-20.73653718115));
#1577 = CARTESIAN_POINT('',(29.540367001646,868.6,-17.71884781057));
#1578 = CARTESIAN_POINT('',(26.322910557753,713.8,-18.23585549896));
#1579 = CARTESIAN_POINT('',(27.141070924163,868.6,-15.48002056221));
#1580 = CARTESIAN_POINT('',(24.031746034539,713.8,-15.80206477147));
#1581 = CARTESIAN_POINT('',(24.70649144478,868.6,-13.30980762287));
#1582 = CARTESIAN_POINT('',(21.700786339892,713.8,-13.44486103019));
#1583 = CARTESIAN_POINT('',(22.239763518007,868.6,-11.21743095431));
#1584 = CARTESIAN_POINT('',(19.334116414586,713.8,-11.17695951799));
#1585 = CARTESIAN_POINT('',(19.745942182952,868.6,-9.214901284293));
#1586 = CARTESIAN_POINT('',(16.937912690092,713.8,-9.015565843951));
#1587 = CARTESIAN_POINT('',(17.232498384795,868.6,-7.318415562813));
#1588 = CARTESIAN_POINT('',(14.523611442486,713.8,-6.983810178972));
#1589 = CARTESIAN_POINT('',(14.712520920054,868.6,-5.549480757893));
#1590 = CARTESIAN_POINT('',(12.11049734864,713.8,-5.112543770706));
#1591 = CARTESIAN_POINT('',(12.207385724768,868.6,-3.936439275391));
#1592 = CARTESIAN_POINT('',(9.733813551689,713.8,-3.444829711976));
#1593 = CARTESIAN_POINT('',(9.755021832756,868.6,-2.518142239114));
#1594 = CARTESIAN_POINT('',(7.457858379773,713.8,-2.035206905417));
#1595 = CARTESIAN_POINT('',(7.422578528644,868.6,-1.342117030661));
#1596 = CARTESIAN_POINT('',(5.380746384493,713.8,-0.942422174416));
#1597 = CARTESIAN_POINT('',(5.310433159265,868.6,-0.457096869765));
#1598 = CARTESIAN_POINT('',(3.616471219672,713.8,-0.207385216551));
#1599 = CARTESIAN_POINT('',(3.532876107218,868.6,0.106876952935));
#1600 = CARTESIAN_POINT('',(2.24049222514,713.8,0.196073478823));
#1601 = CARTESIAN_POINT('',(2.161021353745,868.6,0.381677079192));
#1602 = CARTESIAN_POINT('',(1.463016888631,713.8,0.289250800581));
#1603 = CARTESIAN_POINT('',(1.397372849206,868.6,0.405932858656));
#1604 = CARTESIAN_POINT('',(1.14822406556,713.8,0.301180167663));
#1605 = CARTESIAN_POINT('',(1.090378676271,868.6,0.390678990595));
#1606 = DEFINITIONAL_REPRESENTATION('',(#1607),#1610);
#1607 = B_SPLINE_CURVE_WITH_KNOTS('',1,(#1608,#1609),.UNSPECIFIED.,.F.,
  .F.,(2,2),(0.,0.115470182149),.PIECEWISE_BEZIER_KNOTS.);
#1608 = CARTESIAN_POINT('',(0.,0.));
#1609 = CARTESIAN_POINT('',(0.115470182149,0.));
#1610 = ( GEOMETRIC_REPRESENTATION_CONTEXT(2) 
PARAMETRIC_REPRESENTATION_CONTEXT() REPRESENTATION_CONTEXT('2D SPACE',''
  ) );
#1611 = ORIENTED_EDGE('',*,*,#1409,.F.);
#1612 = ADVANCED_FACE('',(#1613),#1300,.F.);
#1613 = FACE_BOUND('',#1614,.F.);
#1614 = EDGE_LOOP('',(#1615,#1616,#1636,#1784));
#1615 = ORIENTED_EDGE('',*,*,#1245,.T.);
#1616 = ORIENTED_EDGE('',*,*,#1617,.T.);
#1617 = EDGE_CURVE('',#1226,#1618,#1620,.T.);
#1618 = VERTEX_POINT('',#1619);
#1619 = CARTESIAN_POINT('',(76.068321199727,868.6,-80.61205468775));
#1620 = SURFACE_CURVE('',#1621,(#1624,#1630),.PCURVE_S1.);
#1621 = B_SPLINE_CURVE_WITH_KNOTS('',1,(#1622,#1623),.UNSPECIFIED.,.F.,
  .F.,(2,2),(0.,1.),.PIECEWISE_BEZIER_KNOTS.);
#1622 = CARTESIAN_POINT('',(70.440262773982,713.8,-89.11579463754));
#1623 = CARTESIAN_POINT('',(76.068321199727,868.6,-80.61205468775));
#1624 = PCURVE('',#1300,#1625);
#1625 = DEFINITIONAL_REPRESENTATION('',(#1626),#1629);
#1626 = B_SPLINE_CURVE_WITH_KNOTS('',1,(#1627,#1628),.UNSPECIFIED.,.F.,
  .F.,(2,2),(0.,1.),.PIECEWISE_BEZIER_KNOTS.);
#1627 = CARTESIAN_POINT('',(0.114294583954,0.));
#1628 = CARTESIAN_POINT('',(0.114294583954,1.));
#1629 = ( GEOMETRIC_REPRESENTATION_CONTEXT(2) 
PARAMETRIC_REPRESENTATION_CONTEXT() REPRESENTATION_CONTEXT('2D SPACE',''
  ) );
#1630 = PCURVE('',#1442,#1631);
#1631 = DEFINITIONAL_REPRESENTATION('',(#1632),#1635);
#1632 = B_SPLINE_CURVE_WITH_KNOTS('',1,(#1633,#1634),.UNSPECIFIED.,.F.,
  .F.,(2,2),(0.,1.),.PIECEWISE_BEZIER_KNOTS.);
#1633 = CARTESIAN_POINT('',(0.,0.));
#1634 = CARTESIAN_POINT('',(0.,1.));
#1635 = ( GEOMETRIC_REPRESENTATION_CONTEXT(2) 
PARAMETRIC_REPRESENTATION_CONTEXT() REPRESENTATION_CONTEXT('2D SPACE',''
  ) );
#1636 = ORIENTED_EDGE('',*,*,#1637,.F.);
#1637 = EDGE_CURVE('',#1638,#1618,#1640,.T.);
#1638 = VERTEX_POINT('',#1639);
#1639 = CARTESIAN_POINT('',(0.,868.6,0.));
#1640 = SURFACE_CURVE('',#1641,(#1685,#1691),.PCURVE_S1.);
#1641 = B_SPLINE_CURVE_WITH_KNOTS('',3,(#1642,#1643,#1644,#1645,#1646,
    #1647,#1648,#1649,#1650,#1651,#1652,#1653,#1654,#1655,#1656,#1657,
    #1658,#1659,#1660,#1661,#1662,#1663,#1664,#1665,#1666,#1667,#1668,
    #1669,#1670,#1671,#1672,#1673,#1674,#1675,#1676,#1677,#1678,#1679,
    #1680,#1681,#1682,#1683,#1684),.UNSPECIFIED.,.F.,.F.,(4,1,1,1,1,1,1,
    1,1,1,1,1,1,1,1,1,1,1,1,1,1,1,1,1,1,1,1,1,1,1,1,1,1,1,1,1,1,1,1,1,4)
  ,(0.,1.62993411773E-04,4.684224619944E-04,7.947658426655E-04,
    1.221527214948E-03,1.919372060221E-03,3.13246235175E-03,
    5.097523103014E-03,7.749644189086E-03,1.081456654525E-02,
    1.407571533691E-02,1.742951221374E-02,2.083007390354E-02,
    2.425867184951E-02,2.770702126313E-02,3.11705792427E-02,
    3.464664460584E-02,3.813375667282E-02,4.162785041069E-02,
    4.511788992416E-02,4.860265996916E-02,5.20834507371E-02,
    5.556068182174E-02,5.903431667576E-02,6.250398383867E-02,
    6.596956755563E-02,6.94299429237E-02,7.288431726698E-02,
    7.633215476462E-02,7.977358000033E-02,8.320923143777E-02,
    8.664007528019E-02,9.006514187717E-02,9.348204641155E-02,
    9.689199963674E-02,0.100312632852,0.103737842022,0.10670055346,
    0.108789309999,0.110297752074,0.111520520712),.UNSPECIFIED.);
#1642 = CARTESIAN_POINT('',(0.,868.6,0.));
#1643 = CARTESIAN_POINT('',(-3.973235066735E-02,868.6,
    -3.710850837778E-02));
#1644 = CARTESIAN_POINT('',(-0.144239377376,868.6,-0.154079527525));
#1645 = CARTESIAN_POINT('',(-0.270626049521,868.6,-0.392186065706));
#1646 = CARTESIAN_POINT('',(-0.326477702067,868.6,-0.748172133588));
#1647 = CARTESIAN_POINT('',(-0.217497638753,868.6,-1.227872602522));
#1648 = CARTESIAN_POINT('',(0.125148236442,868.6,-1.930580607409));
#1649 = CARTESIAN_POINT('',(0.833659001599,868.6,-3.013894269598));
#1650 = CARTESIAN_POINT('',(2.035829999489,868.6,-4.542662172802));
#1651 = CARTESIAN_POINT('',(3.713904700978,868.6,-6.477545094721));
#1652 = CARTESIAN_POINT('',(5.741277450324,868.6,-8.679362858222));
#1653 = CARTESIAN_POINT('',(7.972072469123,868.6,-11.01074891953));
#1654 = CARTESIAN_POINT('',(10.309245723756,868.6,-13.39477826771));
#1655 = CARTESIAN_POINT('',(12.706633656836,868.6,-15.79772457325));
#1656 = CARTESIAN_POINT('',(15.14233441844,868.6,-18.20684044898));
#1657 = CARTESIAN_POINT('',(17.604364022574,868.6,-20.61913002775));
#1658 = CARTESIAN_POINT('',(20.085572871599,868.6,-23.0344205857));
#1659 = CARTESIAN_POINT('',(22.581384867604,868.6,-25.45321772903));
#1660 = CARTESIAN_POINT('',(25.087469422335,868.6,-27.87603493416));
#1661 = CARTESIAN_POINT('',(27.596187651205,868.6,-30.30282922037));
#1662 = CARTESIAN_POINT('',(30.103489854672,868.6,-32.72996451835));
#1663 = CARTESIAN_POINT('',(32.605048753151,868.6,-35.15665575728));
#1664 = CARTESIAN_POINT('',(35.099804052194,868.6,-37.58422333443));
#1665 = CARTESIAN_POINT('',(37.587866090518,868.6,-40.01334091303));
#1666 = CARTESIAN_POINT('',(40.068217417648,868.6,-42.44503926483));
#1667 = CARTESIAN_POINT('',(42.539901196905,868.6,-44.88001942798));
#1668 = CARTESIAN_POINT('',(45.001792603173,868.6,-47.31862462918));
#1669 = CARTESIAN_POINT('',(47.452467467939,868.6,-49.76128894032));
#1670 = CARTESIAN_POINT('',(49.889762612504,868.6,-52.20896617898));
#1671 = CARTESIAN_POINT('',(52.312192617778,868.6,-54.66249146145));
#1672 = CARTESIAN_POINT('',(54.717963335212,868.6,-57.1236401186));
#1673 = CARTESIAN_POINT('',(57.105844200023,868.6,-59.59428323701));
#1674 = CARTESIAN_POINT('',(59.474820600436,868.6,-62.07552753695));
#1675 = CARTESIAN_POINT('',(61.823896145269,868.6,-64.56704147212));
#1676 = CARTESIAN_POINT('',(64.15124946386,868.6,-67.06936602009));
#1677 = CARTESIAN_POINT('',(66.457472043822,868.6,-69.58919405494));
#1678 = CARTESIAN_POINT('',(68.741596906839,868.6,-72.13280893868));
#1679 = CARTESIAN_POINT('',(70.902194709983,868.6,-74.5867561476));
#1680 = CARTESIAN_POINT('',(72.75260312743,868.6,-76.7221567629));
#1681 = CARTESIAN_POINT('',(74.173038403503,868.6,-78.3846195791));
#1682 = CARTESIAN_POINT('',(75.213078733296,868.6,-79.60922504266));
#1683 = CARTESIAN_POINT('',(75.80348465702,868.6,-80.30223011449));
#1684 = CARTESIAN_POINT('',(76.068321199727,868.6,-80.61205468775));
#1685 = PCURVE('',#1300,#1686);
#1686 = DEFINITIONAL_REPRESENTATION('',(#1687),#1690);
#1687 = B_SPLINE_CURVE_WITH_KNOTS('',1,(#1688,#1689),.UNSPECIFIED.,.F.,
  .F.,(2,2),(0.,0.111520520712),.PIECEWISE_BEZIER_KNOTS.);
#1688 = CARTESIAN_POINT('',(0.,1.));
#1689 = CARTESIAN_POINT('',(0.114294583954,1.));
#1690 = ( GEOMETRIC_REPRESENTATION_CONTEXT(2) 
PARAMETRIC_REPRESENTATION_CONTEXT() REPRESENTATION_CONTEXT('2D SPACE',''
  ) );
#1691 = PCURVE('',#1692,#1779);
#1692 = B_SPLINE_SURFACE_WITH_KNOTS('',3,1,(
    (#1693,#1694)
    ,(#1695,#1696)
    ,(#1697,#1698)
    ,(#1699,#1700)
    ,(#1701,#1702)
    ,(#1703,#1704)
    ,(#1705,#1706)
    ,(#1707,#1708)
    ,(#1709,#1710)
    ,(#1711,#1712)
    ,(#1713,#1714)
    ,(#1715,#1716)
    ,(#1717,#1718)
    ,(#1719,#1720)
    ,(#1721,#1722)
    ,(#1723,#1724)
    ,(#1725,#1726)
    ,(#1727,#1728)
    ,(#1729,#1730)
    ,(#1731,#1732)
    ,(#1733,#1734)
    ,(#1735,#1736)
    ,(#1737,#1738)
    ,(#1739,#1740)
    ,(#1741,#1742)
    ,(#1743,#1744)
    ,(#1745,#1746)
    ,(#1747,#1748)
    ,(#1749,#1750)
    ,(#1751,#1752)
    ,(#1753,#1754)
    ,(#1755,#1756)
    ,(#1757,#1758)
    ,(#1759,#1760)
    ,(#1761,#1762)
    ,(#1763,#1764)
    ,(#1765,#1766)
    ,(#1767,#1768)
    ,(#1769,#1770)
    ,(#1771,#1772)
    ,(#1773,#1774)
    ,(#1775,#1776)
    ,(#1777,#1778
    )),.UNSPECIFIED.,.F.,.F.,.F.,(4,1,1,1,1,1,1,1,1,1,1,1,1,1,1,1,1,1,1,
    1,1,1,1,1,1,1,1,1,1,1,1,1,1,1,1,1,1,1,1,1,4),(2,2),(0.,
    1.62993411773E-04,4.684224619944E-04,7.947658426655E-04,
    1.221527214948E-03,1.919372060221E-03,3.13246235175E-03,
    5.097523103014E-03,7.749644189086E-03,1.081456654525E-02,
    1.407571533691E-02,1.742951221374E-02,2.083007390354E-02,
    2.425867184951E-02,2.770702126313E-02,3.11705792427E-02,
    3.464664460584E-02,3.813375667282E-02,4.162785041069E-02,
    4.511788992416E-02,4.860265996916E-02,5.20834507371E-02,
    5.556068182174E-02,5.903431667576E-02,6.250398383867E-02,
    6.596956755563E-02,6.94299429237E-02,7.288431726698E-02,
    7.633215476462E-02,7.977358000033E-02,8.320923143777E-02,
    8.664007528019E-02,9.006514187717E-02,9.348204641155E-02,
    9.689199963674E-02,0.100312632852,0.103737842022,0.10670055346,
    0.108789309999,0.110297752074,0.111520520712),(0.,1.),
  .UNSPECIFIED.);
#1693 = CARTESIAN_POINT('',(0.,868.6,0.));
#1694 = CARTESIAN_POINT('',(0.,1.0234E+03,0.));
#1695 = CARTESIAN_POINT('',(-3.973235066735E-02,868.6,
    -3.710850837778E-02));
#1696 = CARTESIAN_POINT('',(-3.521012881483E-02,1.0234E+03,
    -3.851569583647E-02));
#1697 = CARTESIAN_POINT('',(-0.144239377376,868.6,-0.154079527525));
#1698 = CARTESIAN_POINT('',(-0.126356653436,1.0234E+03,-0.158352902867)
  );
#1699 = CARTESIAN_POINT('',(-0.270626049521,868.6,-0.392186065706));
#1700 = CARTESIAN_POINT('',(-0.229270274411,1.0234E+03,-0.395757974013)
  );
#1701 = CARTESIAN_POINT('',(-0.326477702067,868.6,-0.748172133588));
#1702 = CARTESIAN_POINT('',(-0.255768014445,1.0234E+03,-0.740620251973)
  );
#1703 = CARTESIAN_POINT('',(-0.217497638753,868.6,-1.227872602522));
#1704 = CARTESIAN_POINT('',(-0.115177916571,1.0234E+03,-1.191385456066)
  );
#1705 = CARTESIAN_POINT('',(0.125148236442,868.6,-1.930580607409));
#1706 = CARTESIAN_POINT('',(0.265881479462,1.0234E+03,-1.837854653617));
#1707 = CARTESIAN_POINT('',(0.833659001599,868.6,-3.013894269598));
#1708 = CARTESIAN_POINT('',(1.025837340301,1.0234E+03,-2.820823348838));
#1709 = CARTESIAN_POINT('',(2.035829999489,868.6,-4.542662172802));
#1710 = CARTESIAN_POINT('',(2.291882576746,1.0234E+03,-4.192670512407));
#1711 = CARTESIAN_POINT('',(3.713904700978,868.6,-6.477545094721));
#1712 = CARTESIAN_POINT('',(4.044048705871,1.0234E+03,-5.917097395289));
#1713 = CARTESIAN_POINT('',(5.741277450324,868.6,-8.679362858222));
#1714 = CARTESIAN_POINT('',(6.150654872295,1.0234E+03,-7.870508814208));
#1715 = CARTESIAN_POINT('',(7.972072469123,868.6,-11.01074891953));
#1716 = CARTESIAN_POINT('',(8.461718369212,1.0234E+03,-9.932503608859));
#1717 = CARTESIAN_POINT('',(10.309245723756,868.6,-13.39477826771));
#1718 = CARTESIAN_POINT('',(10.878557401616,1.0234E+03,-12.03681952101)
  );
#1719 = CARTESIAN_POINT('',(12.706633656836,868.6,-15.79772457325));
#1720 = CARTESIAN_POINT('',(13.354446318624,1.0234E+03,-14.15467884035)
  );
#1721 = CARTESIAN_POINT('',(15.14233441844,868.6,-18.20684044898));
#1722 = CARTESIAN_POINT('',(15.867462873643,1.0234E+03,-16.27554169145)
  );
#1723 = CARTESIAN_POINT('',(17.604364022574,868.6,-20.61913002775));
#1724 = CARTESIAN_POINT('',(18.405913106852,1.0234E+03,-18.39744849443)
  );
#1725 = CARTESIAN_POINT('',(20.085572871599,868.6,-23.0344205857));
#1726 = CARTESIAN_POINT('',(20.962942661701,1.0234E+03,-20.52077514328)
  );
#1727 = CARTESIAN_POINT('',(22.581384867604,868.6,-25.45321772903));
#1728 = CARTESIAN_POINT('',(23.534211047662,1.0234E+03,-22.64635181603)
  );
#1729 = CARTESIAN_POINT('',(25.087469422335,868.6,-27.87603493416));
#1730 = CARTESIAN_POINT('',(26.11561329237,1.0234E+03,-24.77499763841));
#1731 = CARTESIAN_POINT('',(27.596187651205,868.6,-30.30282922037));
#1732 = CARTESIAN_POINT('',(28.699836672598,1.0234E+03,-26.90724968779)
  );
#1733 = CARTESIAN_POINT('',(30.103489854672,868.6,-32.72996451835));
#1734 = CARTESIAN_POINT('',(31.28273090321,1.0234E+03,-29.03993522555));
#1735 = CARTESIAN_POINT('',(32.605048753151,868.6,-35.15665575728));
#1736 = CARTESIAN_POINT('',(33.860095887823,1.0234E+03,-31.17263057749)
  );
#1737 = CARTESIAN_POINT('',(35.099804052194,868.6,-37.58422333443));
#1738 = CARTESIAN_POINT('',(36.431016999376,1.0234E+03,-33.30667945696)
  );
#1739 = CARTESIAN_POINT('',(37.587866090518,868.6,-40.01334091303));
#1740 = CARTESIAN_POINT('',(38.995650809514,1.0234E+03,-35.44271812476)
  );
#1741 = CARTESIAN_POINT('',(40.068217417648,868.6,-42.44503926483));
#1742 = CARTESIAN_POINT('',(41.553101765159,1.0234E+03,-37.58180991541)
  );
#1743 = CARTESIAN_POINT('',(42.539901196905,868.6,-44.88001942798));
#1744 = CARTESIAN_POINT('',(44.102507354859,1.0234E+03,-39.72469806106)
  );
#1745 = CARTESIAN_POINT('',(45.001792603173,868.6,-47.31862462918));
#1746 = CARTESIAN_POINT('',(46.642817239395,1.0234E+03,-41.87179612791)
  );
#1747 = CARTESIAN_POINT('',(47.452467467939,868.6,-49.76128894032));
#1748 = CARTESIAN_POINT('',(49.172701521135,1.0234E+03,-44.02362726774)
  );
#1749 = CARTESIAN_POINT('',(49.889762612504,868.6,-52.20896617898));
#1750 = CARTESIAN_POINT('',(51.690162501631,1.0234E+03,-46.18126790224)
  );
#1751 = CARTESIAN_POINT('',(52.312192617778,868.6,-54.66249146145));
#1752 = CARTESIAN_POINT('',(54.193842029974,1.0234E+03,-48.34562956941)
  );
#1753 = CARTESIAN_POINT('',(54.717963335212,868.6,-57.1236401186));
#1754 = CARTESIAN_POINT('',(56.682157706253,1.0234E+03,-50.51854684502)
  );
#1755 = CARTESIAN_POINT('',(57.105844200023,868.6,-59.59428323701));
#1756 = CARTESIAN_POINT('',(59.15407365864,1.0234E+03,-52.70190327229));
#1757 = CARTESIAN_POINT('',(59.474820600436,868.6,-62.07552753695));
#1758 = CARTESIAN_POINT('',(61.608702799056,1.0234E+03,-54.89683464424)
  );
#1759 = CARTESIAN_POINT('',(61.823896145269,868.6,-64.56704147212));
#1760 = CARTESIAN_POINT('',(64.045066608599,1.0234E+03,-57.10309913112)
  );
#1761 = CARTESIAN_POINT('',(64.15124946386,868.6,-67.06936602009));
#1762 = CARTESIAN_POINT('',(66.461463208128,1.0234E+03,-59.32135224539)
  );
#1763 = CARTESIAN_POINT('',(66.457472043822,868.6,-69.58919405494));
#1764 = CARTESIAN_POINT('',(68.858965177241,1.0234E+03,-61.55795347062)
  );
#1765 = CARTESIAN_POINT('',(68.741596906839,868.6,-72.13280893868));
#1766 = CARTESIAN_POINT('',(71.237122839051,1.0234E+03,-63.81898840169)
  );
#1767 = CARTESIAN_POINT('',(70.902194709983,868.6,-74.5867561476));
#1768 = CARTESIAN_POINT('',(73.490293196338,1.0234E+03,-66.00357247845)
  );
#1769 = CARTESIAN_POINT('',(72.75260312743,868.6,-76.7221567629));
#1770 = CARTESIAN_POINT('',(75.422539068529,1.0234E+03,-67.90682571724)
  );
#1771 = CARTESIAN_POINT('',(74.173038403503,868.6,-78.3846195791));
#1772 = CARTESIAN_POINT('',(76.907555959276,1.0234E+03,-69.39008149247)
  );
#1773 = CARTESIAN_POINT('',(75.213078733296,868.6,-79.60922504266));
#1774 = CARTESIAN_POINT('',(77.995439402592,1.0234E+03,-70.48315477558)
  );
#1775 = CARTESIAN_POINT('',(75.80348465702,868.6,-80.30223011449));
#1776 = CARTESIAN_POINT('',(78.612840154562,1.0234E+03,-71.10158593897)
  );
#1777 = CARTESIAN_POINT('',(76.068321199727,868.6,-80.61205468775));
#1778 = CARTESIAN_POINT('',(78.889707375743,1.0234E+03,-71.37800374011)
  );
#1779 = DEFINITIONAL_REPRESENTATION('',(#1780),#1783);
#1780 = B_SPLINE_CURVE_WITH_KNOTS('',1,(#1781,#1782),.UNSPECIFIED.,.F.,
  .F.,(2,2),(0.,0.111520520712),.PIECEWISE_BEZIER_KNOTS.);
#1781 = CARTESIAN_POINT('',(0.,0.));
#1782 = CARTESIAN_POINT('',(0.111520520712,0.));
#1783 = ( GEOMETRIC_REPRESENTATION_CONTEXT(2) 
PARAMETRIC_REPRESENTATION_CONTEXT() REPRESENTATION_CONTEXT('2D SPACE',''
  ) );
#1784 = ORIENTED_EDGE('',*,*,#1785,.F.);
#1785 = EDGE_CURVE('',#1246,#1638,#1786,.T.);
#1786 = SURFACE_CURVE('',#1787,(#1790),.PCURVE_S1.);
#1787 = B_SPLINE_CURVE_WITH_KNOTS('',1,(#1788,#1789),.UNSPECIFIED.,.F.,
  .F.,(2,2),(0.,1.),.PIECEWISE_BEZIER_KNOTS.);
#1788 = CARTESIAN_POINT('',(0.,713.8,0.));
#1789 = CARTESIAN_POINT('',(0.,868.6,0.));
#1790 = PCURVE('',#1300,#1791);
#1791 = DEFINITIONAL_REPRESENTATION('',(#1792),#1795);
#1792 = B_SPLINE_CURVE_WITH_KNOTS('',1,(#1793,#1794),.UNSPECIFIED.,.F.,
  .F.,(2,2),(0.,1.),.PIECEWISE_BEZIER_KNOTS.);
#1793 = CARTESIAN_POINT('',(0.,0.));
#1794 = CARTESIAN_POINT('',(0.,1.));
#1795 = ( GEOMETRIC_REPRESENTATION_CONTEXT(2) 
PARAMETRIC_REPRESENTATION_CONTEXT() REPRESENTATION_CONTEXT('2D SPACE',''
  ) );
#1796 = ADVANCED_FACE('',(#1797),#1442,.F.);
#1797 = FACE_BOUND('',#1798,.F.);
#1798 = EDGE_LOOP('',(#1799,#1800,#1820,#1844));
#1799 = ORIENTED_EDGE('',*,*,#1429,.T.);
#1800 = ORIENTED_EDGE('',*,*,#1801,.T.);
#1801 = EDGE_CURVE('',#1410,#1802,#1804,.T.);
#1802 = VERTEX_POINT('',#1803);
#1803 = CARTESIAN_POINT('',(76.229233098789,868.6,-80.45958784813));
#1804 = SURFACE_CURVE('',#1805,(#1808,#1814),.PCURVE_S1.);
#1805 = B_SPLINE_CURVE_WITH_KNOTS('',1,(#1806,#1807),.UNSPECIFIED.,.F.,
  .F.,(2,2),(0.,1.),.PIECEWISE_BEZIER_KNOTS.);
#1806 = CARTESIAN_POINT('',(70.618205193094,713.8,-88.97454902641));
#1807 = CARTESIAN_POINT('',(76.229233098789,868.6,-80.45958784813));
#1808 = PCURVE('',#1442,#1809);
#1809 = DEFINITIONAL_REPRESENTATION('',(#1810),#1813);
#1810 = B_SPLINE_CURVE_WITH_KNOTS('',1,(#1811,#1812),.UNSPECIFIED.,.F.,
  .F.,(2,2),(0.,1.),.PIECEWISE_BEZIER_KNOTS.);
#1811 = CARTESIAN_POINT('',(2.271867671864E-04,0.));
#1812 = CARTESIAN_POINT('',(2.271867671864E-04,1.));
#1813 = ( GEOMETRIC_REPRESENTATION_CONTEXT(2) 
PARAMETRIC_REPRESENTATION_CONTEXT() REPRESENTATION_CONTEXT('2D SPACE',''
  ) );
#1814 = PCURVE('',#1523,#1815);
#1815 = DEFINITIONAL_REPRESENTATION('',(#1816),#1819);
#1816 = B_SPLINE_CURVE_WITH_KNOTS('',1,(#1817,#1818),.UNSPECIFIED.,.F.,
  .F.,(2,2),(0.,1.),.PIECEWISE_BEZIER_KNOTS.);
#1817 = CARTESIAN_POINT('',(0.,0.));
#1818 = CARTESIAN_POINT('',(0.,1.));
#1819 = ( GEOMETRIC_REPRESENTATION_CONTEXT(2) 
PARAMETRIC_REPRESENTATION_CONTEXT() REPRESENTATION_CONTEXT('2D SPACE',''
  ) );
#1820 = ORIENTED_EDGE('',*,*,#1821,.F.);
#1821 = EDGE_CURVE('',#1618,#1802,#1822,.T.);
#1822 = SURFACE_CURVE('',#1823,(#1827,#1833),.PCURVE_S1.);
#1823 = LINE('',#1824,#1825);
#1824 = CARTESIAN_POINT('',(76.068321199727,868.6,-80.61205468775));
#1825 = VECTOR('',#1826,1.);
#1826 = DIRECTION('',(0.725898654141,0.,0.687801674842));
#1827 = PCURVE('',#1442,#1828);
#1828 = DEFINITIONAL_REPRESENTATION('',(#1829),#1832);
#1829 = B_SPLINE_CURVE_WITH_KNOTS('',1,(#1830,#1831),.UNSPECIFIED.,.F.,
  .F.,(2,2),(0.,0.221672678608),.PIECEWISE_BEZIER_KNOTS.);
#1830 = CARTESIAN_POINT('',(0.,1.));
#1831 = CARTESIAN_POINT('',(2.216726786079E-04,1.));
#1832 = ( GEOMETRIC_REPRESENTATION_CONTEXT(2) 
PARAMETRIC_REPRESENTATION_CONTEXT() REPRESENTATION_CONTEXT('2D SPACE',''
  ) );
#1833 = PCURVE('',#1834,#1839);
#1834 = B_SPLINE_SURFACE_WITH_KNOTS('',1,1,(
    (#1835,#1836)
    ,(#1837,#1838
    )),.UNSPECIFIED.,.F.,.F.,.F.,(2,2),(2,2),(0.,2.216726786079E-04),(0.
    ,1.),.PIECEWISE_BEZIER_KNOTS.);
#1835 = CARTESIAN_POINT('',(76.068321199727,868.6,-80.61205468775));
#1836 = CARTESIAN_POINT('',(78.889707375743,1.0234E+03,-71.37800374011)
  );
#1837 = CARTESIAN_POINT('',(76.229233098789,868.6,-80.45958784813));
#1838 = CARTESIAN_POINT('',(79.032139643097,1.0234E+03,-71.21993199929)
  );
#1839 = DEFINITIONAL_REPRESENTATION('',(#1840),#1843);
#1840 = B_SPLINE_CURVE_WITH_KNOTS('',1,(#1841,#1842),.UNSPECIFIED.,.F.,
  .F.,(2,2),(0.,0.221672678608),.PIECEWISE_BEZIER_KNOTS.);
#1841 = CARTESIAN_POINT('',(0.,0.));
#1842 = CARTESIAN_POINT('',(2.216726786079E-04,0.));
#1843 = ( GEOMETRIC_REPRESENTATION_CONTEXT(2) 
PARAMETRIC_REPRESENTATION_CONTEXT() REPRESENTATION_CONTEXT('2D SPACE',''
  ) );
#1844 = ORIENTED_EDGE('',*,*,#1617,.F.);
#1845 = ADVANCED_FACE('',(#1846),#1523,.F.);
#1846 = FACE_BOUND('',#1847,.F.);
#1847 = EDGE_LOOP('',(#1848,#1849,#1863,#2003));
#1848 = ORIENTED_EDGE('',*,*,#1472,.T.);
#1849 = ORIENTED_EDGE('',*,*,#1850,.T.);
#1850 = EDGE_CURVE('',#1459,#1851,#1853,.T.);
#1851 = VERTEX_POINT('',#1852);
#1852 = CARTESIAN_POINT('',(1.090378676271,868.6,0.390678990595));
#1853 = SURFACE_CURVE('',#1854,(#1857),.PCURVE_S1.);
#1854 = B_SPLINE_CURVE_WITH_KNOTS('',1,(#1855,#1856),.UNSPECIFIED.,.F.,
  .F.,(2,2),(0.,1.),.PIECEWISE_BEZIER_KNOTS.);
#1855 = CARTESIAN_POINT('',(1.14822406556,713.8,0.301180167663));
#1856 = CARTESIAN_POINT('',(1.090378676271,868.6,0.390678990595));
#1857 = PCURVE('',#1523,#1858);
#1858 = DEFINITIONAL_REPRESENTATION('',(#1859),#1862);
#1859 = B_SPLINE_CURVE_WITH_KNOTS('',1,(#1860,#1861),.UNSPECIFIED.,.F.,
  .F.,(2,2),(0.,1.),.PIECEWISE_BEZIER_KNOTS.);
#1860 = CARTESIAN_POINT('',(0.115470182149,0.));
#1861 = CARTESIAN_POINT('',(0.115470182149,1.));
#1862 = ( GEOMETRIC_REPRESENTATION_CONTEXT(2) 
PARAMETRIC_REPRESENTATION_CONTEXT() REPRESENTATION_CONTEXT('2D SPACE',''
  ) );
#1863 = ORIENTED_EDGE('',*,*,#1864,.F.);
#1864 = EDGE_CURVE('',#1802,#1851,#1865,.T.);
#1865 = SURFACE_CURVE('',#1866,(#1908,#1914),.PCURVE_S1.);
#1866 = B_SPLINE_CURVE_WITH_KNOTS('',3,(#1867,#1868,#1869,#1870,#1871,
    #1872,#1873,#1874,#1875,#1876,#1877,#1878,#1879,#1880,#1881,#1882,
    #1883,#1884,#1885,#1886,#1887,#1888,#1889,#1890,#1891,#1892,#1893,
    #1894,#1895,#1896,#1897,#1898,#1899,#1900,#1901,#1902,#1903,#1904,
    #1905,#1906,#1907),.UNSPECIFIED.,.F.,.F.,(4,1,1,1,1,1,1,1,1,1,1,1,1,
    1,1,1,1,1,1,1,1,1,1,1,1,1,1,1,1,1,1,1,1,1,1,1,1,1,4),(0.,
    1.22204291441E-03,2.727214546282E-03,4.799789832994E-03,
    7.718176286008E-03,1.110211894218E-02,1.458847728951E-02,
    1.807279440905E-02,2.153713244687E-02,2.497937137952E-02,
    2.839914981446E-02,3.179523897637E-02,3.516626046749E-02,
    3.851509864211E-02,4.184837509523E-02,4.517631099385E-02,
    4.85045713344E-02,5.18370158723E-02,5.51734388334E-02,
    5.851213010318E-02,6.185055854521E-02,6.518398402517E-02,
    6.851114423799E-02,7.18312387178E-02,7.514135370718E-02,
    7.843897889497E-02,8.172166680895E-02,8.498539548718E-02,
    8.822239456961E-02,9.142447641755E-02,9.457907699914E-02,
    9.766675900423E-02,0.100658975284,0.10351490461,0.106161604612,
    0.108490804671,0.110376256581,0.111751246787,0.112667585763),
  .UNSPECIFIED.);
#1867 = CARTESIAN_POINT('',(76.229233098789,868.6,-80.45958784813));
#1868 = CARTESIAN_POINT('',(76.00926961826,868.6,-80.11673419486));
#1869 = CARTESIAN_POINT('',(75.517197596919,868.6,-79.35235455763));
#1870 = CARTESIAN_POINT('',(74.648898551066,868.6,-78.0085407373));
#1871 = CARTESIAN_POINT('',(73.479245337222,868.6,-76.18623782969));
#1872 = CARTESIAN_POINT('',(71.979797905785,868.6,-73.83146696316));
#1873 = CARTESIAN_POINT('',(70.24207352094,868.6,-71.06978721622));
#1874 = CARTESIAN_POINT('',(68.410805531311,868.6,-68.14411245086));
#1875 = CARTESIAN_POINT('',(66.564395873909,868.6,-65.19629749111));
#1876 = CARTESIAN_POINT('',(64.71657268961,868.6,-62.26672855421));
#1877 = CARTESIAN_POINT('',(62.864499126619,868.6,-59.36532824556));
#1878 = CARTESIAN_POINT('',(61.006930387077,868.6,-56.49448344217));
#1879 = CARTESIAN_POINT('',(59.13485562269,868.6,-53.66144533105));
#1880 = CARTESIAN_POINT('',(57.243304603803,868.6,-50.86988391958));
#1881 = CARTESIAN_POINT('',(55.331019252166,868.6,-48.11792916444));
#1882 = CARTESIAN_POINT('',(53.390158468145,868.6,-45.4036616372));
#1883 = CARTESIAN_POINT('',(51.414488430638,868.6,-42.72312607924));
#1884 = CARTESIAN_POINT('',(49.399795994991,868.6,-40.07216271275));
#1885 = CARTESIAN_POINT('',(47.348632675102,868.6,-37.44573519819));
#1886 = CARTESIAN_POINT('',(45.258458553985,868.6,-34.84576271144));
#1887 = CARTESIAN_POINT('',(43.129358069072,868.6,-32.27496771775));
#1888 = CARTESIAN_POINT('',(40.961479522841,868.6,-29.73808235702));
#1889 = CARTESIAN_POINT('',(38.755215648822,868.6,-27.23960904549));
#1890 = CARTESIAN_POINT('',(36.50994558602,868.6,-24.78438057243));
#1891 = CARTESIAN_POINT('',(34.225824542892,868.6,-22.37592614827));
#1892 = CARTESIAN_POINT('',(31.902445098176,868.6,-20.01908917935));
#1893 = CARTESIAN_POINT('',(29.540367001646,868.6,-17.71884781057));
#1894 = CARTESIAN_POINT('',(27.141070924163,868.6,-15.48002056221));
#1895 = CARTESIAN_POINT('',(24.70649144478,868.6,-13.30980762287));
#1896 = CARTESIAN_POINT('',(22.239763518007,868.6,-11.21743095431));
#1897 = CARTESIAN_POINT('',(19.745942182952,868.6,-9.214901284293));
#1898 = CARTESIAN_POINT('',(17.232498384795,868.6,-7.318415562813));
#1899 = CARTESIAN_POINT('',(14.712520920054,868.6,-5.549480757893));
#1900 = CARTESIAN_POINT('',(12.207385724768,868.6,-3.936439275391));
#1901 = CARTESIAN_POINT('',(9.755021832756,868.6,-2.518142239114));
#1902 = CARTESIAN_POINT('',(7.422578528644,868.6,-1.342117030661));
#1903 = CARTESIAN_POINT('',(5.310433159265,868.6,-0.457096869765));
#1904 = CARTESIAN_POINT('',(3.532876107218,868.6,0.106876952935));
#1905 = CARTESIAN_POINT('',(2.161021353745,868.6,0.381677079192));
#1906 = CARTESIAN_POINT('',(1.397372849206,868.6,0.405932858656));
#1907 = CARTESIAN_POINT('',(1.090378676271,868.6,0.390678990595));
#1908 = PCURVE('',#1523,#1909);
#1909 = DEFINITIONAL_REPRESENTATION('',(#1910),#1913);
#1910 = B_SPLINE_CURVE_WITH_KNOTS('',1,(#1911,#1912),.UNSPECIFIED.,.F.,
  .F.,(2,2),(0.,0.112667585763),.PIECEWISE_BEZIER_KNOTS.);
#1911 = CARTESIAN_POINT('',(0.,1.));
#1912 = CARTESIAN_POINT('',(0.115470182149,1.));
#1913 = ( GEOMETRIC_REPRESENTATION_CONTEXT(2) 
PARAMETRIC_REPRESENTATION_CONTEXT() REPRESENTATION_CONTEXT('2D SPACE',''
  ) );
#1914 = PCURVE('',#1915,#1998);
#1915 = B_SPLINE_SURFACE_WITH_KNOTS('',3,1,(
    (#1916,#1917)
    ,(#1918,#1919)
    ,(#1920,#1921)
    ,(#1922,#1923)
    ,(#1924,#1925)
    ,(#1926,#1927)
    ,(#1928,#1929)
    ,(#1930,#1931)
    ,(#1932,#1933)
    ,(#1934,#1935)
    ,(#1936,#1937)
    ,(#1938,#1939)
    ,(#1940,#1941)
    ,(#1942,#1943)
    ,(#1944,#1945)
    ,(#1946,#1947)
    ,(#1948,#1949)
    ,(#1950,#1951)
    ,(#1952,#1953)
    ,(#1954,#1955)
    ,(#1956,#1957)
    ,(#1958,#1959)
    ,(#1960,#1961)
    ,(#1962,#1963)
    ,(#1964,#1965)
    ,(#1966,#1967)
    ,(#1968,#1969)
    ,(#1970,#1971)
    ,(#1972,#1973)
    ,(#1974,#1975)
    ,(#1976,#1977)
    ,(#1978,#1979)
    ,(#1980,#1981)
    ,(#1982,#1983)
    ,(#1984,#1985)
    ,(#1986,#1987)
    ,(#1988,#1989)
    ,(#1990,#1991)
    ,(#1992,#1993)
    ,(#1994,#1995)
    ,(#1996,#1997
    )),.UNSPECIFIED.,.F.,.F.,.F.,(4,1,1,1,1,1,1,1,1,1,1,1,1,1,1,1,1,1,1,
    1,1,1,1,1,1,1,1,1,1,1,1,1,1,1,1,1,1,1,4),(2,2),(0.,1.22204291441E-03
    ,2.727214546282E-03,4.799789832994E-03,7.718176286008E-03,
    1.110211894218E-02,1.458847728951E-02,1.807279440905E-02,
    2.153713244687E-02,2.497937137952E-02,2.839914981446E-02,
    3.179523897637E-02,3.516626046749E-02,3.851509864211E-02,
    4.184837509523E-02,4.517631099385E-02,4.85045713344E-02,
    5.18370158723E-02,5.51734388334E-02,5.851213010318E-02,
    6.185055854521E-02,6.518398402517E-02,6.851114423799E-02,
    7.18312387178E-02,7.514135370718E-02,7.843897889497E-02,
    8.172166680895E-02,8.498539548718E-02,8.822239456961E-02,
    9.142447641755E-02,9.457907699914E-02,9.766675900423E-02,
    0.100658975284,0.10351490461,0.106161604612,0.108490804671,
    0.110376256581,0.111751246787,0.112667585763),(0.,1.),
  .UNSPECIFIED.);
#1916 = CARTESIAN_POINT('',(76.229233098789,868.6,-80.45958784813));
#1917 = CARTESIAN_POINT('',(79.032139643097,1.0234E+03,-71.21993199929)
  );
#1918 = CARTESIAN_POINT('',(76.00926961826,868.6,-80.11673419486));
#1919 = CARTESIAN_POINT('',(78.795710358548,1.0234E+03,-70.90851289964)
  );
#1920 = CARTESIAN_POINT('',(75.517197596919,868.6,-79.35235455763));
#1921 = CARTESIAN_POINT('',(78.267000512814,1.0234E+03,-70.2143419668));
#1922 = CARTESIAN_POINT('',(74.648898551066,868.6,-78.0085407373));
#1923 = CARTESIAN_POINT('',(77.334429132459,1.0234E+03,-68.99420150599)
  );
#1924 = CARTESIAN_POINT('',(73.479245337222,868.6,-76.18623782969));
#1925 = CARTESIAN_POINT('',(76.077281067052,1.0234E+03,-67.33901621968)
  );
#1926 = CARTESIAN_POINT('',(71.979797905785,868.6,-73.83146696316));
#1927 = CARTESIAN_POINT('',(74.464256914379,1.0234E+03,-65.19928768101)
  );
#1928 = CARTESIAN_POINT('',(70.24207352094,868.6,-71.06978721622));
#1929 = CARTESIAN_POINT('',(72.592431256876,1.0234E+03,-62.68823328332)
  );
#1930 = CARTESIAN_POINT('',(68.410805531311,868.6,-68.14411245086));
#1931 = CARTESIAN_POINT('',(70.618682754862,1.0234E+03,-60.02733641913)
  );
#1932 = CARTESIAN_POINT('',(66.564395873909,868.6,-65.19629749111));
#1933 = CARTESIAN_POINT('',(68.628769703319,1.0234E+03,-57.34640022844)
  );
#1934 = CARTESIAN_POINT('',(64.71657268961,868.6,-62.26672855421));
#1935 = CARTESIAN_POINT('',(66.638885164151,1.0234E+03,-54.68303022316)
  );
#1936 = CARTESIAN_POINT('',(62.864499126619,868.6,-59.36532824556));
#1937 = CARTESIAN_POINT('',(64.647065684944,1.0234E+03,-52.04693584002)
  );
#1938 = CARTESIAN_POINT('',(61.006930387077,868.6,-56.49448344217));
#1939 = CARTESIAN_POINT('',(62.652300815934,1.0234E+03,-49.44049524737)
  );
#1940 = CARTESIAN_POINT('',(59.13485562269,868.6,-53.66144533105));
#1941 = CARTESIAN_POINT('',(60.646517146156,1.0234E+03,-46.87132898811)
  );
#1942 = CARTESIAN_POINT('',(57.243304603803,868.6,-50.86988391958));
#1943 = CARTESIAN_POINT('',(58.6252365704,1.0234E+03,-44.34332501447));
#1944 = CARTESIAN_POINT('',(55.331019252166,868.6,-48.11792916444));
#1945 = CARTESIAN_POINT('',(56.587113715172,1.0234E+03,-41.85478915258)
  );
#1946 = CARTESIAN_POINT('',(53.390158468145,868.6,-45.4036616372));
#1947 = CARTESIAN_POINT('',(54.52450032978,1.0234E+03,-39.40447825705));
#1948 = CARTESIAN_POINT('',(51.414488430638,868.6,-42.72312607924));
#1949 = CARTESIAN_POINT('',(52.431132034104,1.0234E+03,-36.9890794856));
#1950 = CARTESIAN_POINT('',(49.399795994991,868.6,-40.07216271275));
#1951 = CARTESIAN_POINT('',(50.302662505518,1.0234E+03,-34.60493134675)
  );
#1952 = CARTESIAN_POINT('',(47.348632675102,868.6,-37.44573519819));
#1953 = CARTESIAN_POINT('',(48.141152015911,1.0234E+03,-32.24702155513)
  );
#1954 = CARTESIAN_POINT('',(45.258458553985,868.6,-34.84576271144));
#1955 = CARTESIAN_POINT('',(45.944315444962,1.0234E+03,-29.91737877733)
  );
#1956 = CARTESIAN_POINT('',(43.129358069072,868.6,-32.27496771775));
#1957 = CARTESIAN_POINT('',(43.712439658492,1.0234E+03,-27.6186016854));
#1958 = CARTESIAN_POINT('',(40.961479522841,868.6,-29.73808235702));
#1959 = CARTESIAN_POINT('',(41.446024750163,1.0234E+03,-25.35520712793)
  );
#1960 = CARTESIAN_POINT('',(38.755215648822,868.6,-27.23960904549));
#1961 = CARTESIAN_POINT('',(39.145787315678,1.0234E+03,-23.13147363477)
  );
#1962 = CARTESIAN_POINT('',(36.50994558602,868.6,-24.78438057243));
#1963 = CARTESIAN_POINT('',(36.811499072549,1.0234E+03,-20.95207258327)
  );
#1964 = CARTESIAN_POINT('',(34.225824542892,868.6,-22.37592614827));
#1965 = CARTESIAN_POINT('',(34.443575670124,1.0234E+03,-18.82036924423)
  );
#1966 = CARTESIAN_POINT('',(31.902445098176,868.6,-20.01908917935));
#1967 = CARTESIAN_POINT('',(32.04199386503,1.0234E+03,-16.7410289985));
#1968 = CARTESIAN_POINT('',(29.540367001646,868.6,-17.71884781057));
#1969 = CARTESIAN_POINT('',(29.607666075899,1.0234E+03,-14.71877294771)
  );
#1970 = CARTESIAN_POINT('',(27.141070924163,868.6,-15.48002056221));
#1971 = CARTESIAN_POINT('',(27.142373846846,1.0234E+03,-12.75809974579)
  );
#1972 = CARTESIAN_POINT('',(24.70649144478,868.6,-13.30980762287));
#1973 = CARTESIAN_POINT('',(24.648513330043,1.0234E+03,-10.86575265206)
  );
#1974 = CARTESIAN_POINT('',(22.239763518007,868.6,-11.21743095431));
#1975 = CARTESIAN_POINT('',(22.129782321473,1.0234E+03,-9.050318654029)
  );
#1976 = CARTESIAN_POINT('',(19.745942182952,868.6,-9.214901284293));
#1977 = CARTESIAN_POINT('',(19.591926989223,1.0234E+03,-7.322907908601)
  );
#1978 = CARTESIAN_POINT('',(17.232498384795,868.6,-7.318415562813));
#1979 = CARTESIAN_POINT('',(17.043322090104,1.0234E+03,-5.698453405319)
  );
#1980 = CARTESIAN_POINT('',(14.712520920054,868.6,-5.549480757893));
#1981 = CARTESIAN_POINT('',(14.498119898823,1.0234E+03,-4.196543937705)
  );
#1982 = CARTESIAN_POINT('',(12.207385724768,868.6,-3.936439275391));
#1983 = CARTESIAN_POINT('',(11.978919849907,1.0234E+03,-2.842681697272)
  );
#1984 = CARTESIAN_POINT('',(9.755021832756,868.6,-2.518142239114));
#1985 = CARTESIAN_POINT('',(9.52495607871,1.0234E+03,-1.671171480022));
#1986 = CARTESIAN_POINT('',(7.422578528644,868.6,-1.342117030661));
#1987 = CARTESIAN_POINT('',(7.204079620656,1.0234E+03,-0.722408442435));
#1988 = CARTESIAN_POINT('',(5.310433159265,868.6,-0.457096869765));
#1989 = CARTESIAN_POINT('',(5.116027939035,1.0234E+03,-3.54264712788E-02
    ));
#1990 = CARTESIAN_POINT('',(3.532876107218,868.6,0.106876952935));
#1991 = CARTESIAN_POINT('',(3.372436720666,1.0234E+03,0.369679525743));
#1992 = CARTESIAN_POINT('',(2.161021353745,868.6,0.381677079192));
#1993 = CARTESIAN_POINT('',(2.038940757081,1.0234E+03,0.528790513579));
#1994 = CARTESIAN_POINT('',(1.397372849206,868.6,0.405932858656));
#1995 = CARTESIAN_POINT('',(1.306387396211,1.0234E+03,0.49419800004));
#1996 = CARTESIAN_POINT('',(1.090378676271,868.6,0.390678990595));
#1997 = CARTESIAN_POINT('',(1.013786455604,1.0234E+03,0.456364839742));
#1998 = DEFINITIONAL_REPRESENTATION('',(#1999),#2002);
#1999 = B_SPLINE_CURVE_WITH_KNOTS('',1,(#2000,#2001),.UNSPECIFIED.,.F.,
  .F.,(2,2),(0.,0.112667585763),.PIECEWISE_BEZIER_KNOTS.);
#2000 = CARTESIAN_POINT('',(0.,0.));
#2001 = CARTESIAN_POINT('',(0.112667585763,0.));
#2002 = ( GEOMETRIC_REPRESENTATION_CONTEXT(2) 
PARAMETRIC_REPRESENTATION_CONTEXT() REPRESENTATION_CONTEXT('2D SPACE',''
  ) );
#2003 = ORIENTED_EDGE('',*,*,#1801,.F.);
#2004 = ADVANCED_FACE('',(#2005),#1692,.F.);
#2005 = FACE_BOUND('',#2006,.F.);
#2006 = EDGE_LOOP('',(#2007,#2008,#2028,#2176));
#2007 = ORIENTED_EDGE('',*,*,#1637,.T.);
#2008 = ORIENTED_EDGE('',*,*,#2009,.T.);
#2009 = EDGE_CURVE('',#1618,#2010,#2012,.T.);
#2010 = VERTEX_POINT('',#2011);
#2011 = CARTESIAN_POINT('',(78.889707375743,1.0234E+03,-71.37800374011)
  );
#2012 = SURFACE_CURVE('',#2013,(#2016,#2022),.PCURVE_S1.);
#2013 = B_SPLINE_CURVE_WITH_KNOTS('',1,(#2014,#2015),.UNSPECIFIED.,.F.,
  .F.,(2,2),(0.,1.),.PIECEWISE_BEZIER_KNOTS.);
#2014 = CARTESIAN_POINT('',(76.068321199727,868.6,-80.61205468775));
#2015 = CARTESIAN_POINT('',(78.889707375743,1.0234E+03,-71.37800374011)
  );
#2016 = PCURVE('',#1692,#2017);
#2017 = DEFINITIONAL_REPRESENTATION('',(#2018),#2021);
#2018 = B_SPLINE_CURVE_WITH_KNOTS('',1,(#2019,#2020),.UNSPECIFIED.,.F.,
  .F.,(2,2),(0.,1.),.PIECEWISE_BEZIER_KNOTS.);
#2019 = CARTESIAN_POINT('',(0.111520520712,0.));
#2020 = CARTESIAN_POINT('',(0.111520520712,1.));
#2021 = ( GEOMETRIC_REPRESENTATION_CONTEXT(2) 
PARAMETRIC_REPRESENTATION_CONTEXT() REPRESENTATION_CONTEXT('2D SPACE',''
  ) );
#2022 = PCURVE('',#1834,#2023);
#2023 = DEFINITIONAL_REPRESENTATION('',(#2024),#2027);
#2024 = B_SPLINE_CURVE_WITH_KNOTS('',1,(#2025,#2026),.UNSPECIFIED.,.F.,
  .F.,(2,2),(0.,1.),.PIECEWISE_BEZIER_KNOTS.);
#2025 = CARTESIAN_POINT('',(0.,0.));
#2026 = CARTESIAN_POINT('',(0.,1.));
#2027 = ( GEOMETRIC_REPRESENTATION_CONTEXT(2) 
PARAMETRIC_REPRESENTATION_CONTEXT() REPRESENTATION_CONTEXT('2D SPACE',''
  ) );
#2028 = ORIENTED_EDGE('',*,*,#2029,.F.);
#2029 = EDGE_CURVE('',#2030,#2010,#2032,.T.);
#2030 = VERTEX_POINT('',#2031);
#2031 = CARTESIAN_POINT('',(0.,1.0234E+03,0.));
#2032 = SURFACE_CURVE('',#2033,(#2077,#2083),.PCURVE_S1.);
#2033 = B_SPLINE_CURVE_WITH_KNOTS('',3,(#2034,#2035,#2036,#2037,#2038,
    #2039,#2040,#2041,#2042,#2043,#2044,#2045,#2046,#2047,#2048,#2049,
    #2050,#2051,#2052,#2053,#2054,#2055,#2056,#2057,#2058,#2059,#2060,
    #2061,#2062,#2063,#2064,#2065,#2066,#2067,#2068,#2069,#2070,#2071,
    #2072,#2073,#2074,#2075,#2076),.UNSPECIFIED.,.F.,.F.,(4,1,1,1,1,1,1,
    1,1,1,1,1,1,1,1,1,1,1,1,1,1,1,1,1,1,1,1,1,1,1,1,1,1,1,1,1,1,1,1,1,4)
  ,(0.,1.564517844322E-04,4.496226519219E-04,7.62868467739E-04,
    1.17250206884E-03,1.84233939608E-03,3.006743151562E-03,
    4.892937554813E-03,7.438617603674E-03,1.038053143045E-02,
    1.351079628106E-02,1.672999085031E-02,1.999407335926E-02,
    2.32850669087E-02,2.659501921437E-02,2.991956970076E-02,
    3.325612559557E-02,3.660328484243E-02,3.995714555569E-02,
    4.330711475801E-02,4.665202597832E-02,4.999311762709E-02,
    5.333079245798E-02,5.666501539047E-02,5.999542987236E-02,
    6.332192479457E-02,6.664342040138E-02,6.995915583033E-02,
    7.326861676541E-02,7.657192279024E-02,7.986968674418E-02,
    8.316283605259E-02,8.645043998128E-02,8.97302094261E-02,
    9.300330654768E-02,9.628665502573E-02,9.957439580532E-02,
    0.102418200878,0.104423126624,0.105871028425,0.107044722092),
  .UNSPECIFIED.);
#2034 = CARTESIAN_POINT('',(0.,1.0234E+03,0.));
#2035 = CARTESIAN_POINT('',(-3.521012881483E-02,1.0234E+03,
    -3.851569583647E-02));
#2036 = CARTESIAN_POINT('',(-0.126356653436,1.0234E+03,-0.158352902867)
  );
#2037 = CARTESIAN_POINT('',(-0.229270274411,1.0234E+03,-0.395757974013)
  );
#2038 = CARTESIAN_POINT('',(-0.255768014445,1.0234E+03,-0.740620251973)
  );
#2039 = CARTESIAN_POINT('',(-0.115177916571,1.0234E+03,-1.191385456066)
  );
#2040 = CARTESIAN_POINT('',(0.265881479462,1.0234E+03,-1.837854653617));
#2041 = CARTESIAN_POINT('',(1.025837340301,1.0234E+03,-2.820823348838));
#2042 = CARTESIAN_POINT('',(2.291882576746,1.0234E+03,-4.192670512407));
#2043 = CARTESIAN_POINT('',(4.044048705871,1.0234E+03,-5.917097395289));
#2044 = CARTESIAN_POINT('',(6.150654872295,1.0234E+03,-7.870508814208));
#2045 = CARTESIAN_POINT('',(8.461718369212,1.0234E+03,-9.932503608859));
#2046 = CARTESIAN_POINT('',(10.878557401616,1.0234E+03,-12.03681952101)
  );
#2047 = CARTESIAN_POINT('',(13.354446318624,1.0234E+03,-14.15467884035)
  );
#2048 = CARTESIAN_POINT('',(15.867462873643,1.0234E+03,-16.27554169145)
  );
#2049 = CARTESIAN_POINT('',(18.405913106852,1.0234E+03,-18.39744849443)
  );
#2050 = CARTESIAN_POINT('',(20.962942661701,1.0234E+03,-20.52077514328)
  );
#2051 = CARTESIAN_POINT('',(23.534211047662,1.0234E+03,-22.64635181603)
  );
#2052 = CARTESIAN_POINT('',(26.11561329237,1.0234E+03,-24.77499763841));
#2053 = CARTESIAN_POINT('',(28.699836672598,1.0234E+03,-26.90724968779)
  );
#2054 = CARTESIAN_POINT('',(31.28273090321,1.0234E+03,-29.03993522555));
#2055 = CARTESIAN_POINT('',(33.860095887823,1.0234E+03,-31.17263057749)
  );
#2056 = CARTESIAN_POINT('',(36.431016999376,1.0234E+03,-33.30667945696)
  );
#2057 = CARTESIAN_POINT('',(38.995650809514,1.0234E+03,-35.44271812476)
  );
#2058 = CARTESIAN_POINT('',(41.553101765159,1.0234E+03,-37.58180991541)
  );
#2059 = CARTESIAN_POINT('',(44.102507354859,1.0234E+03,-39.72469806106)
  );
#2060 = CARTESIAN_POINT('',(46.642817239395,1.0234E+03,-41.87179612791)
  );
#2061 = CARTESIAN_POINT('',(49.172701521135,1.0234E+03,-44.02362726774)
  );
#2062 = CARTESIAN_POINT('',(51.690162501631,1.0234E+03,-46.18126790224)
  );
#2063 = CARTESIAN_POINT('',(54.193842029974,1.0234E+03,-48.34562956941)
  );
#2064 = CARTESIAN_POINT('',(56.682157706253,1.0234E+03,-50.51854684502)
  );
#2065 = CARTESIAN_POINT('',(59.15407365864,1.0234E+03,-52.70190327229));
#2066 = CARTESIAN_POINT('',(61.608702799056,1.0234E+03,-54.89683464424)
  );
#2067 = CARTESIAN_POINT('',(64.045066608599,1.0234E+03,-57.10309913112)
  );
#2068 = CARTESIAN_POINT('',(66.461463208128,1.0234E+03,-59.32135224539)
  );
#2069 = CARTESIAN_POINT('',(68.858965177241,1.0234E+03,-61.55795347062)
  );
#2070 = CARTESIAN_POINT('',(71.237122839051,1.0234E+03,-63.81898840169)
  );
#2071 = CARTESIAN_POINT('',(73.490293196338,1.0234E+03,-66.00357247845)
  );
#2072 = CARTESIAN_POINT('',(75.422539068529,1.0234E+03,-67.90682571724)
  );
#2073 = CARTESIAN_POINT('',(76.907555959276,1.0234E+03,-69.39008149247)
  );
#2074 = CARTESIAN_POINT('',(77.995439402592,1.0234E+03,-70.48315477558)
  );
#2075 = CARTESIAN_POINT('',(78.612840154562,1.0234E+03,-71.10158593897)
  );
#2076 = CARTESIAN_POINT('',(78.889707375743,1.0234E+03,-71.37800374011)
  );
#2077 = PCURVE('',#1692,#2078);
#2078 = DEFINITIONAL_REPRESENTATION('',(#2079),#2082);
#2079 = B_SPLINE_CURVE_WITH_KNOTS('',1,(#2080,#2081),.UNSPECIFIED.,.F.,
  .F.,(2,2),(0.,0.107044722092),.PIECEWISE_BEZIER_KNOTS.);
#2080 = CARTESIAN_POINT('',(0.,1.));
#2081 = CARTESIAN_POINT('',(0.111520520712,1.));
#2082 = ( GEOMETRIC_REPRESENTATION_CONTEXT(2) 
PARAMETRIC_REPRESENTATION_CONTEXT() REPRESENTATION_CONTEXT('2D SPACE',''
  ) );
#2083 = PCURVE('',#2084,#2171);
#2084 = B_SPLINE_SURFACE_WITH_KNOTS('',3,1,(
    (#2085,#2086)
    ,(#2087,#2088)
    ,(#2089,#2090)
    ,(#2091,#2092)
    ,(#2093,#2094)
    ,(#2095,#2096)
    ,(#2097,#2098)
    ,(#2099,#2100)
    ,(#2101,#2102)
    ,(#2103,#2104)
    ,(#2105,#2106)
    ,(#2107,#2108)
    ,(#2109,#2110)
    ,(#2111,#2112)
    ,(#2113,#2114)
    ,(#2115,#2116)
    ,(#2117,#2118)
    ,(#2119,#2120)
    ,(#2121,#2122)
    ,(#2123,#2124)
    ,(#2125,#2126)
    ,(#2127,#2128)
    ,(#2129,#2130)
    ,(#2131,#2132)
    ,(#2133,#2134)
    ,(#2135,#2136)
    ,(#2137,#2138)
    ,(#2139,#2140)
    ,(#2141,#2142)
    ,(#2143,#2144)
    ,(#2145,#2146)
    ,(#2147,#2148)
    ,(#2149,#2150)
    ,(#2151,#2152)
    ,(#2153,#2154)
    ,(#2155,#2156)
    ,(#2157,#2158)
    ,(#2159,#2160)
    ,(#2161,#2162)
    ,(#2163,#2164)
    ,(#2165,#2166)
    ,(#2167,#2168)
    ,(#2169,#2170
    )),.UNSPECIFIED.,.F.,.F.,.F.,(4,1,1,1,1,1,1,1,1,1,1,1,1,1,1,1,1,1,1,
    1,1,1,1,1,1,1,1,1,1,1,1,1,1,1,1,1,1,1,1,1,4),(2,2),(0.,
    1.564517844322E-04,4.496226519219E-04,7.62868467739E-04,
    1.17250206884E-03,1.84233939608E-03,3.006743151562E-03,
    4.892937554813E-03,7.438617603674E-03,1.038053143045E-02,
    1.351079628106E-02,1.672999085031E-02,1.999407335926E-02,
    2.32850669087E-02,2.659501921437E-02,2.991956970076E-02,
    3.325612559557E-02,3.660328484243E-02,3.995714555569E-02,
    4.330711475801E-02,4.665202597832E-02,4.999311762709E-02,
    5.333079245798E-02,5.666501539047E-02,5.999542987236E-02,
    6.332192479457E-02,6.664342040138E-02,6.995915583033E-02,
    7.326861676541E-02,7.657192279024E-02,7.986968674418E-02,
    8.316283605259E-02,8.645043998128E-02,8.97302094261E-02,
    9.300330654768E-02,9.628665502573E-02,9.957439580532E-02,
    0.102418200878,0.104423126624,0.105871028425,0.107044722092),(0.,1.)
  ,.UNSPECIFIED.);
#2085 = CARTESIAN_POINT('',(0.,1.0234E+03,0.));
#2086 = CARTESIAN_POINT('',(0.,1.1782E+03,0.));
#2087 = CARTESIAN_POINT('',(-3.521012881483E-02,1.0234E+03,
    -3.851569583647E-02));
#2088 = CARTESIAN_POINT('',(-2.998497244348E-02,1.1782E+03,
    -3.747395991132E-02));
#2089 = CARTESIAN_POINT('',(-0.126356653436,1.0234E+03,-0.158352902867)
  );
#2090 = CARTESIAN_POINT('',(-0.106388686908,1.1782E+03,-0.152957613905)
  );
#2091 = CARTESIAN_POINT('',(-0.229270274411,1.0234E+03,-0.395757974013)
  );
#2092 = CARTESIAN_POINT('',(-0.186486210797,1.1782E+03,-0.37704522225));
#2093 = CARTESIAN_POINT('',(-0.255768014445,1.0234E+03,-0.740620251973)
  );
#2094 = CARTESIAN_POINT('',(-0.189962432855,1.1782E+03,-0.695129035481)
  );
#2095 = CARTESIAN_POINT('',(-0.115177916571,1.0234E+03,-1.191385456066)
  );
#2096 = CARTESIAN_POINT('',(-3.370100366998E-02,1.1782E+03,
    -1.100303134219));
#2097 = CARTESIAN_POINT('',(0.265881479462,1.0234E+03,-1.837854653617));
#2098 = CARTESIAN_POINT('',(0.355067662807,1.1782E+03,-1.670543940713));
#2099 = CARTESIAN_POINT('',(1.025837340301,1.0234E+03,-2.820823348838));
#2100 = CARTESIAN_POINT('',(1.111887773075,1.1782E+03,-2.526694939311));
#2101 = CARTESIAN_POINT('',(2.291882576746,1.0234E+03,-4.192670512407));
#2102 = CARTESIAN_POINT('',(2.356650535635,1.1782E+03,-3.70913806896));
#2103 = CARTESIAN_POINT('',(4.044048705871,1.0234E+03,-5.917097395289));
#2104 = CARTESIAN_POINT('',(4.068837107268,1.1782E+03,-5.185768465995));
#2105 = CARTESIAN_POINT('',(6.150654872295,1.0234E+03,-7.870508814208));
#2106 = CARTESIAN_POINT('',(6.120133878458,1.1782E+03,-6.851119801557));
#2107 = CARTESIAN_POINT('',(8.461718369212,1.0234E+03,-9.932503608859));
#2108 = CARTESIAN_POINT('',(8.365624527954,1.1782E+03,-8.603762952746));
#2109 = CARTESIAN_POINT('',(10.878557401616,1.0234E+03,-12.03681952101)
  );
#2110 = CARTESIAN_POINT('',(10.710743690708,1.1782E+03,-10.38885219026)
  );
#2111 = CARTESIAN_POINT('',(13.354446318624,1.0234E+03,-14.15467884035)
  );
#2112 = CARTESIAN_POINT('',(13.110871802587,1.1782E+03,-12.18280176558)
  );
#2113 = CARTESIAN_POINT('',(15.867462873643,1.0234E+03,-16.27554169145)
  );
#2114 = CARTESIAN_POINT('',(15.545253714627,1.1782E+03,-13.97726398165)
  );
#2115 = CARTESIAN_POINT('',(18.405913106852,1.0234E+03,-18.39744849443)
  );
#2116 = CARTESIAN_POINT('',(18.003039376877,1.1782E+03,-15.77114721535)
  );
#2117 = CARTESIAN_POINT('',(20.962942661701,1.0234E+03,-20.52077514328)
  );
#2118 = CARTESIAN_POINT('',(20.477961215441,1.1782E+03,-17.565210654));
#2119 = CARTESIAN_POINT('',(23.534211047662,1.0234E+03,-22.64635181603)
  );
#2120 = CARTESIAN_POINT('',(22.966086102146,1.1782E+03,-19.36047846499)
  );
#2121 = CARTESIAN_POINT('',(26.11561329237,1.0234E+03,-24.77499763841));
#2122 = CARTESIAN_POINT('',(25.46369637754,1.1782E+03,-21.1579504399));
#2123 = CARTESIAN_POINT('',(28.699836672598,1.0234E+03,-26.90724968779)
  );
#2124 = CARTESIAN_POINT('',(27.964113562209,1.1782E+03,-22.95856138549)
  );
#2125 = CARTESIAN_POINT('',(31.28273090321,1.0234E+03,-29.03993522555));
#2126 = CARTESIAN_POINT('',(30.463337173978,1.1782E+03,-24.75965047037)
  );
#2127 = CARTESIAN_POINT('',(33.860095887823,1.0234E+03,-31.17263057749)
  );
#2128 = CARTESIAN_POINT('',(32.957487151751,1.1782E+03,-26.56108270869)
  );
#2129 = CARTESIAN_POINT('',(36.431016999376,1.0234E+03,-33.30667945696)
  );
#2130 = CARTESIAN_POINT('',(35.445805340121,1.1782E+03,-28.36414650877)
  );
#2131 = CARTESIAN_POINT('',(38.995650809514,1.0234E+03,-35.44271812476)
  );
#2132 = CARTESIAN_POINT('',(37.928473876882,1.1782E+03,-30.16941630947)
  );
#2133 = CARTESIAN_POINT('',(41.553101765159,1.0234E+03,-37.58180991541)
  );
#2134 = CARTESIAN_POINT('',(40.40473516692,1.1782E+03,-31.97792206085));
#2135 = CARTESIAN_POINT('',(44.102507354859,1.0234E+03,-39.72469806106)
  );
#2136 = CARTESIAN_POINT('',(42.873842593019,1.1782E+03,-33.790397956));
#2137 = CARTESIAN_POINT('',(46.642817239395,1.0234E+03,-41.87179612791)
  );
#2138 = CARTESIAN_POINT('',(45.334857244547,1.1782E+03,-35.60728700223)
  );
#2139 = CARTESIAN_POINT('',(49.172701521135,1.0234E+03,-44.02362726774)
  );
#2140 = CARTESIAN_POINT('',(47.786590280739,1.1782E+03,-37.42914966874)
  );
#2141 = CARTESIAN_POINT('',(51.690162501631,1.0234E+03,-46.18126790224)
  );
#2142 = CARTESIAN_POINT('',(50.227273450985,1.1782E+03,-39.25709452131)
  );
#2143 = CARTESIAN_POINT('',(54.193842029974,1.0234E+03,-48.34562956941)
  );
#2144 = CARTESIAN_POINT('',(52.655715457498,1.1782E+03,-41.09204016127)
  );
#2145 = CARTESIAN_POINT('',(56.682157706253,1.0234E+03,-50.51854684502)
  );
#2146 = CARTESIAN_POINT('',(55.070574989238,1.1782E+03,-42.93576582002)
  );
#2147 = CARTESIAN_POINT('',(59.15407365864,1.0234E+03,-52.70190327229));
#2148 = CARTESIAN_POINT('',(57.471015246987,1.1782E+03,-44.7900626386));
#2149 = CARTESIAN_POINT('',(61.608702799056,1.0234E+03,-54.89683464424)
  );
#2150 = CARTESIAN_POINT('',(59.856290782875,1.1782E+03,-46.65602655115)
  );
#2151 = CARTESIAN_POINT('',(64.045066608599,1.0234E+03,-57.10309913112)
  );
#2152 = CARTESIAN_POINT('',(62.225488988965,1.1782E+03,-48.53349476331)
  );
#2153 = CARTESIAN_POINT('',(66.461463208128,1.0234E+03,-59.32135224539)
  );
#2154 = CARTESIAN_POINT('',(64.577087653406,1.1782E+03,-50.42317169243)
  );
#2155 = CARTESIAN_POINT('',(68.858965177241,1.0234E+03,-61.55795347062)
  );
#2156 = CARTESIAN_POINT('',(66.912455410226,1.1782E+03,-52.3308286615));
#2157 = CARTESIAN_POINT('',(71.237122839051,1.0234E+03,-63.81898840169)
  );
#2158 = CARTESIAN_POINT('',(69.231547356388,1.1782E+03,-54.26207763799)
  );
#2159 = CARTESIAN_POINT('',(73.490293196338,1.0234E+03,-66.00357247845)
  );
#2160 = CARTESIAN_POINT('',(71.431317466741,1.1782E+03,-56.13072045172)
  );
#2161 = CARTESIAN_POINT('',(75.422539068529,1.0234E+03,-67.90682571724)
  );
#2162 = CARTESIAN_POINT('',(73.319571405393,1.1782E+03,-57.76057833237)
  );
#2163 = CARTESIAN_POINT('',(76.907555959276,1.0234E+03,-69.39008149247)
  );
#2164 = CARTESIAN_POINT('',(74.772018677521,1.1782E+03,-59.03202887727)
  );
#2165 = CARTESIAN_POINT('',(77.995439402592,1.0234E+03,-70.48315477558)
  );
#2166 = CARTESIAN_POINT('',(75.836434096615,1.1782E+03,-59.96940608565)
  );
#2167 = CARTESIAN_POINT('',(78.612840154562,1.0234E+03,-71.10158593897)
  );
#2168 = CARTESIAN_POINT('',(76.440400439059,1.1782E+03,-60.49963346434)
  );
#2169 = CARTESIAN_POINT('',(78.889707375743,1.0234E+03,-71.37800374011)
  );
#2170 = CARTESIAN_POINT('',(76.711188048811,1.1782E+03,-60.73657216628)
  );
#2171 = DEFINITIONAL_REPRESENTATION('',(#2172),#2175);
#2172 = B_SPLINE_CURVE_WITH_KNOTS('',1,(#2173,#2174),.UNSPECIFIED.,.F.,
  .F.,(2,2),(0.,0.107044722092),.PIECEWISE_BEZIER_KNOTS.);
#2173 = CARTESIAN_POINT('',(0.,0.));
#2174 = CARTESIAN_POINT('',(0.107044722092,0.));
#2175 = ( GEOMETRIC_REPRESENTATION_CONTEXT(2) 
PARAMETRIC_REPRESENTATION_CONTEXT() REPRESENTATION_CONTEXT('2D SPACE',''
  ) );
#2176 = ORIENTED_EDGE('',*,*,#2177,.F.);
#2177 = EDGE_CURVE('',#1638,#2030,#2178,.T.);
#2178 = SURFACE_CURVE('',#2179,(#2182),.PCURVE_S1.);
#2179 = B_SPLINE_CURVE_WITH_KNOTS('',1,(#2180,#2181),.UNSPECIFIED.,.F.,
  .F.,(2,2),(0.,1.),.PIECEWISE_BEZIER_KNOTS.);
#2180 = CARTESIAN_POINT('',(0.,868.6,0.));
#2181 = CARTESIAN_POINT('',(0.,1.0234E+03,0.));
#2182 = PCURVE('',#1692,#2183);
#2183 = DEFINITIONAL_REPRESENTATION('',(#2184),#2187);
#2184 = B_SPLINE_CURVE_WITH_KNOTS('',1,(#2185,#2186),.UNSPECIFIED.,.F.,
  .F.,(2,2),(0.,1.),.PIECEWISE_BEZIER_KNOTS.);
#2185 = CARTESIAN_POINT('',(0.,0.));
#2186 = CARTESIAN_POINT('',(0.,1.));
#2187 = ( GEOMETRIC_REPRESENTATION_CONTEXT(2) 
PARAMETRIC_REPRESENTATION_CONTEXT() REPRESENTATION_CONTEXT('2D SPACE',''
  ) );
#2188 = ADVANCED_FACE('',(#2189),#1834,.F.);
#2189 = FACE_BOUND('',#2190,.F.);
#2190 = EDGE_LOOP('',(#2191,#2192,#2212,#2236));
#2191 = ORIENTED_EDGE('',*,*,#1821,.T.);
#2192 = ORIENTED_EDGE('',*,*,#2193,.T.);
#2193 = EDGE_CURVE('',#1802,#2194,#2196,.T.);
#2194 = VERTEX_POINT('',#2195);
#2195 = CARTESIAN_POINT('',(79.032139643097,1.0234E+03,-71.21993199929)
  );
#2196 = SURFACE_CURVE('',#2197,(#2200,#2206),.PCURVE_S1.);
#2197 = B_SPLINE_CURVE_WITH_KNOTS('',1,(#2198,#2199),.UNSPECIFIED.,.F.,
  .F.,(2,2),(0.,1.),.PIECEWISE_BEZIER_KNOTS.);
#2198 = CARTESIAN_POINT('',(76.229233098789,868.6,-80.45958784813));
#2199 = CARTESIAN_POINT('',(79.032139643097,1.0234E+03,-71.21993199929)
  );
#2200 = PCURVE('',#1834,#2201);
#2201 = DEFINITIONAL_REPRESENTATION('',(#2202),#2205);
#2202 = B_SPLINE_CURVE_WITH_KNOTS('',1,(#2203,#2204),.UNSPECIFIED.,.F.,
  .F.,(2,2),(0.,1.),.PIECEWISE_BEZIER_KNOTS.);
#2203 = CARTESIAN_POINT('',(2.216726786079E-04,0.));
#2204 = CARTESIAN_POINT('',(2.216726786079E-04,1.));
#2205 = ( GEOMETRIC_REPRESENTATION_CONTEXT(2) 
PARAMETRIC_REPRESENTATION_CONTEXT() REPRESENTATION_CONTEXT('2D SPACE',''
  ) );
#2206 = PCURVE('',#1915,#2207);
#2207 = DEFINITIONAL_REPRESENTATION('',(#2208),#2211);
#2208 = B_SPLINE_CURVE_WITH_KNOTS('',1,(#2209,#2210),.UNSPECIFIED.,.F.,
  .F.,(2,2),(0.,1.),.PIECEWISE_BEZIER_KNOTS.);
#2209 = CARTESIAN_POINT('',(0.,0.));
#2210 = CARTESIAN_POINT('',(0.,1.));
#2211 = ( GEOMETRIC_REPRESENTATION_CONTEXT(2) 
PARAMETRIC_REPRESENTATION_CONTEXT() REPRESENTATION_CONTEXT('2D SPACE',''
  ) );
#2212 = ORIENTED_EDGE('',*,*,#2213,.F.);
#2213 = EDGE_CURVE('',#2010,#2194,#2214,.T.);
#2214 = SURFACE_CURVE('',#2215,(#2219,#2225),.PCURVE_S1.);
#2215 = LINE('',#2216,#2217);
#2216 = CARTESIAN_POINT('',(78.889707375743,1.0234E+03,-71.37800374011)
  );
#2217 = VECTOR('',#2218,1.);
#2218 = DIRECTION('',(0.669400061948,0.,0.742902118091));
#2219 = PCURVE('',#1834,#2220);
#2220 = DEFINITIONAL_REPRESENTATION('',(#2221),#2224);
#2221 = B_SPLINE_CURVE_WITH_KNOTS('',1,(#2222,#2223),.UNSPECIFIED.,.F.,
  .F.,(2,2),(0.,0.212775999661),.PIECEWISE_BEZIER_KNOTS.);
#2222 = CARTESIAN_POINT('',(0.,1.));
#2223 = CARTESIAN_POINT('',(2.127759996606E-04,1.));
#2224 = ( GEOMETRIC_REPRESENTATION_CONTEXT(2) 
PARAMETRIC_REPRESENTATION_CONTEXT() REPRESENTATION_CONTEXT('2D SPACE',''
  ) );
#2225 = PCURVE('',#2226,#2231);
#2226 = B_SPLINE_SURFACE_WITH_KNOTS('',1,1,(
    (#2227,#2228)
    ,(#2229,#2230
    )),.UNSPECIFIED.,.F.,.F.,.F.,(2,2),(2,2),(0.,2.127759996606E-04),(0.
    ,1.),.PIECEWISE_BEZIER_KNOTS.);
#2227 = CARTESIAN_POINT('',(78.889707375743,1.0234E+03,-71.37800374011)
  );
#2228 = CARTESIAN_POINT('',(76.711188048811,1.1782E+03,-60.73657216628)
  );
#2229 = CARTESIAN_POINT('',(79.032139643097,1.0234E+03,-71.21993199929)
  );
#2230 = CARTESIAN_POINT('',(76.832346428567,1.1782E+03,-60.582901085));
#2231 = DEFINITIONAL_REPRESENTATION('',(#2232),#2235);
#2232 = B_SPLINE_CURVE_WITH_KNOTS('',1,(#2233,#2234),.UNSPECIFIED.,.F.,
  .F.,(2,2),(0.,0.212775999661),.PIECEWISE_BEZIER_KNOTS.);
#2233 = CARTESIAN_POINT('',(0.,0.));
#2234 = CARTESIAN_POINT('',(2.127759996606E-04,0.));
#2235 = ( GEOMETRIC_REPRESENTATION_CONTEXT(2) 
PARAMETRIC_REPRESENTATION_CONTEXT() REPRESENTATION_CONTEXT('2D SPACE',''
  ) );
#2236 = ORIENTED_EDGE('',*,*,#2009,.F.);
#2237 = ADVANCED_FACE('',(#2238),#1915,.F.);
#2238 = FACE_BOUND('',#2239,.F.);
#2239 = EDGE_LOOP('',(#2240,#2241,#2255,#2395));
#2240 = ORIENTED_EDGE('',*,*,#1864,.T.);
#2241 = ORIENTED_EDGE('',*,*,#2242,.T.);
#2242 = EDGE_CURVE('',#1851,#2243,#2245,.T.);
#2243 = VERTEX_POINT('',#2244);
#2244 = CARTESIAN_POINT('',(1.013786455604,1.0234E+03,0.456364839742));
#2245 = SURFACE_CURVE('',#2246,(#2249),.PCURVE_S1.);
#2246 = B_SPLINE_CURVE_WITH_KNOTS('',1,(#2247,#2248),.UNSPECIFIED.,.F.,
  .F.,(2,2),(0.,1.),.PIECEWISE_BEZIER_KNOTS.);
#2247 = CARTESIAN_POINT('',(1.090378676271,868.6,0.390678990595));
#2248 = CARTESIAN_POINT('',(1.013786455604,1.0234E+03,0.456364839742));
#2249 = PCURVE('',#1915,#2250);
#2250 = DEFINITIONAL_REPRESENTATION('',(#2251),#2254);
#2251 = B_SPLINE_CURVE_WITH_KNOTS('',1,(#2252,#2253),.UNSPECIFIED.,.F.,
  .F.,(2,2),(0.,1.),.PIECEWISE_BEZIER_KNOTS.);
#2252 = CARTESIAN_POINT('',(0.112667585763,0.));
#2253 = CARTESIAN_POINT('',(0.112667585763,1.));
#2254 = ( GEOMETRIC_REPRESENTATION_CONTEXT(2) 
PARAMETRIC_REPRESENTATION_CONTEXT() REPRESENTATION_CONTEXT('2D SPACE',''
  ) );
#2255 = ORIENTED_EDGE('',*,*,#2256,.F.);
#2256 = EDGE_CURVE('',#2194,#2243,#2257,.T.);
#2257 = SURFACE_CURVE('',#2258,(#2300,#2306),.PCURVE_S1.);
#2258 = B_SPLINE_CURVE_WITH_KNOTS('',3,(#2259,#2260,#2261,#2262,#2263,
    #2264,#2265,#2266,#2267,#2268,#2269,#2270,#2271,#2272,#2273,#2274,
    #2275,#2276,#2277,#2278,#2279,#2280,#2281,#2282,#2283,#2284,#2285,
    #2286,#2287,#2288,#2289,#2290,#2291,#2292,#2293,#2294,#2295,#2296,
    #2297,#2298,#2299),.UNSPECIFIED.,.F.,.F.,(4,1,1,1,1,1,1,1,1,1,1,1,1,
    1,1,1,1,1,1,1,1,1,1,1,1,1,1,1,1,1,1,1,1,1,1,1,1,1,4),(0.,
    1.172997071063E-03,2.617759685218E-03,4.607153602732E-03,
    7.408412643023E-03,1.06565431117E-02,1.400297888894E-02,
    1.734745536164E-02,2.067275459918E-02,2.397684166378E-02,
    2.725936966715E-02,3.051915915E-02,3.375488703562E-02,
    3.696932191673E-02,4.016881963522E-02,4.336319113865E-02,
    4.655787406276E-02,4.975657325437E-02,5.295909119793E-02,
    5.616378641318E-02,5.936822934908E-02,6.256787011333E-02,
    6.576149706257E-02,6.894834185709E-02,7.21256076811E-02,
    7.529088497302E-02,7.844182448824E-02,8.157456568347E-02,
    8.468165005665E-02,8.77552185743E-02,9.078321145322E-02,
    9.374697148622E-02,9.661909724479E-02,9.936040583137E-02,
    0.101900882367,0.104136601601,0.105946382208,0.107266188137,
    0.108145750485),.UNSPECIFIED.);
#2259 = CARTESIAN_POINT('',(79.032139643097,1.0234E+03,-71.21993199929)
  );
#2260 = CARTESIAN_POINT('',(78.795710358548,1.0234E+03,-70.90851289964)
  );
#2261 = CARTESIAN_POINT('',(78.267000512814,1.0234E+03,-70.2143419668));
#2262 = CARTESIAN_POINT('',(77.334429132459,1.0234E+03,-68.99420150599)
  );
#2263 = CARTESIAN_POINT('',(76.077281067052,1.0234E+03,-67.33901621968)
  );
#2264 = CARTESIAN_POINT('',(74.464256914379,1.0234E+03,-65.19928768101)
  );
#2265 = CARTESIAN_POINT('',(72.592431256876,1.0234E+03,-62.68823328332)
  );
#2266 = CARTESIAN_POINT('',(70.618682754862,1.0234E+03,-60.02733641913)
  );
#2267 = CARTESIAN_POINT('',(68.628769703319,1.0234E+03,-57.34640022844)
  );
#2268 = CARTESIAN_POINT('',(66.638885164151,1.0234E+03,-54.68303022316)
  );
#2269 = CARTESIAN_POINT('',(64.647065684944,1.0234E+03,-52.04693584002)
  );
#2270 = CARTESIAN_POINT('',(62.652300815934,1.0234E+03,-49.44049524737)
  );
#2271 = CARTESIAN_POINT('',(60.646517146156,1.0234E+03,-46.87132898811)
  );
#2272 = CARTESIAN_POINT('',(58.6252365704,1.0234E+03,-44.34332501447));
#2273 = CARTESIAN_POINT('',(56.587113715172,1.0234E+03,-41.85478915258)
  );
#2274 = CARTESIAN_POINT('',(54.52450032978,1.0234E+03,-39.40447825705));
#2275 = CARTESIAN_POINT('',(52.431132034104,1.0234E+03,-36.9890794856));
#2276 = CARTESIAN_POINT('',(50.302662505518,1.0234E+03,-34.60493134675)
  );
#2277 = CARTESIAN_POINT('',(48.141152015911,1.0234E+03,-32.24702155513)
  );
#2278 = CARTESIAN_POINT('',(45.944315444962,1.0234E+03,-29.91737877733)
  );
#2279 = CARTESIAN_POINT('',(43.712439658492,1.0234E+03,-27.6186016854));
#2280 = CARTESIAN_POINT('',(41.446024750163,1.0234E+03,-25.35520712793)
  );
#2281 = CARTESIAN_POINT('',(39.145787315678,1.0234E+03,-23.13147363477)
  );
#2282 = CARTESIAN_POINT('',(36.811499072549,1.0234E+03,-20.95207258327)
  );
#2283 = CARTESIAN_POINT('',(34.443575670124,1.0234E+03,-18.82036924423)
  );
#2284 = CARTESIAN_POINT('',(32.04199386503,1.0234E+03,-16.7410289985));
#2285 = CARTESIAN_POINT('',(29.607666075899,1.0234E+03,-14.71877294771)
  );
#2286 = CARTESIAN_POINT('',(27.142373846846,1.0234E+03,-12.75809974579)
  );
#2287 = CARTESIAN_POINT('',(24.648513330043,1.0234E+03,-10.86575265206)
  );
#2288 = CARTESIAN_POINT('',(22.129782321473,1.0234E+03,-9.050318654029)
  );
#2289 = CARTESIAN_POINT('',(19.591926989223,1.0234E+03,-7.322907908601)
  );
#2290 = CARTESIAN_POINT('',(17.043322090104,1.0234E+03,-5.698453405319)
  );
#2291 = CARTESIAN_POINT('',(14.498119898823,1.0234E+03,-4.196543937705)
  );
#2292 = CARTESIAN_POINT('',(11.978919849907,1.0234E+03,-2.842681697272)
  );
#2293 = CARTESIAN_POINT('',(9.52495607871,1.0234E+03,-1.671171480022));
#2294 = CARTESIAN_POINT('',(7.204079620656,1.0234E+03,-0.722408442435));
#2295 = CARTESIAN_POINT('',(5.116027939035,1.0234E+03,-3.54264712788E-02
    ));
#2296 = CARTESIAN_POINT('',(3.372436720666,1.0234E+03,0.369679525743));
#2297 = CARTESIAN_POINT('',(2.038940757081,1.0234E+03,0.528790513579));
#2298 = CARTESIAN_POINT('',(1.306387396211,1.0234E+03,0.49419800004));
#2299 = CARTESIAN_POINT('',(1.013786455604,1.0234E+03,0.456364839742));
#2300 = PCURVE('',#1915,#2301);
#2301 = DEFINITIONAL_REPRESENTATION('',(#2302),#2305);
#2302 = B_SPLINE_CURVE_WITH_KNOTS('',1,(#2303,#2304),.UNSPECIFIED.,.F.,
  .F.,(2,2),(0.,0.108145750485),.PIECEWISE_BEZIER_KNOTS.);
#2303 = CARTESIAN_POINT('',(0.,1.));
#2304 = CARTESIAN_POINT('',(0.112667585763,1.));
#2305 = ( GEOMETRIC_REPRESENTATION_CONTEXT(2) 
PARAMETRIC_REPRESENTATION_CONTEXT() REPRESENTATION_CONTEXT('2D SPACE',''
  ) );
#2306 = PCURVE('',#2307,#2390);
#2307 = B_SPLINE_SURFACE_WITH_KNOTS('',3,1,(
    (#2308,#2309)
    ,(#2310,#2311)
    ,(#2312,#2313)
    ,(#2314,#2315)
    ,(#2316,#2317)
    ,(#2318,#2319)
    ,(#2320,#2321)
    ,(#2322,#2323)
    ,(#2324,#2325)
    ,(#2326,#2327)
    ,(#2328,#2329)
    ,(#2330,#2331)
    ,(#2332,#2333)
    ,(#2334,#2335)
    ,(#2336,#2337)
    ,(#2338,#2339)
    ,(#2340,#2341)
    ,(#2342,#2343)
    ,(#2344,#2345)
    ,(#2346,#2347)
    ,(#2348,#2349)
    ,(#2350,#2351)
    ,(#2352,#2353)
    ,(#2354,#2355)
    ,(#2356,#2357)
    ,(#2358,#2359)
    ,(#2360,#2361)
    ,(#2362,#2363)
    ,(#2364,#2365)
    ,(#2366,#2367)
    ,(#2368,#2369)
    ,(#2370,#2371)
    ,(#2372,#2373)
    ,(#2374,#2375)
    ,(#2376,#2377)
    ,(#2378,#2379)
    ,(#2380,#2381)
    ,(#2382,#2383)
    ,(#2384,#2385)
    ,(#2386,#2387)
    ,(#2388,#2389
    )),.UNSPECIFIED.,.F.,.F.,.F.,(4,1,1,1,1,1,1,1,1,1,1,1,1,1,1,1,1,1,1,
    1,1,1,1,1,1,1,1,1,1,1,1,1,1,1,1,1,1,1,4),(2,2),(0.,
    1.172997071063E-03,2.617759685218E-03,4.607153602732E-03,
    7.408412643023E-03,1.06565431117E-02,1.400297888894E-02,
    1.734745536164E-02,2.067275459918E-02,2.397684166378E-02,
    2.725936966715E-02,3.051915915E-02,3.375488703562E-02,
    3.696932191673E-02,4.016881963522E-02,4.336319113865E-02,
    4.655787406276E-02,4.975657325437E-02,5.295909119793E-02,
    5.616378641318E-02,5.936822934908E-02,6.256787011333E-02,
    6.576149706257E-02,6.894834185709E-02,7.21256076811E-02,
    7.529088497302E-02,7.844182448824E-02,8.157456568347E-02,
    8.468165005665E-02,8.77552185743E-02,9.078321145322E-02,
    9.374697148622E-02,9.661909724479E-02,9.936040583137E-02,
    0.101900882367,0.104136601601,0.105946382208,0.107266188137,
    0.108145750485),(0.,1.),.UNSPECIFIED.);
#2308 = CARTESIAN_POINT('',(79.032139643097,1.0234E+03,-71.21993199929)
  );
#2309 = CARTESIAN_POINT('',(76.832346428567,1.1782E+03,-60.582901085));
#2310 = CARTESIAN_POINT('',(78.795710358548,1.0234E+03,-70.90851289964)
  );
#2311 = CARTESIAN_POINT('',(76.596553770751,1.1782E+03,-60.31139767956)
  );
#2312 = CARTESIAN_POINT('',(78.267000512814,1.0234E+03,-70.2143419668));
#2313 = CARTESIAN_POINT('',(76.069402529248,1.1782E+03,-59.7063035682));
#2314 = CARTESIAN_POINT('',(77.334429132459,1.0234E+03,-68.99420150599)
  );
#2315 = CARTESIAN_POINT('',(75.139839054399,1.1782E+03,-58.64293001943)
  );
#2316 = CARTESIAN_POINT('',(76.077281067052,1.0234E+03,-67.33901621968)
  );
#2317 = CARTESIAN_POINT('',(73.886118417479,1.1782E+03,-57.19992786581)
  );
#2318 = CARTESIAN_POINT('',(74.464256914379,1.0234E+03,-65.19928768101)
  );
#2319 = CARTESIAN_POINT('',(72.276525621374,1.1782E+03,-55.33376356587)
  );
#2320 = CARTESIAN_POINT('',(72.592431256876,1.0234E+03,-62.68823328332)
  );
#2321 = CARTESIAN_POINT('',(70.40698870365,1.1782E+03,-53.14247102751));
#2322 = CARTESIAN_POINT('',(70.618682754862,1.0234E+03,-60.02733641913)
  );
#2323 = CARTESIAN_POINT('',(68.434861115211,1.1782E+03,-50.81982649288)
  );
#2324 = CARTESIAN_POINT('',(68.628769703319,1.0234E+03,-57.34640022844)
  );
#2325 = CARTESIAN_POINT('',(66.446688179155,1.1782E+03,-48.47976859679)
  );
#2326 = CARTESIAN_POINT('',(66.638885164151,1.0234E+03,-54.68303022316)
  );
#2327 = CARTESIAN_POINT('',(64.459602979978,1.1782E+03,-46.15582958682)
  );
#2328 = CARTESIAN_POINT('',(64.647065684944,1.0234E+03,-52.04693584002)
  );
#2329 = CARTESIAN_POINT('',(62.472390410741,1.1782E+03,-43.85703853646)
  );
#2330 = CARTESIAN_POINT('',(62.652300815934,1.0234E+03,-49.44049524737)
  );
#2331 = CARTESIAN_POINT('',(60.484266893723,1.1782E+03,-41.58563897131)
  );
#2332 = CARTESIAN_POINT('',(60.646517146156,1.0234E+03,-46.87132898811)
  );
#2333 = CARTESIAN_POINT('',(58.488283933631,1.1782E+03,-39.3491122135));
#2334 = CARTESIAN_POINT('',(58.6252365704,1.0234E+03,-44.34332501447));
#2335 = CARTESIAN_POINT('',(56.480566901707,1.1782E+03,-37.15129688725)
  );
#2336 = CARTESIAN_POINT('',(56.587113715172,1.0234E+03,-41.85478915258)
  );
#2337 = CARTESIAN_POINT('',(54.459778756046,1.1782E+03,-34.990719542));
#2338 = CARTESIAN_POINT('',(54.52450032978,1.0234E+03,-39.40447825705));
#2339 = CARTESIAN_POINT('',(52.418825517819,1.1782E+03,-32.86670153863)
  );
#2340 = CARTESIAN_POINT('',(52.431132034104,1.0234E+03,-36.9890794856));
#2341 = CARTESIAN_POINT('',(50.351758118509,1.1782E+03,-30.77658123198)
  );
#2342 = CARTESIAN_POINT('',(50.302662505518,1.0234E+03,-34.60493134675)
  );
#2343 = CARTESIAN_POINT('',(48.254366634358,1.1782E+03,-28.71726110587)
  );
#2344 = CARTESIAN_POINT('',(48.141152015911,1.0234E+03,-32.24702155513)
  );
#2345 = CARTESIAN_POINT('',(46.128238885442,1.1782E+03,-26.68401684386)
  );
#2346 = CARTESIAN_POINT('',(45.944315444962,1.0234E+03,-29.91737877733)
  );
#2347 = CARTESIAN_POINT('',(43.971400398788,1.1782E+03,-24.6788482631));
#2348 = CARTESIAN_POINT('',(43.712439658492,1.0234E+03,-27.6186016854));
#2349 = CARTESIAN_POINT('',(41.784271477733,1.1782E+03,-22.70412284672)
  );
#2350 = CARTESIAN_POINT('',(41.446024750163,1.0234E+03,-25.35520712793)
  );
#2351 = CARTESIAN_POINT('',(39.567584026735,1.1782E+03,-20.76395551579)
  );
#2352 = CARTESIAN_POINT('',(39.145787315678,1.0234E+03,-23.13147363477)
  );
#2353 = CARTESIAN_POINT('',(37.322254233436,1.1782E+03,-18.8622294008));
#2354 = CARTESIAN_POINT('',(36.811499072549,1.0234E+03,-20.95207258327)
  );
#2355 = CARTESIAN_POINT('',(35.048354905068,1.1782E+03,-17.00324525262)
  );
#2356 = CARTESIAN_POINT('',(34.443575670124,1.0234E+03,-18.82036924423)
  );
#2357 = CARTESIAN_POINT('',(32.746470858081,1.1782E+03,-15.19006628462)
  );
#2358 = CARTESIAN_POINT('',(32.04199386503,1.0234E+03,-16.7410289985));
#2359 = CARTESIAN_POINT('',(30.41686270313,1.1782E+03,-13.42697535355));
#2360 = CARTESIAN_POINT('',(29.607666075899,1.0234E+03,-14.71877294771)
  );
#2361 = CARTESIAN_POINT('',(28.060653081685,1.1782E+03,-11.718249907));
#2362 = CARTESIAN_POINT('',(27.142373846846,1.0234E+03,-12.75809974579)
  );
#2363 = CARTESIAN_POINT('',(25.679748794548,1.1782E+03,-10.06791072722)
  );
#2364 = CARTESIAN_POINT('',(24.648513330043,1.0234E+03,-10.86575265206)
  );
#2365 = CARTESIAN_POINT('',(23.276756319981,1.1782E+03,-8.482001343892)
  );
#2366 = CARTESIAN_POINT('',(22.129782321473,1.0234E+03,-9.050318654029)
  );
#2367 = CARTESIAN_POINT('',(20.855588085083,1.1782E+03,-6.968178626971)
  );
#2368 = CARTESIAN_POINT('',(19.591926989223,1.0234E+03,-7.322907908601)
  );
#2369 = CARTESIAN_POINT('',(18.422188803898,1.1782E+03,-5.5362911878));
#2370 = CARTESIAN_POINT('',(17.043322090104,1.0234E+03,-5.698453405319)
  );
#2371 = CARTESIAN_POINT('',(15.985146488277,1.1782E+03,-4.19953702499));
#2372 = CARTESIAN_POINT('',(14.498119898823,1.0234E+03,-4.196543937705)
  );
#2373 = CARTESIAN_POINT('',(13.558632580493,1.1782E+03,-2.975037649862)
  );
#2374 = CARTESIAN_POINT('',(11.978919849907,1.0234E+03,-2.842681697272)
  );
#2375 = CARTESIAN_POINT('',(11.164927901722,1.1782E+03,-1.884830855626)
  );
#2376 = CARTESIAN_POINT('',(9.52495607871,1.0234E+03,-1.671171480022));
#2377 = CARTESIAN_POINT('',(8.842111017117,1.1782E+03,-0.958027367382));
#2378 = CARTESIAN_POINT('',(7.204079620656,1.0234E+03,-0.722408442435));
#2379 = CARTESIAN_POINT('',(6.654890474427,1.1782E+03,-0.227597681255));
#2380 = CARTESIAN_POINT('',(5.116027939035,1.0234E+03,-3.54264712788E-02
    ));
#2381 = CARTESIAN_POINT('',(4.697154950502,1.1782E+03,0.276663934077));
#2382 = CARTESIAN_POINT('',(3.372436720666,1.0234E+03,0.369679525743));
#2383 = CARTESIAN_POINT('',(3.072567671363,1.1782E+03,0.543062682314));
#2384 = CARTESIAN_POINT('',(2.038940757081,1.0234E+03,0.528790513579));
#2385 = CARTESIAN_POINT('',(1.83919375547,1.1782E+03,0.608493255254));
#2386 = CARTESIAN_POINT('',(1.306387396211,1.0234E+03,0.49419800004));
#2387 = CARTESIAN_POINT('',(1.169015013335,1.1782E+03,0.532477337524));
#2388 = CARTESIAN_POINT('',(1.013786455604,1.0234E+03,0.456364839742));
#2389 = CARTESIAN_POINT('',(0.902779474764,1.1782E+03,0.480074940119));
#2390 = DEFINITIONAL_REPRESENTATION('',(#2391),#2394);
#2391 = B_SPLINE_CURVE_WITH_KNOTS('',1,(#2392,#2393),.UNSPECIFIED.,.F.,
  .F.,(2,2),(0.,0.108145750485),.PIECEWISE_BEZIER_KNOTS.);
#2392 = CARTESIAN_POINT('',(0.,0.));
#2393 = CARTESIAN_POINT('',(0.108145750485,0.));
#2394 = ( GEOMETRIC_REPRESENTATION_CONTEXT(2) 
PARAMETRIC_REPRESENTATION_CONTEXT() REPRESENTATION_CONTEXT('2D SPACE',''
  ) );
#2395 = ORIENTED_EDGE('',*,*,#2193,.F.);
#2396 = ADVANCED_FACE('',(#2397),#2084,.F.);
#2397 = FACE_BOUND('',#2398,.F.);
#2398 = EDGE_LOOP('',(#2399,#2400,#2420,#2568));
#2399 = ORIENTED_EDGE('',*,*,#2029,.T.);
#2400 = ORIENTED_EDGE('',*,*,#2401,.T.);
#2401 = EDGE_CURVE('',#2010,#2402,#2404,.T.);
#2402 = VERTEX_POINT('',#2403);
#2403 = CARTESIAN_POINT('',(76.711188048811,1.1782E+03,-60.73657216628)
  );
#2404 = SURFACE_CURVE('',#2405,(#2408,#2414),.PCURVE_S1.);
#2405 = B_SPLINE_CURVE_WITH_KNOTS('',1,(#2406,#2407),.UNSPECIFIED.,.F.,
  .F.,(2,2),(0.,1.),.PIECEWISE_BEZIER_KNOTS.);
#2406 = CARTESIAN_POINT('',(78.889707375743,1.0234E+03,-71.37800374011)
  );
#2407 = CARTESIAN_POINT('',(76.711188048811,1.1782E+03,-60.73657216628)
  );
#2408 = PCURVE('',#2084,#2409);
#2409 = DEFINITIONAL_REPRESENTATION('',(#2410),#2413);
#2410 = B_SPLINE_CURVE_WITH_KNOTS('',1,(#2411,#2412),.UNSPECIFIED.,.F.,
  .F.,(2,2),(0.,1.),.PIECEWISE_BEZIER_KNOTS.);
#2411 = CARTESIAN_POINT('',(0.107044722092,0.));
#2412 = CARTESIAN_POINT('',(0.107044722092,1.));
#2413 = ( GEOMETRIC_REPRESENTATION_CONTEXT(2) 
PARAMETRIC_REPRESENTATION_CONTEXT() REPRESENTATION_CONTEXT('2D SPACE',''
  ) );
#2414 = PCURVE('',#2226,#2415);
#2415 = DEFINITIONAL_REPRESENTATION('',(#2416),#2419);
#2416 = B_SPLINE_CURVE_WITH_KNOTS('',1,(#2417,#2418),.UNSPECIFIED.,.F.,
  .F.,(2,2),(0.,1.),.PIECEWISE_BEZIER_KNOTS.);
#2417 = CARTESIAN_POINT('',(0.,0.));
#2418 = CARTESIAN_POINT('',(0.,1.));
#2419 = ( GEOMETRIC_REPRESENTATION_CONTEXT(2) 
PARAMETRIC_REPRESENTATION_CONTEXT() REPRESENTATION_CONTEXT('2D SPACE',''
  ) );
#2420 = ORIENTED_EDGE('',*,*,#2421,.F.);
#2421 = EDGE_CURVE('',#2422,#2402,#2424,.T.);
#2422 = VERTEX_POINT('',#2423);
#2423 = CARTESIAN_POINT('',(0.,1.1782E+03,0.));
#2424 = SURFACE_CURVE('',#2425,(#2469,#2475),.PCURVE_S1.);
#2425 = B_SPLINE_CURVE_WITH_KNOTS('',3,(#2426,#2427,#2428,#2429,#2430,
    #2431,#2432,#2433,#2434,#2435,#2436,#2437,#2438,#2439,#2440,#2441,
    #2442,#2443,#2444,#2445,#2446,#2447,#2448,#2449,#2450,#2451,#2452,
    #2453,#2454,#2455,#2456,#2457,#2458,#2459,#2460,#2461,#2462,#2463,
    #2464,#2465,#2466,#2467,#2468),.UNSPECIFIED.,.F.,.F.,(4,1,1,1,1,1,1,
    1,1,1,1,1,1,1,1,1,1,1,1,1,1,1,1,1,1,1,1,1,1,1,1,1,1,1,1,1,1,1,1,1,4)
  ,(0.,1.438878496381E-04,4.135154914877E-04,7.016059534126E-04,
    1.078343733783E-03,1.694389456583E-03,2.765285215904E-03,
    4.500007882496E-03,6.841255886962E-03,9.546917927772E-03,
    1.242580537407E-02,1.538648099574E-02,1.838843980981E-02,
    2.14151485605E-02,2.44592935755E-02,2.75168644574E-02,
    3.058547664769E-02,3.366384068281E-02,3.674836801989E-02,
    3.982931635567E-02,4.290561289308E-02,4.597839659146E-02,
    4.904803786114E-02,5.211450443875E-02,5.517746840521E-02,
    5.823682757408E-02,6.129158889994E-02,6.434105262176E-02,
    6.738474572592E-02,7.042277819282E-02,7.345571364746E-02,
    7.648440503788E-02,7.950799637292E-02,8.252438237603E-02,
    8.553463187999E-02,8.855430950037E-02,9.157802669644E-02,
    9.41934586533E-02,9.603737788577E-02,9.736900524532E-02,
    9.844844488591E-02),.UNSPECIFIED.);
#2426 = CARTESIAN_POINT('',(0.,1.1782E+03,0.));
#2427 = CARTESIAN_POINT('',(-2.998497244348E-02,1.1782E+03,
    -3.747395991132E-02));
#2428 = CARTESIAN_POINT('',(-0.106388686908,1.1782E+03,-0.152957613905)
  );
#2429 = CARTESIAN_POINT('',(-0.186486210797,1.1782E+03,-0.37704522225));
#2430 = CARTESIAN_POINT('',(-0.189962432855,1.1782E+03,-0.695129035481)
  );
#2431 = CARTESIAN_POINT('',(-3.370100366998E-02,1.1782E+03,
    -1.100303134219));
#2432 = CARTESIAN_POINT('',(0.355067662807,1.1782E+03,-1.670543940713));
#2433 = CARTESIAN_POINT('',(1.111887773075,1.1782E+03,-2.526694939311));
#2434 = CARTESIAN_POINT('',(2.356650535635,1.1782E+03,-3.70913806896));
#2435 = CARTESIAN_POINT('',(4.068837107268,1.1782E+03,-5.185768465995));
#2436 = CARTESIAN_POINT('',(6.120133878458,1.1782E+03,-6.851119801557));
#2437 = CARTESIAN_POINT('',(8.365624527954,1.1782E+03,-8.603762952746));
#2438 = CARTESIAN_POINT('',(10.710743690708,1.1782E+03,-10.38885219026)
  );
#2439 = CARTESIAN_POINT('',(13.110871802587,1.1782E+03,-12.18280176558)
  );
#2440 = CARTESIAN_POINT('',(15.545253714627,1.1782E+03,-13.97726398165)
  );
#2441 = CARTESIAN_POINT('',(18.003039376877,1.1782E+03,-15.77114721535)
  );
#2442 = CARTESIAN_POINT('',(20.477961215441,1.1782E+03,-17.565210654));
#2443 = CARTESIAN_POINT('',(22.966086102146,1.1782E+03,-19.36047846499)
  );
#2444 = CARTESIAN_POINT('',(25.46369637754,1.1782E+03,-21.1579504399));
#2445 = CARTESIAN_POINT('',(27.964113562209,1.1782E+03,-22.95856138549)
  );
#2446 = CARTESIAN_POINT('',(30.463337173978,1.1782E+03,-24.75965047037)
  );
#2447 = CARTESIAN_POINT('',(32.957487151751,1.1782E+03,-26.56108270869)
  );
#2448 = CARTESIAN_POINT('',(35.445805340121,1.1782E+03,-28.36414650877)
  );
#2449 = CARTESIAN_POINT('',(37.928473876882,1.1782E+03,-30.16941630947)
  );
#2450 = CARTESIAN_POINT('',(40.40473516692,1.1782E+03,-31.97792206085));
#2451 = CARTESIAN_POINT('',(42.873842593019,1.1782E+03,-33.790397956));
#2452 = CARTESIAN_POINT('',(45.334857244547,1.1782E+03,-35.60728700223)
  );
#2453 = CARTESIAN_POINT('',(47.786590280739,1.1782E+03,-37.42914966874)
  );
#2454 = CARTESIAN_POINT('',(50.227273450985,1.1782E+03,-39.25709452131)
  );
#2455 = CARTESIAN_POINT('',(52.655715457498,1.1782E+03,-41.09204016127)
  );
#2456 = CARTESIAN_POINT('',(55.070574989238,1.1782E+03,-42.93576582002)
  );
#2457 = CARTESIAN_POINT('',(57.471015246987,1.1782E+03,-44.7900626386));
#2458 = CARTESIAN_POINT('',(59.856290782875,1.1782E+03,-46.65602655115)
  );
#2459 = CARTESIAN_POINT('',(62.225488988965,1.1782E+03,-48.53349476331)
  );
#2460 = CARTESIAN_POINT('',(64.577087653406,1.1782E+03,-50.42317169243)
  );
#2461 = CARTESIAN_POINT('',(66.912455410226,1.1782E+03,-52.3308286615));
#2462 = CARTESIAN_POINT('',(69.231547356388,1.1782E+03,-54.26207763799)
  );
#2463 = CARTESIAN_POINT('',(71.431317466741,1.1782E+03,-56.13072045172)
  );
#2464 = CARTESIAN_POINT('',(73.319571405393,1.1782E+03,-57.76057833237)
  );
#2465 = CARTESIAN_POINT('',(74.772018677521,1.1782E+03,-59.03202887727)
  );
#2466 = CARTESIAN_POINT('',(75.836434096615,1.1782E+03,-59.96940608565)
  );
#2467 = CARTESIAN_POINT('',(76.440400439059,1.1782E+03,-60.49963346434)
  );
#2468 = CARTESIAN_POINT('',(76.711188048811,1.1782E+03,-60.73657216628)
  );
#2469 = PCURVE('',#2084,#2470);
#2470 = DEFINITIONAL_REPRESENTATION('',(#2471),#2474);
#2471 = B_SPLINE_CURVE_WITH_KNOTS('',1,(#2472,#2473),.UNSPECIFIED.,.F.,
  .F.,(2,2),(0.,9.844844488591E-02),.PIECEWISE_BEZIER_KNOTS.);
#2472 = CARTESIAN_POINT('',(0.,1.));
#2473 = CARTESIAN_POINT('',(0.107044722092,1.));
#2474 = ( GEOMETRIC_REPRESENTATION_CONTEXT(2) 
PARAMETRIC_REPRESENTATION_CONTEXT() REPRESENTATION_CONTEXT('2D SPACE',''
  ) );
#2475 = PCURVE('',#2476,#2563);
#2476 = B_SPLINE_SURFACE_WITH_KNOTS('',3,1,(
    (#2477,#2478)
    ,(#2479,#2480)
    ,(#2481,#2482)
    ,(#2483,#2484)
    ,(#2485,#2486)
    ,(#2487,#2488)
    ,(#2489,#2490)
    ,(#2491,#2492)
    ,(#2493,#2494)
    ,(#2495,#2496)
    ,(#2497,#2498)
    ,(#2499,#2500)
    ,(#2501,#2502)
    ,(#2503,#2504)
    ,(#2505,#2506)
    ,(#2507,#2508)
    ,(#2509,#2510)
    ,(#2511,#2512)
    ,(#2513,#2514)
    ,(#2515,#2516)
    ,(#2517,#2518)
    ,(#2519,#2520)
    ,(#2521,#2522)
    ,(#2523,#2524)
    ,(#2525,#2526)
    ,(#2527,#2528)
    ,(#2529,#2530)
    ,(#2531,#2532)
    ,(#2533,#2534)
    ,(#2535,#2536)
    ,(#2537,#2538)
    ,(#2539,#2540)
    ,(#2541,#2542)
    ,(#2543,#2544)
    ,(#2545,#2546)
    ,(#2547,#2548)
    ,(#2549,#2550)
    ,(#2551,#2552)
    ,(#2553,#2554)
    ,(#2555,#2556)
    ,(#2557,#2558)
    ,(#2559,#2560)
    ,(#2561,#2562
    )),.UNSPECIFIED.,.F.,.F.,.F.,(4,1,1,1,1,1,1,1,1,1,1,1,1,1,1,1,1,1,1,
    1,1,1,1,1,1,1,1,1,1,1,1,1,1,1,1,1,1,1,1,1,4),(2,2),(0.,
    1.438878496381E-04,4.135154914877E-04,7.016059534126E-04,
    1.078343733783E-03,1.694389456583E-03,2.765285215904E-03,
    4.500007882496E-03,6.841255886962E-03,9.546917927772E-03,
    1.242580537407E-02,1.538648099574E-02,1.838843980981E-02,
    2.14151485605E-02,2.44592935755E-02,2.75168644574E-02,
    3.058547664769E-02,3.366384068281E-02,3.674836801989E-02,
    3.982931635567E-02,4.290561289308E-02,4.597839659146E-02,
    4.904803786114E-02,5.211450443875E-02,5.517746840521E-02,
    5.823682757408E-02,6.129158889994E-02,6.434105262176E-02,
    6.738474572592E-02,7.042277819282E-02,7.345571364746E-02,
    7.648440503788E-02,7.950799637292E-02,8.252438237603E-02,
    8.553463187999E-02,8.855430950037E-02,9.157802669644E-02,
    9.41934586533E-02,9.603737788577E-02,9.736900524532E-02,
    9.844844488591E-02),(0.,1.),.UNSPECIFIED.);
#2477 = CARTESIAN_POINT('',(0.,1.1782E+03,0.));
#2478 = CARTESIAN_POINT('',(0.,1.333E+03,0.));
#2479 = CARTESIAN_POINT('',(-2.998497244348E-02,1.1782E+03,
    -3.747395991132E-02));
#2480 = CARTESIAN_POINT('',(-2.41368144753E-02,1.333E+03,
    -3.366580617607E-02));
#2481 = CARTESIAN_POINT('',(-0.106388686908,1.1782E+03,-0.152957613905)
  );
#2482 = CARTESIAN_POINT('',(-8.472774121706E-02,1.333E+03,
    -0.136684684042));
#2483 = CARTESIAN_POINT('',(-0.186486210797,1.1782E+03,-0.37704522225));
#2484 = CARTESIAN_POINT('',(-0.143553314239,1.333E+03,-0.333479314726));
#2485 = CARTESIAN_POINT('',(-0.189962432855,1.1782E+03,-0.695129035481)
  );
#2486 = CARTESIAN_POINT('',(-0.132054377276,1.333E+03,-0.607799076861));
#2487 = CARTESIAN_POINT('',(-3.370100366998E-02,1.1782E+03,
    -1.100303134219));
#2488 = CARTESIAN_POINT('',(2.109363037582E-02,1.333E+03,-0.94990402234)
  );
#2489 = CARTESIAN_POINT('',(0.355067662807,1.1782E+03,-1.670543940713));
#2490 = CARTESIAN_POINT('',(0.382165340526,1.333E+03,-1.423687108108));
#2491 = CARTESIAN_POINT('',(1.111887773075,1.1782E+03,-2.526694939311));
#2492 = CARTESIAN_POINT('',(1.07349526067,1.333E+03,-2.127128421128));
#2493 = CARTESIAN_POINT('',(2.356650535635,1.1782E+03,-3.70913806896));
#2494 = CARTESIAN_POINT('',(2.200259688052,1.333E+03,-3.089570310446));
#2495 = CARTESIAN_POINT('',(4.068837107268,1.1782E+03,-5.185768465995));
#2496 = CARTESIAN_POINT('',(3.74331008948,1.333E+03,-4.284276146368));
#2497 = CARTESIAN_POINT('',(6.120133878458,1.1782E+03,-6.851119801557));
#2498 = CARTESIAN_POINT('',(5.587244860856,1.333E+03,-5.626190149846));
#2499 = CARTESIAN_POINT('',(8.365624527954,1.1782E+03,-8.603762952746));
#2500 = CARTESIAN_POINT('',(7.602536240815,1.333E+03,-7.034492861059));
#2501 = CARTESIAN_POINT('',(10.710743690708,1.1782E+03,-10.38885219026)
  );
#2502 = CARTESIAN_POINT('',(9.70517754965,1.333E+03,-8.466221262706));
#2503 = CARTESIAN_POINT('',(13.110871802587,1.1782E+03,-12.18280176558)
  );
#2504 = CARTESIAN_POINT('',(11.855635688556,1.333E+03,-9.903079756901));
#2505 = CARTESIAN_POINT('',(15.545253714627,1.1782E+03,-13.97726398165)
  );
#2506 = CARTESIAN_POINT('',(14.035641067861,1.333E+03,-11.33881915118));
#2507 = CARTESIAN_POINT('',(18.003039376877,1.1782E+03,-15.77114721535)
  );
#2508 = CARTESIAN_POINT('',(16.235792116486,1.333E+03,-12.77299299778));
#2509 = CARTESIAN_POINT('',(20.477961215441,1.1782E+03,-17.565210654));
#2510 = CARTESIAN_POINT('',(18.450721312043,1.333E+03,-14.20654126665));
#2511 = CARTESIAN_POINT('',(22.966086102146,1.1782E+03,-19.36047846499)
  );
#2512 = CARTESIAN_POINT('',(20.677085302155,1.333E+03,-15.64052593694));
#2513 = CARTESIAN_POINT('',(25.46369637754,1.1782E+03,-21.1579504399));
#2514 = CARTESIAN_POINT('',(22.91172533945,1.333E+03,-17.07597815899));
#2515 = CARTESIAN_POINT('',(27.964113562209,1.1782E+03,-22.95856138549)
  );
#2516 = CARTESIAN_POINT('',(25.148927738745,1.333E+03,-18.51400799688));
#2517 = CARTESIAN_POINT('',(30.463337173978,1.1782E+03,-24.75965047037)
  );
#2518 = CARTESIAN_POINT('',(27.385123168036,1.333E+03,-19.95250434178));
#2519 = CARTESIAN_POINT('',(32.957487151751,1.1782E+03,-26.56108270869)
  );
#2520 = CARTESIAN_POINT('',(29.616961191421,1.333E+03,-21.3915276625));
#2521 = CARTESIAN_POINT('',(35.445805340121,1.1782E+03,-28.36414650877)
  );
#2522 = CARTESIAN_POINT('',(31.843847056089,1.333E+03,-22.83222300737));
#2523 = CARTESIAN_POINT('',(37.928473876882,1.1782E+03,-30.16941630947)
  );
#2524 = CARTESIAN_POINT('',(34.065963926716,1.333E+03,-24.27507719405));
#2525 = CARTESIAN_POINT('',(40.40473516692,1.1782E+03,-31.97792206085));
#2526 = CARTESIAN_POINT('',(36.282705755416,1.333E+03,-25.72101247617));
#2527 = CARTESIAN_POINT('',(42.873842593019,1.1782E+03,-33.790397956));
#2528 = CARTESIAN_POINT('',(38.493462478617,1.333E+03,-27.17069568959));
#2529 = CARTESIAN_POINT('',(45.334857244547,1.1782E+03,-35.60728700223)
  );
#2530 = CARTESIAN_POINT('',(40.697445022684,1.333E+03,-28.6245514555));
#2531 = CARTESIAN_POINT('',(47.786590280739,1.1782E+03,-37.42914966874)
  );
#2532 = CARTESIAN_POINT('',(42.893654248107,1.333E+03,-30.08311702671));
#2533 = CARTESIAN_POINT('',(50.227273450985,1.1782E+03,-39.25709452131)
  );
#2534 = CARTESIAN_POINT('',(45.080616589958,1.333E+03,-31.5474284727));
#2535 = CARTESIAN_POINT('',(52.655715457498,1.1782E+03,-41.09204016127)
  );
#2536 = CARTESIAN_POINT('',(47.257347111136,1.333E+03,-33.01833183786));
#2537 = CARTESIAN_POINT('',(55.070574989238,1.1782E+03,-42.93576582002)
  );
#2538 = CARTESIAN_POINT('',(49.422770794896,1.333E+03,-34.49742179302));
#2539 = CARTESIAN_POINT('',(57.471015246987,1.1782E+03,-44.7900626386));
#2540 = CARTESIAN_POINT('',(51.576248013746,1.333E+03,-35.98628028342));
#2541 = CARTESIAN_POINT('',(59.856290782875,1.1782E+03,-46.65602655115)
  );
#2542 = CARTESIAN_POINT('',(53.717186196605,1.333E+03,-37.48588588182));
#2543 = CARTESIAN_POINT('',(62.225488988965,1.1782E+03,-48.53349476331)
  );
#2544 = CARTESIAN_POINT('',(55.844791334031,1.333E+03,-38.99613986099));
#2545 = CARTESIAN_POINT('',(64.577087653406,1.1782E+03,-50.42317169243)
  );
#2546 = CARTESIAN_POINT('',(57.957783508571,1.333E+03,-40.51771873665));
#2547 = CARTESIAN_POINT('',(66.912455410226,1.1782E+03,-52.3308286615));
#2548 = CARTESIAN_POINT('',(60.057605367433,1.333E+03,-42.05553453224));
#2549 = CARTESIAN_POINT('',(69.231547356388,1.1782E+03,-54.26207763799)
  );
#2550 = CARTESIAN_POINT('',(62.144473946535,1.333E+03,-43.61442633542));
#2551 = CARTESIAN_POINT('',(71.431317466741,1.1782E+03,-56.13072045172)
  );
#2552 = CARTESIAN_POINT('',(64.125644216941,1.333E+03,-45.12479444146));
#2553 = CARTESIAN_POINT('',(73.319571405393,1.1782E+03,-57.76057833237)
  );
#2554 = CARTESIAN_POINT('',(65.827432409284,1.333E+03,-46.44354598437));
#2555 = CARTESIAN_POINT('',(74.772018677521,1.1782E+03,-59.03202887727)
  );
#2556 = CARTESIAN_POINT('',(67.137259408872,1.333E+03,-47.47324051231));
#2557 = CARTESIAN_POINT('',(75.836434096615,1.1782E+03,-59.96940608565)
  );
#2558 = CARTESIAN_POINT('',(68.09741197059,1.333E+03,-48.23267476664));
#2559 = CARTESIAN_POINT('',(76.440400439059,1.1782E+03,-60.49963346434)
  );
#2560 = CARTESIAN_POINT('',(68.642142460052,1.333E+03,-48.6621630577));
#2561 = CARTESIAN_POINT('',(76.711188048811,1.1782E+03,-60.73657216628)
  );
#2562 = CARTESIAN_POINT('',(68.886335828564,1.333E+03,-48.85404433486));
#2563 = DEFINITIONAL_REPRESENTATION('',(#2564),#2567);
#2564 = B_SPLINE_CURVE_WITH_KNOTS('',1,(#2565,#2566),.UNSPECIFIED.,.F.,
  .F.,(2,2),(0.,9.844844488591E-02),.PIECEWISE_BEZIER_KNOTS.);
#2565 = CARTESIAN_POINT('',(0.,0.));
#2566 = CARTESIAN_POINT('',(9.844844488591E-02,0.));
#2567 = ( GEOMETRIC_REPRESENTATION_CONTEXT(2) 
PARAMETRIC_REPRESENTATION_CONTEXT() REPRESENTATION_CONTEXT('2D SPACE',''
  ) );
#2568 = ORIENTED_EDGE('',*,*,#2569,.F.);
#2569 = EDGE_CURVE('',#2030,#2422,#2570,.T.);
#2570 = SURFACE_CURVE('',#2571,(#2574),.PCURVE_S1.);
#2571 = B_SPLINE_CURVE_WITH_KNOTS('',1,(#2572,#2573),.UNSPECIFIED.,.F.,
  .F.,(2,2),(0.,1.),.PIECEWISE_BEZIER_KNOTS.);
#2572 = CARTESIAN_POINT('',(0.,1.0234E+03,0.));
#2573 = CARTESIAN_POINT('',(0.,1.1782E+03,0.));
#2574 = PCURVE('',#2084,#2575);
#2575 = DEFINITIONAL_REPRESENTATION('',(#2576),#2579);
#2576 = B_SPLINE_CURVE_WITH_KNOTS('',1,(#2577,#2578),.UNSPECIFIED.,.F.,
  .F.,(2,2),(0.,1.),.PIECEWISE_BEZIER_KNOTS.);
#2577 = CARTESIAN_POINT('',(0.,0.));
#2578 = CARTESIAN_POINT('',(0.,1.));
#2579 = ( GEOMETRIC_REPRESENTATION_CONTEXT(2) 
PARAMETRIC_REPRESENTATION_CONTEXT() REPRESENTATION_CONTEXT('2D SPACE',''
  ) );
#2580 = ADVANCED_FACE('',(#2581),#2226,.F.);
#2581 = FACE_BOUND('',#2582,.F.);
#2582 = EDGE_LOOP('',(#2583,#2584,#2604,#2628));
#2583 = ORIENTED_EDGE('',*,*,#2213,.T.);
#2584 = ORIENTED_EDGE('',*,*,#2585,.T.);
#2585 = EDGE_CURVE('',#2194,#2586,#2588,.T.);
#2586 = VERTEX_POINT('',#2587);
#2587 = CARTESIAN_POINT('',(76.832346428567,1.1782E+03,-60.582901085));
#2588 = SURFACE_CURVE('',#2589,(#2592,#2598),.PCURVE_S1.);
#2589 = B_SPLINE_CURVE_WITH_KNOTS('',1,(#2590,#2591),.UNSPECIFIED.,.F.,
  .F.,(2,2),(0.,1.),.PIECEWISE_BEZIER_KNOTS.);
#2590 = CARTESIAN_POINT('',(79.032139643097,1.0234E+03,-71.21993199929)
  );
#2591 = CARTESIAN_POINT('',(76.832346428567,1.1782E+03,-60.582901085));
#2592 = PCURVE('',#2226,#2593);
#2593 = DEFINITIONAL_REPRESENTATION('',(#2594),#2597);
#2594 = B_SPLINE_CURVE_WITH_KNOTS('',1,(#2595,#2596),.UNSPECIFIED.,.F.,
  .F.,(2,2),(0.,1.),.PIECEWISE_BEZIER_KNOTS.);
#2595 = CARTESIAN_POINT('',(2.127759996606E-04,0.));
#2596 = CARTESIAN_POINT('',(2.127759996606E-04,1.));
#2597 = ( GEOMETRIC_REPRESENTATION_CONTEXT(2) 
PARAMETRIC_REPRESENTATION_CONTEXT() REPRESENTATION_CONTEXT('2D SPACE',''
  ) );
#2598 = PCURVE('',#2307,#2599);
#2599 = DEFINITIONAL_REPRESENTATION('',(#2600),#2603);
#2600 = B_SPLINE_CURVE_WITH_KNOTS('',1,(#2601,#2602),.UNSPECIFIED.,.F.,
  .F.,(2,2),(0.,1.),.PIECEWISE_BEZIER_KNOTS.);
#2601 = CARTESIAN_POINT('',(0.,0.));
#2602 = CARTESIAN_POINT('',(0.,1.));
#2603 = ( GEOMETRIC_REPRESENTATION_CONTEXT(2) 
PARAMETRIC_REPRESENTATION_CONTEXT() REPRESENTATION_CONTEXT('2D SPACE',''
  ) );
#2604 = ORIENTED_EDGE('',*,*,#2605,.F.);
#2605 = EDGE_CURVE('',#2402,#2586,#2606,.T.);
#2606 = SURFACE_CURVE('',#2607,(#2611,#2617),.PCURVE_S1.);
#2607 = LINE('',#2608,#2609);
#2608 = CARTESIAN_POINT('',(76.711188048811,1.1782E+03,-60.73657216628)
  );
#2609 = VECTOR('',#2610,1.);
#2610 = DIRECTION('',(0.619137652236,0.,0.7852824763));
#2611 = PCURVE('',#2226,#2612);
#2612 = DEFINITIONAL_REPRESENTATION('',(#2613),#2616);
#2613 = B_SPLINE_CURVE_WITH_KNOTS('',1,(#2614,#2615),.UNSPECIFIED.,.F.,
  .F.,(2,2),(0.,0.195688922033),.PIECEWISE_BEZIER_KNOTS.);
#2614 = CARTESIAN_POINT('',(0.,1.));
#2615 = CARTESIAN_POINT('',(2.127759996606E-04,1.));
#2616 = ( GEOMETRIC_REPRESENTATION_CONTEXT(2) 
PARAMETRIC_REPRESENTATION_CONTEXT() REPRESENTATION_CONTEXT('2D SPACE',''
  ) );
#2617 = PCURVE('',#2618,#2623);
#2618 = B_SPLINE_SURFACE_WITH_KNOTS('',1,1,(
    (#2619,#2620)
    ,(#2621,#2622
    )),.UNSPECIFIED.,.F.,.F.,.F.,(2,2),(2,2),(0.,1.956889220335E-04),(0.
    ,1.),.PIECEWISE_BEZIER_KNOTS.);
#2619 = CARTESIAN_POINT('',(76.711188048811,1.1782E+03,-60.73657216628)
  );
#2620 = CARTESIAN_POINT('',(68.886335828564,1.333E+03,-48.85404433486));
#2621 = CARTESIAN_POINT('',(76.832346428567,1.1782E+03,-60.582901085));
#2622 = CARTESIAN_POINT('',(68.983761283238,1.333E+03,-48.71607164426));
#2623 = DEFINITIONAL_REPRESENTATION('',(#2624),#2627);
#2624 = B_SPLINE_CURVE_WITH_KNOTS('',1,(#2625,#2626),.UNSPECIFIED.,.F.,
  .F.,(2,2),(0.,0.195688922033),.PIECEWISE_BEZIER_KNOTS.);
#2625 = CARTESIAN_POINT('',(0.,0.));
#2626 = CARTESIAN_POINT('',(1.956889220335E-04,0.));
#2627 = ( GEOMETRIC_REPRESENTATION_CONTEXT(2) 
PARAMETRIC_REPRESENTATION_CONTEXT() REPRESENTATION_CONTEXT('2D SPACE',''
  ) );
#2628 = ORIENTED_EDGE('',*,*,#2401,.F.);
#2629 = ADVANCED_FACE('',(#2630),#2307,.F.);
#2630 = FACE_BOUND('',#2631,.F.);
#2631 = EDGE_LOOP('',(#2632,#2633,#2647,#2787));
#2632 = ORIENTED_EDGE('',*,*,#2256,.T.);
#2633 = ORIENTED_EDGE('',*,*,#2634,.T.);
#2634 = EDGE_CURVE('',#2243,#2635,#2637,.T.);
#2635 = VERTEX_POINT('',#2636);
#2636 = CARTESIAN_POINT('',(0.902779474764,1.1782E+03,0.480074940119));
#2637 = SURFACE_CURVE('',#2638,(#2641),.PCURVE_S1.);
#2638 = B_SPLINE_CURVE_WITH_KNOTS('',1,(#2639,#2640),.UNSPECIFIED.,.F.,
  .F.,(2,2),(0.,1.),.PIECEWISE_BEZIER_KNOTS.);
#2639 = CARTESIAN_POINT('',(1.013786455604,1.0234E+03,0.456364839742));
#2640 = CARTESIAN_POINT('',(0.902779474764,1.1782E+03,0.480074940119));
#2641 = PCURVE('',#2307,#2642);
#2642 = DEFINITIONAL_REPRESENTATION('',(#2643),#2646);
#2643 = B_SPLINE_CURVE_WITH_KNOTS('',1,(#2644,#2645),.UNSPECIFIED.,.F.,
  .F.,(2,2),(0.,1.),.PIECEWISE_BEZIER_KNOTS.);
#2644 = CARTESIAN_POINT('',(0.108145750485,0.));
#2645 = CARTESIAN_POINT('',(0.108145750485,1.));
#2646 = ( GEOMETRIC_REPRESENTATION_CONTEXT(2) 
PARAMETRIC_REPRESENTATION_CONTEXT() REPRESENTATION_CONTEXT('2D SPACE',''
  ) );
#2647 = ORIENTED_EDGE('',*,*,#2648,.F.);
#2648 = EDGE_CURVE('',#2586,#2635,#2649,.T.);
#2649 = SURFACE_CURVE('',#2650,(#2692,#2698),.PCURVE_S1.);
#2650 = B_SPLINE_CURVE_WITH_KNOTS('',3,(#2651,#2652,#2653,#2654,#2655,
    #2656,#2657,#2658,#2659,#2660,#2661,#2662,#2663,#2664,#2665,#2666,
    #2667,#2668,#2669,#2670,#2671,#2672,#2673,#2674,#2675,#2676,#2677,
    #2678,#2679,#2680,#2681,#2682,#2683,#2684,#2685,#2686,#2687,#2688,
    #2689,#2690,#2691),.UNSPECIFIED.,.F.,.F.,(4,1,1,1,1,1,1,1,1,1,1,1,1,
    1,1,1,1,1,1,1,1,1,1,1,1,1,1,1,1,1,1,1,1,1,1,1,1,1,4),(0.,
    1.078798984617E-03,2.40753925142E-03,4.237173946308E-03,
    6.813476550011E-03,9.800764359981E-03,1.287846302405E-02,
    1.595435972646E-02,1.901261923069E-02,2.205137001559E-02,
    2.50702930499E-02,2.806830359138E-02,3.10441848136E-02,
    3.400048297615E-02,3.694304351202E-02,3.988088949595E-02,
    4.281902189178E-02,4.576084802685E-02,4.870618624717E-02,
    5.165352689234E-02,5.460063551759E-02,5.754332761185E-02,
    6.048048883337E-02,6.341141254433E-02,6.633352652855E-02,
    6.924461472544E-02,7.214251654759E-02,7.502368147447E-02,
    7.788124996258E-02,8.070799410183E-02,8.349282257566E-02,
    8.621857645273E-02,8.886005478927E-02,9.13812212889E-02,
    9.371768365109E-02,9.577386239028E-02,9.743830770684E-02,
    9.865212599448E-02,9.946105467126E-02),.UNSPECIFIED.);
#2651 = CARTESIAN_POINT('',(76.832346428567,1.1782E+03,-60.582901085));
#2652 = CARTESIAN_POINT('',(76.596553770751,1.1782E+03,-60.31139767956)
  );
#2653 = CARTESIAN_POINT('',(76.069402529248,1.1782E+03,-59.7063035682));
#2654 = CARTESIAN_POINT('',(75.139839054399,1.1782E+03,-58.64293001943)
  );
#2655 = CARTESIAN_POINT('',(73.886118417479,1.1782E+03,-57.19992786581)
  );
#2656 = CARTESIAN_POINT('',(72.276525621374,1.1782E+03,-55.33376356587)
  );
#2657 = CARTESIAN_POINT('',(70.40698870365,1.1782E+03,-53.14247102751));
#2658 = CARTESIAN_POINT('',(68.434861115211,1.1782E+03,-50.81982649288)
  );
#2659 = CARTESIAN_POINT('',(66.446688179155,1.1782E+03,-48.47976859679)
  );
#2660 = CARTESIAN_POINT('',(64.459602979978,1.1782E+03,-46.15582958682)
  );
#2661 = CARTESIAN_POINT('',(62.472390410741,1.1782E+03,-43.85703853646)
  );
#2662 = CARTESIAN_POINT('',(60.484266893723,1.1782E+03,-41.58563897131)
  );
#2663 = CARTESIAN_POINT('',(58.488283933631,1.1782E+03,-39.3491122135));
#2664 = CARTESIAN_POINT('',(56.480566901707,1.1782E+03,-37.15129688725)
  );
#2665 = CARTESIAN_POINT('',(54.459778756046,1.1782E+03,-34.990719542));
#2666 = CARTESIAN_POINT('',(52.418825517819,1.1782E+03,-32.86670153863)
  );
#2667 = CARTESIAN_POINT('',(50.351758118509,1.1782E+03,-30.77658123198)
  );
#2668 = CARTESIAN_POINT('',(48.254366634358,1.1782E+03,-28.71726110587)
  );
#2669 = CARTESIAN_POINT('',(46.128238885442,1.1782E+03,-26.68401684386)
  );
#2670 = CARTESIAN_POINT('',(43.971400398788,1.1782E+03,-24.6788482631));
#2671 = CARTESIAN_POINT('',(41.784271477733,1.1782E+03,-22.70412284672)
  );
#2672 = CARTESIAN_POINT('',(39.567584026735,1.1782E+03,-20.76395551579)
  );
#2673 = CARTESIAN_POINT('',(37.322254233436,1.1782E+03,-18.8622294008));
#2674 = CARTESIAN_POINT('',(35.048354905068,1.1782E+03,-17.00324525262)
  );
#2675 = CARTESIAN_POINT('',(32.746470858081,1.1782E+03,-15.19006628462)
  );
#2676 = CARTESIAN_POINT('',(30.41686270313,1.1782E+03,-13.42697535355));
#2677 = CARTESIAN_POINT('',(28.060653081685,1.1782E+03,-11.718249907));
#2678 = CARTESIAN_POINT('',(25.679748794548,1.1782E+03,-10.06791072722)
  );
#2679 = CARTESIAN_POINT('',(23.276756319981,1.1782E+03,-8.482001343892)
  );
#2680 = CARTESIAN_POINT('',(20.855588085083,1.1782E+03,-6.968178626971)
  );
#2681 = CARTESIAN_POINT('',(18.422188803898,1.1782E+03,-5.5362911878));
#2682 = CARTESIAN_POINT('',(15.985146488277,1.1782E+03,-4.19953702499));
#2683 = CARTESIAN_POINT('',(13.558632580493,1.1782E+03,-2.975037649862)
  );
#2684 = CARTESIAN_POINT('',(11.164927901722,1.1782E+03,-1.884830855626)
  );
#2685 = CARTESIAN_POINT('',(8.842111017117,1.1782E+03,-0.958027367382));
#2686 = CARTESIAN_POINT('',(6.654890474427,1.1782E+03,-0.227597681255));
#2687 = CARTESIAN_POINT('',(4.697154950502,1.1782E+03,0.276663934077));
#2688 = CARTESIAN_POINT('',(3.072567671363,1.1782E+03,0.543062682314));
#2689 = CARTESIAN_POINT('',(1.83919375547,1.1782E+03,0.608493255254));
#2690 = CARTESIAN_POINT('',(1.169015013335,1.1782E+03,0.532477337524));
#2691 = CARTESIAN_POINT('',(0.902779474764,1.1782E+03,0.480074940119));
#2692 = PCURVE('',#2307,#2693);
#2693 = DEFINITIONAL_REPRESENTATION('',(#2694),#2697);
#2694 = B_SPLINE_CURVE_WITH_KNOTS('',1,(#2695,#2696),.UNSPECIFIED.,.F.,
  .F.,(2,2),(0.,9.946105467126E-02),.PIECEWISE_BEZIER_KNOTS.);
#2695 = CARTESIAN_POINT('',(0.,1.));
#2696 = CARTESIAN_POINT('',(0.108145750485,1.));
#2697 = ( GEOMETRIC_REPRESENTATION_CONTEXT(2) 
PARAMETRIC_REPRESENTATION_CONTEXT() REPRESENTATION_CONTEXT('2D SPACE',''
  ) );
#2698 = PCURVE('',#2699,#2782);
#2699 = B_SPLINE_SURFACE_WITH_KNOTS('',3,1,(
    (#2700,#2701)
    ,(#2702,#2703)
    ,(#2704,#2705)
    ,(#2706,#2707)
    ,(#2708,#2709)
    ,(#2710,#2711)
    ,(#2712,#2713)
    ,(#2714,#2715)
    ,(#2716,#2717)
    ,(#2718,#2719)
    ,(#2720,#2721)
    ,(#2722,#2723)
    ,(#2724,#2725)
    ,(#2726,#2727)
    ,(#2728,#2729)
    ,(#2730,#2731)
    ,(#2732,#2733)
    ,(#2734,#2735)
    ,(#2736,#2737)
    ,(#2738,#2739)
    ,(#2740,#2741)
    ,(#2742,#2743)
    ,(#2744,#2745)
    ,(#2746,#2747)
    ,(#2748,#2749)
    ,(#2750,#2751)
    ,(#2752,#2753)
    ,(#2754,#2755)
    ,(#2756,#2757)
    ,(#2758,#2759)
    ,(#2760,#2761)
    ,(#2762,#2763)
    ,(#2764,#2765)
    ,(#2766,#2767)
    ,(#2768,#2769)
    ,(#2770,#2771)
    ,(#2772,#2773)
    ,(#2774,#2775)
    ,(#2776,#2777)
    ,(#2778,#2779)
    ,(#2780,#2781
    )),.UNSPECIFIED.,.F.,.F.,.F.,(4,1,1,1,1,1,1,1,1,1,1,1,1,1,1,1,1,1,1,
    1,1,1,1,1,1,1,1,1,1,1,1,1,1,1,1,1,1,1,4),(2,2),(0.,
    1.078798984617E-03,2.40753925142E-03,4.237173946308E-03,
    6.813476550011E-03,9.800764359981E-03,1.287846302405E-02,
    1.595435972646E-02,1.901261923069E-02,2.205137001559E-02,
    2.50702930499E-02,2.806830359138E-02,3.10441848136E-02,
    3.400048297615E-02,3.694304351202E-02,3.988088949595E-02,
    4.281902189178E-02,4.576084802685E-02,4.870618624717E-02,
    5.165352689234E-02,5.460063551759E-02,5.754332761185E-02,
    6.048048883337E-02,6.341141254433E-02,6.633352652855E-02,
    6.924461472544E-02,7.214251654759E-02,7.502368147447E-02,
    7.788124996258E-02,8.070799410183E-02,8.349282257566E-02,
    8.621857645273E-02,8.886005478927E-02,9.13812212889E-02,
    9.371768365109E-02,9.577386239028E-02,9.743830770684E-02,
    9.865212599448E-02,9.946105467126E-02),(0.,1.),.UNSPECIFIED.);
#2700 = CARTESIAN_POINT('',(76.832346428567,1.1782E+03,-60.582901085));
#2701 = CARTESIAN_POINT('',(68.983761283238,1.333E+03,-48.71607164426));
#2702 = CARTESIAN_POINT('',(76.596553770751,1.1782E+03,-60.31139767956)
  );
#2703 = CARTESIAN_POINT('',(68.768155483309,1.333E+03,-48.49280378812));
#2704 = CARTESIAN_POINT('',(76.069402529248,1.1782E+03,-59.7063035682));
#2705 = CARTESIAN_POINT('',(68.286221422612,1.333E+03,-47.99528622386));
#2706 = CARTESIAN_POINT('',(75.139839054399,1.1782E+03,-58.64293001943)
  );
#2707 = CARTESIAN_POINT('',(67.436558154012,1.333E+03,-47.12110854678));
#2708 = CARTESIAN_POINT('',(73.886118417479,1.1782E+03,-57.19992786581)
  );
#2709 = CARTESIAN_POINT('',(66.290199066751,1.333E+03,-45.9344950238));
#2710 = CARTESIAN_POINT('',(72.276525621374,1.1782E+03,-55.33376356587)
  );
#2711 = CARTESIAN_POINT('',(64.817824682462,1.333E+03,-44.39936868243));
#2712 = CARTESIAN_POINT('',(70.40698870365,1.1782E+03,-53.14247102751));
#2713 = CARTESIAN_POINT('',(63.106584283739,1.333E+03,-42.59585500067));
#2714 = CARTESIAN_POINT('',(68.434861115211,1.1782E+03,-50.81982649288)
  );
#2715 = CARTESIAN_POINT('',(61.300933663726,1.333E+03,-40.68380208371));
#2716 = CARTESIAN_POINT('',(66.446688179155,1.1782E+03,-48.47976859679)
  );
#2717 = CARTESIAN_POINT('',(59.480659780301,1.333E+03,-38.7574715115));
#2718 = CARTESIAN_POINT('',(64.459602979978,1.1782E+03,-46.15582958682)
  );
#2719 = CARTESIAN_POINT('',(57.662057975127,1.333E+03,-36.84498448772));
#2720 = CARTESIAN_POINT('',(62.472390410741,1.1782E+03,-43.85703853646)
  );
#2721 = CARTESIAN_POINT('',(55.844492385552,1.333E+03,-34.9541786829));
#2722 = CARTESIAN_POINT('',(60.484266893723,1.1782E+03,-41.58563897131)
  );
#2723 = CARTESIAN_POINT('',(54.027389871776,1.333E+03,-33.0870235342));
#2724 = CARTESIAN_POINT('',(58.488283933631,1.1782E+03,-39.3491122135));
#2725 = CARTESIAN_POINT('',(52.205102343843,1.333E+03,-31.25028395308));
#2726 = CARTESIAN_POINT('',(56.480566901707,1.1782E+03,-37.15129688725)
  );
#2727 = CARTESIAN_POINT('',(50.374465126317,1.333E+03,-29.44744507667));
#2728 = CARTESIAN_POINT('',(54.459778756046,1.1782E+03,-34.990719542));
#2729 = CARTESIAN_POINT('',(48.534258656683,1.333E+03,-27.67729784446));
#2730 = CARTESIAN_POINT('',(52.418825517819,1.1782E+03,-32.86670153863)
  );
#2731 = CARTESIAN_POINT('',(46.678337599327,1.333E+03,-25.93958060103));
#2732 = CARTESIAN_POINT('',(50.351758118509,1.1782E+03,-30.77658123198)
  );
#2733 = CARTESIAN_POINT('',(44.801453068506,1.333E+03,-24.23227033362));
#2734 = CARTESIAN_POINT('',(48.254366634358,1.1782E+03,-28.71726110587)
  );
#2735 = CARTESIAN_POINT('',(42.899835311465,1.333E+03,-22.55288909232));
#2736 = CARTESIAN_POINT('',(46.128238885442,1.1782E+03,-26.68401684386)
  );
#2737 = CARTESIAN_POINT('',(40.974637606748,1.333E+03,-20.89729255855));
#2738 = CARTESIAN_POINT('',(43.971400398788,1.1782E+03,-24.6788482631));
#2739 = CARTESIAN_POINT('',(39.024249257703,1.333E+03,-19.26729438275));
#2740 = CARTESIAN_POINT('',(41.784271477733,1.1782E+03,-22.70412284672)
  );
#2741 = CARTESIAN_POINT('',(37.04914041697,1.333E+03,-17.66491598186));
#2742 = CARTESIAN_POINT('',(39.567584026735,1.1782E+03,-20.76395551579)
  );
#2743 = CARTESIAN_POINT('',(35.050129442124,1.333E+03,-16.09367071686));
#2744 = CARTESIAN_POINT('',(37.322254233436,1.1782E+03,-18.8622294008));
#2745 = CARTESIAN_POINT('',(33.028182964514,1.333E+03,-14.556863767));
#2746 = CARTESIAN_POINT('',(35.048354905068,1.1782E+03,-17.00324525262)
  );
#2747 = CARTESIAN_POINT('',(30.983559723942,1.333E+03,-13.05819869802));
#2748 = CARTESIAN_POINT('',(32.746470858081,1.1782E+03,-15.19006628462)
  );
#2749 = CARTESIAN_POINT('',(28.916903374014,1.333E+03,-11.60028909061));
#2750 = CARTESIAN_POINT('',(30.41686270313,1.1782E+03,-13.42697535355));
#2751 = CARTESIAN_POINT('',(26.828633709764,1.333E+03,-10.18681452906));
#2752 = CARTESIAN_POINT('',(28.060653081685,1.1782E+03,-11.718249907));
#2753 = CARTESIAN_POINT('',(24.719913277396,1.333E+03,-8.821410652477));
#2754 = CARTESIAN_POINT('',(25.679748794548,1.1782E+03,-10.06791072722)
  );
#2755 = CARTESIAN_POINT('',(22.592568805859,1.333E+03,-7.507456141856));
#2756 = CARTESIAN_POINT('',(23.276756319981,1.1782E+03,-8.482001343892)
  );
#2757 = CARTESIAN_POINT('',(20.449122263934,1.333E+03,-6.250041230966));
#2758 = CARTESIAN_POINT('',(20.855588085083,1.1782E+03,-6.968178626971)
  );
#2759 = CARTESIAN_POINT('',(18.293294758124,1.333E+03,-5.055587204134));
#2760 = CARTESIAN_POINT('',(18.422188803898,1.1782E+03,-5.5362911878));
#2761 = CARTESIAN_POINT('',(16.130658932548,1.333E+03,-3.932311829666));
#2762 = CARTESIAN_POINT('',(15.985146488277,1.1782E+03,-4.19953702499));
#2763 = CARTESIAN_POINT('',(13.969218362801,1.333E+03,-2.891199308836));
#2764 = CARTESIAN_POINT('',(13.558632580493,1.1782E+03,-2.975037649862)
  );
#2765 = CARTESIAN_POINT('',(11.821967864672,1.333E+03,-1.946361141004));
#2766 = CARTESIAN_POINT('',(11.164927901722,1.1782E+03,-1.884830855626)
  );
#2767 = CARTESIAN_POINT('',(9.709115888841,1.333E+03,-1.115776698689));
#2768 = CARTESIAN_POINT('',(8.842111017117,1.1782E+03,-0.958027367382));
#2769 = CARTESIAN_POINT('',(7.66480952044,1.333E+03,-0.422801717095));
#2770 = CARTESIAN_POINT('',(6.654890474427,1.1782E+03,-0.227597681255));
#2771 = CARTESIAN_POINT('',(5.74632452836,1.333E+03,0.107094806253));
#2772 = CARTESIAN_POINT('',(4.697154950502,1.1782E+03,0.276663934077));
#2773 = CARTESIAN_POINT('',(4.035942743959,1.333E+03,0.452511257944));
#2774 = CARTESIAN_POINT('',(3.072567671363,1.1782E+03,0.543062682314));
#2775 = CARTESIAN_POINT('',(2.623546036681,1.333E+03,0.608091667541));
#2776 = CARTESIAN_POINT('',(1.83919375547,1.1782E+03,0.608493255254));
#2777 = CARTESIAN_POINT('',(1.55750032979,1.333E+03,0.60828217926));
#2778 = CARTESIAN_POINT('',(1.169015013335,1.1782E+03,0.532477337524));
#2779 = CARTESIAN_POINT('',(0.983326985517,1.333E+03,0.512222699485));
#2780 = CARTESIAN_POINT('',(0.902779474764,1.1782E+03,0.480074940119));
#2781 = CARTESIAN_POINT('',(0.756242452338,1.333E+03,0.454923854427));
#2782 = DEFINITIONAL_REPRESENTATION('',(#2783),#2786);
#2783 = B_SPLINE_CURVE_WITH_KNOTS('',1,(#2784,#2785),.UNSPECIFIED.,.F.,
  .F.,(2,2),(0.,9.946105467126E-02),.PIECEWISE_BEZIER_KNOTS.);
#2784 = CARTESIAN_POINT('',(0.,0.));
#2785 = CARTESIAN_POINT('',(9.946105467126E-02,0.));
#2786 = ( GEOMETRIC_REPRESENTATION_CONTEXT(2) 
PARAMETRIC_REPRESENTATION_CONTEXT() REPRESENTATION_CONTEXT('2D SPACE',''
  ) );
#2787 = ORIENTED_EDGE('',*,*,#2585,.F.);
#2788 = ADVANCED_FACE('',(#2789),#2476,.F.);
#2789 = FACE_BOUND('',#2790,.F.);
#2790 = EDGE_LOOP('',(#2791,#2792,#2812,#2960));
#2791 = ORIENTED_EDGE('',*,*,#2421,.T.);
#2792 = ORIENTED_EDGE('',*,*,#2793,.T.);
#2793 = EDGE_CURVE('',#2402,#2794,#2796,.T.);
#2794 = VERTEX_POINT('',#2795);
#2795 = CARTESIAN_POINT('',(68.886335828564,1.333E+03,-48.85404433486));
#2796 = SURFACE_CURVE('',#2797,(#2800,#2806),.PCURVE_S1.);
#2797 = B_SPLINE_CURVE_WITH_KNOTS('',1,(#2798,#2799),.UNSPECIFIED.,.F.,
  .F.,(2,2),(0.,1.),.PIECEWISE_BEZIER_KNOTS.);
#2798 = CARTESIAN_POINT('',(76.711188048811,1.1782E+03,-60.73657216628)
  );
#2799 = CARTESIAN_POINT('',(68.886335828564,1.333E+03,-48.85404433486));
#2800 = PCURVE('',#2476,#2801);
#2801 = DEFINITIONAL_REPRESENTATION('',(#2802),#2805);
#2802 = B_SPLINE_CURVE_WITH_KNOTS('',1,(#2803,#2804),.UNSPECIFIED.,.F.,
  .F.,(2,2),(0.,1.),.PIECEWISE_BEZIER_KNOTS.);
#2803 = CARTESIAN_POINT('',(9.844844488591E-02,0.));
#2804 = CARTESIAN_POINT('',(9.844844488591E-02,1.));
#2805 = ( GEOMETRIC_REPRESENTATION_CONTEXT(2) 
PARAMETRIC_REPRESENTATION_CONTEXT() REPRESENTATION_CONTEXT('2D SPACE',''
  ) );
#2806 = PCURVE('',#2618,#2807);
#2807 = DEFINITIONAL_REPRESENTATION('',(#2808),#2811);
#2808 = B_SPLINE_CURVE_WITH_KNOTS('',1,(#2809,#2810),.UNSPECIFIED.,.F.,
  .F.,(2,2),(0.,1.),.PIECEWISE_BEZIER_KNOTS.);
#2809 = CARTESIAN_POINT('',(0.,0.));
#2810 = CARTESIAN_POINT('',(0.,1.));
#2811 = ( GEOMETRIC_REPRESENTATION_CONTEXT(2) 
PARAMETRIC_REPRESENTATION_CONTEXT() REPRESENTATION_CONTEXT('2D SPACE',''
  ) );
#2812 = ORIENTED_EDGE('',*,*,#2813,.F.);
#2813 = EDGE_CURVE('',#2814,#2794,#2816,.T.);
#2814 = VERTEX_POINT('',#2815);
#2815 = CARTESIAN_POINT('',(0.,1.333E+03,0.));
#2816 = SURFACE_CURVE('',#2817,(#2861,#2867),.PCURVE_S1.);
#2817 = B_SPLINE_CURVE_WITH_KNOTS('',3,(#2818,#2819,#2820,#2821,#2822,
    #2823,#2824,#2825,#2826,#2827,#2828,#2829,#2830,#2831,#2832,#2833,
    #2834,#2835,#2836,#2837,#2838,#2839,#2840,#2841,#2842,#2843,#2844,
    #2845,#2846,#2847,#2848,#2849,#2850,#2851,#2852,#2853,#2854,#2855,
    #2856,#2857,#2858,#2859,#2860),.UNSPECIFIED.,.F.,.F.,(4,1,1,1,1,1,1,
    1,1,1,1,1,1,1,1,1,1,1,1,1,1,1,1,1,1,1,1,1,1,1,1,1,1,1,1,1,1,1,1,1,4)
  ,(0.,1.241923754297E-04,3.569131882505E-04,6.055696168168E-04,
    9.307392539753E-04,1.46246018719E-03,2.386770950901E-03,
    3.884043508783E-03,5.904819772214E-03,8.240128811882E-03,
    1.07249520367E-02,1.328036821157E-02,1.587141670524E-02,
    1.848382734608E-02,2.11112875626E-02,2.375033590353E-02,
    2.639891421048E-02,2.90559095226E-02,3.171822449939E-02,
    3.43774503712E-02,3.703266118621E-02,3.968484000216E-02,
    4.233430652735E-02,4.498103291466E-02,4.762473613079E-02,
    5.026532797666E-02,5.290195133564E-02,5.553400223051E-02,
    5.816107239408E-02,6.078325675256E-02,6.340104178156E-02,
    6.601516367694E-02,6.862488361627E-02,7.122838449478E-02,
    7.382658884263E-02,7.643293077943E-02,7.904275935183E-02,
    8.130018906751E-02,8.289171128538E-02,8.404106451698E-02,
    8.497274966923E-02),.UNSPECIFIED.);
#2818 = CARTESIAN_POINT('',(0.,1.333E+03,0.));
#2819 = CARTESIAN_POINT('',(-2.41368144753E-02,1.333E+03,
    -3.366580617607E-02));
#2820 = CARTESIAN_POINT('',(-8.472774121706E-02,1.333E+03,
    -0.136684684042));
#2821 = CARTESIAN_POINT('',(-0.143553314239,1.333E+03,-0.333479314726));
#2822 = CARTESIAN_POINT('',(-0.132054377276,1.333E+03,-0.607799076861));
#2823 = CARTESIAN_POINT('',(2.109363037582E-02,1.333E+03,-0.94990402234)
  );
#2824 = CARTESIAN_POINT('',(0.382165340526,1.333E+03,-1.423687108108));
#2825 = CARTESIAN_POINT('',(1.07349526067,1.333E+03,-2.127128421128));
#2826 = CARTESIAN_POINT('',(2.200259688052,1.333E+03,-3.089570310446));
#2827 = CARTESIAN_POINT('',(3.74331008948,1.333E+03,-4.284276146368));
#2828 = CARTESIAN_POINT('',(5.587244860856,1.333E+03,-5.626190149846));
#2829 = CARTESIAN_POINT('',(7.602536240815,1.333E+03,-7.034492861059));
#2830 = CARTESIAN_POINT('',(9.70517754965,1.333E+03,-8.466221262706));
#2831 = CARTESIAN_POINT('',(11.855635688556,1.333E+03,-9.903079756901));
#2832 = CARTESIAN_POINT('',(14.035641067861,1.333E+03,-11.33881915118));
#2833 = CARTESIAN_POINT('',(16.235792116486,1.333E+03,-12.77299299778));
#2834 = CARTESIAN_POINT('',(18.450721312043,1.333E+03,-14.20654126665));
#2835 = CARTESIAN_POINT('',(20.677085302155,1.333E+03,-15.64052593694));
#2836 = CARTESIAN_POINT('',(22.91172533945,1.333E+03,-17.07597815899));
#2837 = CARTESIAN_POINT('',(25.148927738745,1.333E+03,-18.51400799688));
#2838 = CARTESIAN_POINT('',(27.385123168036,1.333E+03,-19.95250434178));
#2839 = CARTESIAN_POINT('',(29.616961191421,1.333E+03,-21.3915276625));
#2840 = CARTESIAN_POINT('',(31.843847056089,1.333E+03,-22.83222300737));
#2841 = CARTESIAN_POINT('',(34.065963926716,1.333E+03,-24.27507719405));
#2842 = CARTESIAN_POINT('',(36.282705755416,1.333E+03,-25.72101247617));
#2843 = CARTESIAN_POINT('',(38.493462478617,1.333E+03,-27.17069568959));
#2844 = CARTESIAN_POINT('',(40.697445022684,1.333E+03,-28.6245514555));
#2845 = CARTESIAN_POINT('',(42.893654248107,1.333E+03,-30.08311702671));
#2846 = CARTESIAN_POINT('',(45.080616589958,1.333E+03,-31.5474284727));
#2847 = CARTESIAN_POINT('',(47.257347111136,1.333E+03,-33.01833183786));
#2848 = CARTESIAN_POINT('',(49.422770794896,1.333E+03,-34.49742179302));
#2849 = CARTESIAN_POINT('',(51.576248013746,1.333E+03,-35.98628028342));
#2850 = CARTESIAN_POINT('',(53.717186196605,1.333E+03,-37.48588588182));
#2851 = CARTESIAN_POINT('',(55.844791334031,1.333E+03,-38.99613986099));
#2852 = CARTESIAN_POINT('',(57.957783508571,1.333E+03,-40.51771873665));
#2853 = CARTESIAN_POINT('',(60.057605367433,1.333E+03,-42.05553453224));
#2854 = CARTESIAN_POINT('',(62.144473946535,1.333E+03,-43.61442633542));
#2855 = CARTESIAN_POINT('',(64.125644216941,1.333E+03,-45.12479444146));
#2856 = CARTESIAN_POINT('',(65.827432409284,1.333E+03,-46.44354598437));
#2857 = CARTESIAN_POINT('',(67.137259408872,1.333E+03,-47.47324051231));
#2858 = CARTESIAN_POINT('',(68.09741197059,1.333E+03,-48.23267476664));
#2859 = CARTESIAN_POINT('',(68.642142460052,1.333E+03,-48.6621630577));
#2860 = CARTESIAN_POINT('',(68.886335828564,1.333E+03,-48.85404433486));
#2861 = PCURVE('',#2476,#2862);
#2862 = DEFINITIONAL_REPRESENTATION('',(#2863),#2866);
#2863 = B_SPLINE_CURVE_WITH_KNOTS('',1,(#2864,#2865),.UNSPECIFIED.,.F.,
  .F.,(2,2),(0.,8.497274966923E-02),.PIECEWISE_BEZIER_KNOTS.);
#2864 = CARTESIAN_POINT('',(0.,1.));
#2865 = CARTESIAN_POINT('',(9.844844488591E-02,1.));
#2866 = ( GEOMETRIC_REPRESENTATION_CONTEXT(2) 
PARAMETRIC_REPRESENTATION_CONTEXT() REPRESENTATION_CONTEXT('2D SPACE',''
  ) );
#2867 = PCURVE('',#2868,#2955);
#2868 = B_SPLINE_SURFACE_WITH_KNOTS('',3,1,(
    (#2869,#2870)
    ,(#2871,#2872)
    ,(#2873,#2874)
    ,(#2875,#2876)
    ,(#2877,#2878)
    ,(#2879,#2880)
    ,(#2881,#2882)
    ,(#2883,#2884)
    ,(#2885,#2886)
    ,(#2887,#2888)
    ,(#2889,#2890)
    ,(#2891,#2892)
    ,(#2893,#2894)
    ,(#2895,#2896)
    ,(#2897,#2898)
    ,(#2899,#2900)
    ,(#2901,#2902)
    ,(#2903,#2904)
    ,(#2905,#2906)
    ,(#2907,#2908)
    ,(#2909,#2910)
    ,(#2911,#2912)
    ,(#2913,#2914)
    ,(#2915,#2916)
    ,(#2917,#2918)
    ,(#2919,#2920)
    ,(#2921,#2922)
    ,(#2923,#2924)
    ,(#2925,#2926)
    ,(#2927,#2928)
    ,(#2929,#2930)
    ,(#2931,#2932)
    ,(#2933,#2934)
    ,(#2935,#2936)
    ,(#2937,#2938)
    ,(#2939,#2940)
    ,(#2941,#2942)
    ,(#2943,#2944)
    ,(#2945,#2946)
    ,(#2947,#2948)
    ,(#2949,#2950)
    ,(#2951,#2952)
    ,(#2953,#2954
    )),.UNSPECIFIED.,.F.,.F.,.F.,(4,1,1,1,1,1,1,1,1,1,1,1,1,1,1,1,1,1,1,
    1,1,1,1,1,1,1,1,1,1,1,1,1,1,1,1,1,1,1,1,1,4),(2,2),(0.,
    1.241923754297E-04,3.569131882505E-04,6.055696168168E-04,
    9.307392539753E-04,1.46246018719E-03,2.386770950901E-03,
    3.884043508783E-03,5.904819772214E-03,8.240128811882E-03,
    1.07249520367E-02,1.328036821157E-02,1.587141670524E-02,
    1.848382734608E-02,2.11112875626E-02,2.375033590353E-02,
    2.639891421048E-02,2.90559095226E-02,3.171822449939E-02,
    3.43774503712E-02,3.703266118621E-02,3.968484000216E-02,
    4.233430652735E-02,4.498103291466E-02,4.762473613079E-02,
    5.026532797666E-02,5.290195133564E-02,5.553400223051E-02,
    5.816107239408E-02,6.078325675256E-02,6.340104178156E-02,
    6.601516367694E-02,6.862488361627E-02,7.122838449478E-02,
    7.382658884263E-02,7.643293077943E-02,7.904275935183E-02,
    8.130018906751E-02,8.289171128538E-02,8.404106451698E-02,
    8.497274966923E-02),(0.,1.),.UNSPECIFIED.);
#2869 = CARTESIAN_POINT('',(0.,1.333E+03,0.));
#2870 = CARTESIAN_POINT('',(0.,1.4878E+03,0.));
#2871 = CARTESIAN_POINT('',(-2.41368144753E-02,1.333E+03,
    -3.366580617607E-02));
#2872 = CARTESIAN_POINT('',(-1.769520124129E-02,1.4878E+03,
    -2.689065516143E-02));
#2873 = CARTESIAN_POINT('',(-8.472774121706E-02,1.333E+03,
    -0.136684684042));
#2874 = CARTESIAN_POINT('',(-6.154047652949E-02,1.4878E+03,
    -0.108764879071));
#2875 = CARTESIAN_POINT('',(-0.143553314239,1.333E+03,-0.333479314726));
#2876 = CARTESIAN_POINT('',(-0.101100504958,1.4878E+03,-0.263398314498)
  );
#2877 = CARTESIAN_POINT('',(-0.132054377276,1.333E+03,-0.607799076861));
#2878 = CARTESIAN_POINT('',(-8.364620553796E-02,1.4878E+03,
    -0.476042054761));
#2879 = CARTESIAN_POINT('',(2.109363037582E-02,1.333E+03,-0.94990402234)
  );
#2880 = CARTESIAN_POINT('',(4.590110525145E-02,1.4878E+03,
    -0.736916589616));
#2881 = CARTESIAN_POINT('',(0.382165340526,1.333E+03,-1.423687108108));
#2882 = CARTESIAN_POINT('',(0.340987464539,1.4878E+03,-1.093573114733));
#2883 = CARTESIAN_POINT('',(1.07349526067,1.333E+03,-2.127128421128));
#2884 = CARTESIAN_POINT('',(0.899647143012,1.4878E+03,-1.618288154358));
#2885 = CARTESIAN_POINT('',(2.200259688052,1.333E+03,-3.089570310446));
#2886 = CARTESIAN_POINT('',(1.804458346676,1.4878E+03,-2.33057634283));
#2887 = CARTESIAN_POINT('',(3.74331008948,1.333E+03,-4.284276146368));
#2888 = CARTESIAN_POINT('',(3.039721849343,1.4878E+03,-3.210272610461));
#2889 = CARTESIAN_POINT('',(5.587244860856,1.333E+03,-5.626190149846));
#2890 = CARTESIAN_POINT('',(4.513188254093,1.4878E+03,-4.194920301911));
#2891 = CARTESIAN_POINT('',(7.602536240815,1.333E+03,-7.034492861059));
#2892 = CARTESIAN_POINT('',(6.121771286439,1.4878E+03,-5.225791171213));
#2893 = CARTESIAN_POINT('',(9.70517754965,1.333E+03,-8.466221262706));
#2894 = CARTESIAN_POINT('',(7.798906994214,1.4878E+03,-6.27213660013));
#2895 = CARTESIAN_POINT('',(11.855635688556,1.333E+03,-9.903079756901));
#2896 = CARTESIAN_POINT('',(9.513330486374,1.4878E+03,-7.320979270496));
#2897 = CARTESIAN_POINT('',(14.035641067861,1.333E+03,-11.33881915118));
#2898 = CARTESIAN_POINT('',(11.250661749227,1.4878E+03,-8.368034680047)
  );
#2899 = CARTESIAN_POINT('',(16.235792116486,1.333E+03,-12.77299299778));
#2900 = CARTESIAN_POINT('',(13.003586867602,1.4878E+03,-9.413248371406)
  );
#2901 = CARTESIAN_POINT('',(18.450721312043,1.333E+03,-14.20654126665));
#2902 = CARTESIAN_POINT('',(14.767967334088,1.4878E+03,-10.45751702306)
  );
#2903 = CARTESIAN_POINT('',(20.677085302155,1.333E+03,-15.64052593694));
#2904 = CARTESIAN_POINT('',(16.541240140952,1.4878E+03,-11.50176913988)
  );
#2905 = CARTESIAN_POINT('',(22.91172533945,1.333E+03,-17.07597815899));
#2906 = CARTESIAN_POINT('',(18.320984662606,1.4878E+03,-12.5469035516));
#2907 = CARTESIAN_POINT('',(25.148927738745,1.333E+03,-18.51400799688));
#2908 = CARTESIAN_POINT('',(20.10279889298,1.4878E+03,-13.59395976832));
#2909 = CARTESIAN_POINT('',(27.385123168036,1.333E+03,-19.95250434178));
#2910 = CARTESIAN_POINT('',(21.88384573995,1.4878E+03,-14.64140950995));
#2911 = CARTESIAN_POINT('',(29.616961191421,1.333E+03,-21.3915276625));
#2912 = CARTESIAN_POINT('',(23.661525569211,1.4878E+03,-15.68940385854)
  );
#2913 = CARTESIAN_POINT('',(31.843847056089,1.333E+03,-22.83222300737));
#2914 = CARTESIAN_POINT('',(25.435412160441,1.4878E+03,-16.7388503946));
#2915 = CARTESIAN_POINT('',(34.065963926716,1.333E+03,-24.27507719405));
#2916 = CARTESIAN_POINT('',(27.205662865598,1.4878E+03,-17.7901214249));
#2917 = CARTESIAN_POINT('',(36.282705755416,1.333E+03,-25.72101247617));
#2918 = CARTESIAN_POINT('',(28.971835769725,1.4878E+03,-18.84395188754)
  );
#2919 = CARTESIAN_POINT('',(38.493462478617,1.333E+03,-27.17069568959));
#2920 = CARTESIAN_POINT('',(30.733477901555,1.4878E+03,-19.90087852117)
  );
#2921 = CARTESIAN_POINT('',(40.697445022684,1.333E+03,-28.6245514555));
#2922 = CARTESIAN_POINT('',(32.48998976593,1.4878E+03,-20.9612555555));
#2923 = CARTESIAN_POINT('',(42.893654248107,1.333E+03,-30.08311702671));
#2924 = CARTESIAN_POINT('',(34.240612258335,1.4878E+03,-22.02553120405)
  );
#2925 = CARTESIAN_POINT('',(45.080616589958,1.333E+03,-31.5474284727));
#2926 = CARTESIAN_POINT('',(35.984233400018,1.4878E+03,-23.09455574156)
  );
#2927 = CARTESIAN_POINT('',(47.257347111136,1.333E+03,-33.01833183786));
#2928 = CARTESIAN_POINT('',(37.720114711296,1.4878E+03,-24.16901670762)
  );
#2929 = CARTESIAN_POINT('',(49.422770794896,1.333E+03,-34.49742179302));
#2930 = CARTESIAN_POINT('',(39.447471035249,1.4878E+03,-25.25018572758)
  );
#2931 = CARTESIAN_POINT('',(51.576248013746,1.333E+03,-35.98628028342));
#2932 = CARTESIAN_POINT('',(41.165854886236,1.4878E+03,-26.33931101409)
  );
#2933 = CARTESIAN_POINT('',(53.717186196605,1.333E+03,-37.48588588182));
#2934 = CARTESIAN_POINT('',(42.87483656401,1.4878E+03,-27.43717081653));
#2935 = CARTESIAN_POINT('',(55.844791334031,1.333E+03,-38.99613986099));
#2936 = CARTESIAN_POINT('',(44.573796475505,1.4878E+03,-28.54371315356)
  );
#2937 = CARTESIAN_POINT('',(57.957783508571,1.333E+03,-40.51771873665));
#2938 = CARTESIAN_POINT('',(46.261761828719,1.4878E+03,-29.65950309865)
  );
#2939 = CARTESIAN_POINT('',(60.057605367433,1.333E+03,-42.05553453224));
#2940 = CARTESIAN_POINT('',(47.940005459392,1.4878E+03,-30.78830985492)
  );
#2941 = CARTESIAN_POINT('',(62.144473946535,1.333E+03,-43.61442633542));
#2942 = CARTESIAN_POINT('',(49.608846285808,1.4878E+03,-31.93388408435)
  );
#2943 = CARTESIAN_POINT('',(64.125644216941,1.333E+03,-45.12479444146));
#2944 = CARTESIAN_POINT('',(51.194107433422,1.4878E+03,-33.04506615806)
  );
#2945 = CARTESIAN_POINT('',(65.827432409284,1.333E+03,-46.44354598437));
#2946 = CARTESIAN_POINT('',(52.556481377736,1.4878E+03,-34.01614673183)
  );
#2947 = CARTESIAN_POINT('',(67.137259408872,1.333E+03,-47.47324051231));
#2948 = CARTESIAN_POINT('',(53.605525391471,1.4878E+03,-34.7749650994));
#2949 = CARTESIAN_POINT('',(68.09741197059,1.333E+03,-48.23267476664));
#2950 = CARTESIAN_POINT('',(54.374658072851,1.4878E+03,-35.3348021197));
#2951 = CARTESIAN_POINT('',(68.642142460052,1.333E+03,-48.6621630577));
#2952 = CARTESIAN_POINT('',(54.810973342249,1.4878E+03,-35.65135703592)
  );
#2953 = CARTESIAN_POINT('',(68.886335828564,1.333E+03,-48.85404433486));
#2954 = CARTESIAN_POINT('',(55.006545788286,1.4878E+03,-35.79275772546)
  );
#2955 = DEFINITIONAL_REPRESENTATION('',(#2956),#2959);
#2956 = B_SPLINE_CURVE_WITH_KNOTS('',1,(#2957,#2958),.UNSPECIFIED.,.F.,
  .F.,(2,2),(0.,8.497274966923E-02),.PIECEWISE_BEZIER_KNOTS.);
#2957 = CARTESIAN_POINT('',(0.,0.));
#2958 = CARTESIAN_POINT('',(8.497274966923E-02,0.));
#2959 = ( GEOMETRIC_REPRESENTATION_CONTEXT(2) 
PARAMETRIC_REPRESENTATION_CONTEXT() REPRESENTATION_CONTEXT('2D SPACE',''
  ) );
#2960 = ORIENTED_EDGE('',*,*,#2961,.F.);
#2961 = EDGE_CURVE('',#2422,#2814,#2962,.T.);
#2962 = SURFACE_CURVE('',#2963,(#2966),.PCURVE_S1.);
#2963 = B_SPLINE_CURVE_WITH_KNOTS('',1,(#2964,#2965),.UNSPECIFIED.,.F.,
  .F.,(2,2),(0.,1.),.PIECEWISE_BEZIER_KNOTS.);
#2964 = CARTESIAN_POINT('',(0.,1.1782E+03,0.));
#2965 = CARTESIAN_POINT('',(0.,1.333E+03,0.));
#2966 = PCURVE('',#2476,#2967);
#2967 = DEFINITIONAL_REPRESENTATION('',(#2968),#2971);
#2968 = B_SPLINE_CURVE_WITH_KNOTS('',1,(#2969,#2970),.UNSPECIFIED.,.F.,
  .F.,(2,2),(0.,1.),.PIECEWISE_BEZIER_KNOTS.);
#2969 = CARTESIAN_POINT('',(0.,0.));
#2970 = CARTESIAN_POINT('',(0.,1.));
#2971 = ( GEOMETRIC_REPRESENTATION_CONTEXT(2) 
PARAMETRIC_REPRESENTATION_CONTEXT() REPRESENTATION_CONTEXT('2D SPACE',''
  ) );
#2972 = ADVANCED_FACE('',(#2973),#2618,.F.);
#2973 = FACE_BOUND('',#2974,.F.);
#2974 = EDGE_LOOP('',(#2975,#2976,#2996,#3020));
#2975 = ORIENTED_EDGE('',*,*,#2605,.T.);
#2976 = ORIENTED_EDGE('',*,*,#2977,.T.);
#2977 = EDGE_CURVE('',#2586,#2978,#2980,.T.);
#2978 = VERTEX_POINT('',#2979);
#2979 = CARTESIAN_POINT('',(68.983761283238,1.333E+03,-48.71607164426));
#2980 = SURFACE_CURVE('',#2981,(#2984,#2990),.PCURVE_S1.);
#2981 = B_SPLINE_CURVE_WITH_KNOTS('',1,(#2982,#2983),.UNSPECIFIED.,.F.,
  .F.,(2,2),(0.,1.),.PIECEWISE_BEZIER_KNOTS.);
#2982 = CARTESIAN_POINT('',(76.832346428567,1.1782E+03,-60.582901085));
#2983 = CARTESIAN_POINT('',(68.983761283238,1.333E+03,-48.71607164426));
#2984 = PCURVE('',#2618,#2985);
#2985 = DEFINITIONAL_REPRESENTATION('',(#2986),#2989);
#2986 = B_SPLINE_CURVE_WITH_KNOTS('',1,(#2987,#2988),.UNSPECIFIED.,.F.,
  .F.,(2,2),(0.,1.),.PIECEWISE_BEZIER_KNOTS.);
#2987 = CARTESIAN_POINT('',(1.956889220335E-04,0.));
#2988 = CARTESIAN_POINT('',(1.956889220335E-04,1.));
#2989 = ( GEOMETRIC_REPRESENTATION_CONTEXT(2) 
PARAMETRIC_REPRESENTATION_CONTEXT() REPRESENTATION_CONTEXT('2D SPACE',''
  ) );
#2990 = PCURVE('',#2699,#2991);
#2991 = DEFINITIONAL_REPRESENTATION('',(#2992),#2995);
#2992 = B_SPLINE_CURVE_WITH_KNOTS('',1,(#2993,#2994),.UNSPECIFIED.,.F.,
  .F.,(2,2),(0.,1.),.PIECEWISE_BEZIER_KNOTS.);
#2993 = CARTESIAN_POINT('',(0.,0.));
#2994 = CARTESIAN_POINT('',(0.,1.));
#2995 = ( GEOMETRIC_REPRESENTATION_CONTEXT(2) 
PARAMETRIC_REPRESENTATION_CONTEXT() REPRESENTATION_CONTEXT('2D SPACE',''
  ) );
#2996 = ORIENTED_EDGE('',*,*,#2997,.F.);
#2997 = EDGE_CURVE('',#2794,#2978,#2998,.T.);
#2998 = SURFACE_CURVE('',#2999,(#3003,#3009),.PCURVE_S1.);
#2999 = LINE('',#3000,#3001);
#3000 = CARTESIAN_POINT('',(68.886335828564,1.333E+03,-48.85404433486));
#3001 = VECTOR('',#3002,1.);
#3002 = DIRECTION('',(0.576813463382,0.,0.816875895385));
#3003 = PCURVE('',#2618,#3004);
#3004 = DEFINITIONAL_REPRESENTATION('',(#3005),#3008);
#3005 = B_SPLINE_CURVE_WITH_KNOTS('',1,(#3006,#3007),.UNSPECIFIED.,.F.,
  .F.,(2,2),(0.,0.168902879109),.PIECEWISE_BEZIER_KNOTS.);
#3006 = CARTESIAN_POINT('',(0.,1.));
#3007 = CARTESIAN_POINT('',(1.956889220335E-04,1.));
#3008 = ( GEOMETRIC_REPRESENTATION_CONTEXT(2) 
PARAMETRIC_REPRESENTATION_CONTEXT() REPRESENTATION_CONTEXT('2D SPACE',''
  ) );
#3009 = PCURVE('',#3010,#3015);
#3010 = B_SPLINE_SURFACE_WITH_KNOTS('',1,1,(
    (#3011,#3012)
    ,(#3013,#3014
    )),.UNSPECIFIED.,.F.,.F.,.F.,(2,2),(2,2),(0.,1.689028791086E-04),(0.
    ,1.),.PIECEWISE_BEZIER_KNOTS.);
#3011 = CARTESIAN_POINT('',(68.886335828564,1.333E+03,-48.85404433486));
#3012 = CARTESIAN_POINT('',(55.006545788286,1.4878E+03,-35.79275772546)
  );
#3013 = CARTESIAN_POINT('',(68.983761283238,1.333E+03,-48.71607164426));
#3014 = CARTESIAN_POINT('',(55.077905630374,1.4878E+03,-35.68259810925)
  );
#3015 = DEFINITIONAL_REPRESENTATION('',(#3016),#3019);
#3016 = B_SPLINE_CURVE_WITH_KNOTS('',1,(#3017,#3018),.UNSPECIFIED.,.F.,
  .F.,(2,2),(0.,0.168902879109),.PIECEWISE_BEZIER_KNOTS.);
#3017 = CARTESIAN_POINT('',(0.,0.));
#3018 = CARTESIAN_POINT('',(1.689028791086E-04,0.));
#3019 = ( GEOMETRIC_REPRESENTATION_CONTEXT(2) 
PARAMETRIC_REPRESENTATION_CONTEXT() REPRESENTATION_CONTEXT('2D SPACE',''
  ) );
#3020 = ORIENTED_EDGE('',*,*,#2793,.F.);
#3021 = ADVANCED_FACE('',(#3022),#2699,.F.);
#3022 = FACE_BOUND('',#3023,.F.);
#3023 = EDGE_LOOP('',(#3024,#3025,#3039,#3179));
#3024 = ORIENTED_EDGE('',*,*,#2648,.T.);
#3025 = ORIENTED_EDGE('',*,*,#3026,.T.);
#3026 = EDGE_CURVE('',#2635,#3027,#3029,.T.);
#3027 = VERTEX_POINT('',#3028);
#3028 = CARTESIAN_POINT('',(0.756242452338,1.333E+03,0.454923854427));
#3029 = SURFACE_CURVE('',#3030,(#3033),.PCURVE_S1.);
#3030 = B_SPLINE_CURVE_WITH_KNOTS('',1,(#3031,#3032),.UNSPECIFIED.,.F.,
  .F.,(2,2),(0.,1.),.PIECEWISE_BEZIER_KNOTS.);
#3031 = CARTESIAN_POINT('',(0.902779474764,1.1782E+03,0.480074940119));
#3032 = CARTESIAN_POINT('',(0.756242452338,1.333E+03,0.454923854427));
#3033 = PCURVE('',#2699,#3034);
#3034 = DEFINITIONAL_REPRESENTATION('',(#3035),#3038);
#3035 = B_SPLINE_CURVE_WITH_KNOTS('',1,(#3036,#3037),.UNSPECIFIED.,.F.,
  .F.,(2,2),(0.,1.),.PIECEWISE_BEZIER_KNOTS.);
#3036 = CARTESIAN_POINT('',(9.946105467126E-02,0.));
#3037 = CARTESIAN_POINT('',(9.946105467126E-02,1.));
#3038 = ( GEOMETRIC_REPRESENTATION_CONTEXT(2) 
PARAMETRIC_REPRESENTATION_CONTEXT() REPRESENTATION_CONTEXT('2D SPACE',''
  ) );
#3039 = ORIENTED_EDGE('',*,*,#3040,.F.);
#3040 = EDGE_CURVE('',#2978,#3027,#3041,.T.);
#3041 = SURFACE_CURVE('',#3042,(#3084,#3090),.PCURVE_S1.);
#3042 = B_SPLINE_CURVE_WITH_KNOTS('',3,(#3043,#3044,#3045,#3046,#3047,
    #3048,#3049,#3050,#3051,#3052,#3053,#3054,#3055,#3056,#3057,#3058,
    #3059,#3060,#3061,#3062,#3063,#3064,#3065,#3066,#3067,#3068,#3069,
    #3070,#3071,#3072,#3073,#3074,#3075,#3076,#3077,#3078,#3079,#3080,
    #3081,#3082,#3083),.UNSPECIFIED.,.F.,.F.,(4,1,1,1,1,1,1,1,1,1,1,1,1,
    1,1,1,1,1,1,1,1,1,1,1,1,1,1,1,1,1,1,1,1,1,1,1,1,1,4),(0.,
    9.311321897418E-04,2.077993515965E-03,3.657186474218E-03,
    5.880842891243E-03,8.459228558592E-03,1.111564957614E-02,
    1.377051528585E-02,1.641015798999E-02,1.903296234258E-02,
    2.163865298159E-02,2.422629364511E-02,2.679483406679E-02,
    2.934647197235E-02,3.188625266762E-02,3.442196414228E-02,
    3.695792282457E-02,3.949706964435E-02,4.20392478126E-02,
    4.458315431232E-02,4.712686055117E-02,4.966675479702E-02,
    5.220187524005E-02,5.473161196753E-02,5.725374485011E-02,
    5.976636116321E-02,6.226759606219E-02,6.475438502439E-02,
    6.722080744563E-02,6.966062477745E-02,7.206426389082E-02,
    7.44169145815E-02,7.669682542933E-02,7.887289281257E-02,
    8.088953849594E-02,8.266426598385E-02,8.410088080682E-02,
    8.514855075854E-02,8.584675268577E-02),.UNSPECIFIED.);
#3043 = CARTESIAN_POINT('',(68.983761283238,1.333E+03,-48.71607164426));
#3044 = CARTESIAN_POINT('',(68.768155483309,1.333E+03,-48.49280378812));
#3045 = CARTESIAN_POINT('',(68.286221422612,1.333E+03,-47.99528622386));
#3046 = CARTESIAN_POINT('',(67.436558154012,1.333E+03,-47.12110854678));
#3047 = CARTESIAN_POINT('',(66.290199066751,1.333E+03,-45.9344950238));
#3048 = CARTESIAN_POINT('',(64.817824682462,1.333E+03,-44.39936868243));
#3049 = CARTESIAN_POINT('',(63.106584283739,1.333E+03,-42.59585500067));
#3050 = CARTESIAN_POINT('',(61.300933663726,1.333E+03,-40.68380208371));
#3051 = CARTESIAN_POINT('',(59.480659780301,1.333E+03,-38.7574715115));
#3052 = CARTESIAN_POINT('',(57.662057975127,1.333E+03,-36.84498448772));
#3053 = CARTESIAN_POINT('',(55.844492385552,1.333E+03,-34.9541786829));
#3054 = CARTESIAN_POINT('',(54.027389871776,1.333E+03,-33.0870235342));
#3055 = CARTESIAN_POINT('',(52.205102343843,1.333E+03,-31.25028395308));
#3056 = CARTESIAN_POINT('',(50.374465126317,1.333E+03,-29.44744507667));
#3057 = CARTESIAN_POINT('',(48.534258656683,1.333E+03,-27.67729784446));
#3058 = CARTESIAN_POINT('',(46.678337599327,1.333E+03,-25.93958060103));
#3059 = CARTESIAN_POINT('',(44.801453068506,1.333E+03,-24.23227033362));
#3060 = CARTESIAN_POINT('',(42.899835311465,1.333E+03,-22.55288909232));
#3061 = CARTESIAN_POINT('',(40.974637606748,1.333E+03,-20.89729255855));
#3062 = CARTESIAN_POINT('',(39.024249257703,1.333E+03,-19.26729438275));
#3063 = CARTESIAN_POINT('',(37.04914041697,1.333E+03,-17.66491598186));
#3064 = CARTESIAN_POINT('',(35.050129442124,1.333E+03,-16.09367071686));
#3065 = CARTESIAN_POINT('',(33.028182964514,1.333E+03,-14.556863767));
#3066 = CARTESIAN_POINT('',(30.983559723942,1.333E+03,-13.05819869802));
#3067 = CARTESIAN_POINT('',(28.916903374014,1.333E+03,-11.60028909061));
#3068 = CARTESIAN_POINT('',(26.828633709764,1.333E+03,-10.18681452906));
#3069 = CARTESIAN_POINT('',(24.719913277396,1.333E+03,-8.821410652477));
#3070 = CARTESIAN_POINT('',(22.592568805859,1.333E+03,-7.507456141856));
#3071 = CARTESIAN_POINT('',(20.449122263934,1.333E+03,-6.250041230966));
#3072 = CARTESIAN_POINT('',(18.293294758124,1.333E+03,-5.055587204134));
#3073 = CARTESIAN_POINT('',(16.130658932548,1.333E+03,-3.932311829666));
#3074 = CARTESIAN_POINT('',(13.969218362801,1.333E+03,-2.891199308836));
#3075 = CARTESIAN_POINT('',(11.821967864672,1.333E+03,-1.946361141004));
#3076 = CARTESIAN_POINT('',(9.709115888841,1.333E+03,-1.115776698689));
#3077 = CARTESIAN_POINT('',(7.66480952044,1.333E+03,-0.422801717095));
#3078 = CARTESIAN_POINT('',(5.74632452836,1.333E+03,0.107094806253));
#3079 = CARTESIAN_POINT('',(4.035942743959,1.333E+03,0.452511257944));
#3080 = CARTESIAN_POINT('',(2.623546036681,1.333E+03,0.608091667541));
#3081 = CARTESIAN_POINT('',(1.55750032979,1.333E+03,0.60828217926));
#3082 = CARTESIAN_POINT('',(0.983326985517,1.333E+03,0.512222699485));
#3083 = CARTESIAN_POINT('',(0.756242452338,1.333E+03,0.454923854427));
#3084 = PCURVE('',#2699,#3085);
#3085 = DEFINITIONAL_REPRESENTATION('',(#3086),#3089);
#3086 = B_SPLINE_CURVE_WITH_KNOTS('',1,(#3087,#3088),.UNSPECIFIED.,.F.,
  .F.,(2,2),(0.,8.584675268577E-02),.PIECEWISE_BEZIER_KNOTS.);
#3087 = CARTESIAN_POINT('',(0.,1.));
#3088 = CARTESIAN_POINT('',(9.946105467126E-02,1.));
#3089 = ( GEOMETRIC_REPRESENTATION_CONTEXT(2) 
PARAMETRIC_REPRESENTATION_CONTEXT() REPRESENTATION_CONTEXT('2D SPACE',''
  ) );
#3090 = PCURVE('',#3091,#3174);
#3091 = B_SPLINE_SURFACE_WITH_KNOTS('',3,1,(
    (#3092,#3093)
    ,(#3094,#3095)
    ,(#3096,#3097)
    ,(#3098,#3099)
    ,(#3100,#3101)
    ,(#3102,#3103)
    ,(#3104,#3105)
    ,(#3106,#3107)
    ,(#3108,#3109)
    ,(#3110,#3111)
    ,(#3112,#3113)
    ,(#3114,#3115)
    ,(#3116,#3117)
    ,(#3118,#3119)
    ,(#3120,#3121)
    ,(#3122,#3123)
    ,(#3124,#3125)
    ,(#3126,#3127)
    ,(#3128,#3129)
    ,(#3130,#3131)
    ,(#3132,#3133)
    ,(#3134,#3135)
    ,(#3136,#3137)
    ,(#3138,#3139)
    ,(#3140,#3141)
    ,(#3142,#3143)
    ,(#3144,#3145)
    ,(#3146,#3147)
    ,(#3148,#3149)
    ,(#3150,#3151)
    ,(#3152,#3153)
    ,(#3154,#3155)
    ,(#3156,#3157)
    ,(#3158,#3159)
    ,(#3160,#3161)
    ,(#3162,#3163)
    ,(#3164,#3165)
    ,(#3166,#3167)
    ,(#3168,#3169)
    ,(#3170,#3171)
    ,(#3172,#3173
    )),.UNSPECIFIED.,.F.,.F.,.F.,(4,1,1,1,1,1,1,1,1,1,1,1,1,1,1,1,1,1,1,
    1,1,1,1,1,1,1,1,1,1,1,1,1,1,1,1,1,1,1,4),(2,2),(0.,
    9.311321897418E-04,2.077993515965E-03,3.657186474218E-03,
    5.880842891243E-03,8.459228558592E-03,1.111564957614E-02,
    1.377051528585E-02,1.641015798999E-02,1.903296234258E-02,
    2.163865298159E-02,2.422629364511E-02,2.679483406679E-02,
    2.934647197235E-02,3.188625266762E-02,3.442196414228E-02,
    3.695792282457E-02,3.949706964435E-02,4.20392478126E-02,
    4.458315431232E-02,4.712686055117E-02,4.966675479702E-02,
    5.220187524005E-02,5.473161196753E-02,5.725374485011E-02,
    5.976636116321E-02,6.226759606219E-02,6.475438502439E-02,
    6.722080744563E-02,6.966062477745E-02,7.206426389082E-02,
    7.44169145815E-02,7.669682542933E-02,7.887289281257E-02,
    8.088953849594E-02,8.266426598385E-02,8.410088080682E-02,
    8.514855075854E-02,8.584675268577E-02),(0.,1.),.UNSPECIFIED.);
#3092 = CARTESIAN_POINT('',(68.983761283238,1.333E+03,-48.71607164426));
#3093 = CARTESIAN_POINT('',(55.077905630374,1.4878E+03,-35.68259810925)
  );
#3094 = CARTESIAN_POINT('',(68.768155483309,1.333E+03,-48.49280378812));
#3095 = CARTESIAN_POINT('',(54.903555100735,1.4878E+03,-35.5159381894));
#3096 = CARTESIAN_POINT('',(68.286221422612,1.333E+03,-47.99528622386));
#3097 = CARTESIAN_POINT('',(54.513885072195,1.4878E+03,-35.14460888882)
  );
#3098 = CARTESIAN_POINT('',(67.436558154012,1.333E+03,-47.12110854678));
#3099 = CARTESIAN_POINT('',(53.826977867921,1.4878E+03,-34.49224306924)
  );
#3100 = CARTESIAN_POINT('',(66.290199066751,1.333E+03,-45.9344950238));
#3101 = CARTESIAN_POINT('',(52.899984855333,1.4878E+03,-33.6065012789));
#3102 = CARTESIAN_POINT('',(64.817824682462,1.333E+03,-44.39936868243));
#3103 = CARTESIAN_POINT('',(51.709019079321,1.4878E+03,-32.46028205801)
  );
#3104 = CARTESIAN_POINT('',(63.106584283739,1.333E+03,-42.59585500067));
#3105 = CARTESIAN_POINT('',(50.32423961977,1.4878E+03,-31.11309189774));
#3106 = CARTESIAN_POINT('',(61.300933663726,1.333E+03,-40.68380208371));
#3107 = CARTESIAN_POINT('',(48.862780092791,1.4878E+03,-29.68455847674)
  );
#3108 = CARTESIAN_POINT('',(59.480659780301,1.333E+03,-38.7574715115));
#3109 = CARTESIAN_POINT('',(47.389522295304,1.4878E+03,-28.24539336541)
  );
#3110 = CARTESIAN_POINT('',(57.662057975127,1.333E+03,-36.84498448772));
#3111 = CARTESIAN_POINT('',(45.917993067139,1.4878E+03,-26.8169253896));
#3112 = CARTESIAN_POINT('',(55.844492385552,1.333E+03,-34.9541786829));
#3113 = CARTESIAN_POINT('',(44.447942270677,1.4878E+03,-25.40526002923)
  );
#3114 = CARTESIAN_POINT('',(54.027389871776,1.333E+03,-33.0870235342));
#3115 = CARTESIAN_POINT('',(42.978986089035,1.4878E+03,-24.01194430645)
  );
#3116 = CARTESIAN_POINT('',(52.205102343843,1.333E+03,-31.25028395308));
#3117 = CARTESIAN_POINT('',(41.506949198639,1.4878E+03,-22.64240651317)
  );
#3118 = CARTESIAN_POINT('',(50.374465126317,1.333E+03,-29.44744507667));
#3119 = CARTESIAN_POINT('',(40.029482639586,1.4878E+03,-21.29945111102)
  );
#3120 = CARTESIAN_POINT('',(48.534258656683,1.333E+03,-27.67729784446));
#3121 = CARTESIAN_POINT('',(38.545601880942,1.4878E+03,-19.98217720393)
  );
#3122 = CARTESIAN_POINT('',(46.678337599327,1.333E+03,-25.93958060103));
#3123 = CARTESIAN_POINT('',(37.050527120601,1.4878E+03,-18.69057261811)
  );
#3124 = CARTESIAN_POINT('',(44.801453068506,1.333E+03,-24.23227033362));
#3125 = CARTESIAN_POINT('',(35.540119880987,1.4878E+03,-17.42322967714)
  );
#3126 = CARTESIAN_POINT('',(42.899835311465,1.333E+03,-22.55288909232));
#3127 = CARTESIAN_POINT('',(34.011376048002,1.4878E+03,-16.17834148873)
  );
#3128 = CARTESIAN_POINT('',(40.974637606748,1.333E+03,-20.89729255855));
#3129 = CARTESIAN_POINT('',(32.465062304773,1.4878E+03,-14.95265426967)
  );
#3130 = CARTESIAN_POINT('',(39.024249257703,1.333E+03,-19.26729438275));
#3131 = CARTESIAN_POINT('',(30.899984360672,1.4878E+03,-13.74762632511)
  );
#3132 = CARTESIAN_POINT('',(37.04914041697,1.333E+03,-17.66491598186));
#3133 = CARTESIAN_POINT('',(29.316570099815,1.4878E+03,-12.56481261299)
  );
#3134 = CARTESIAN_POINT('',(35.050129442124,1.333E+03,-16.09367071686));
#3135 = CARTESIAN_POINT('',(27.715564145931,1.4878E+03,-11.40691571926)
  );
#3136 = CARTESIAN_POINT('',(33.028182964514,1.333E+03,-14.556863767));
#3137 = CARTESIAN_POINT('',(26.097819782737,1.4878E+03,-10.27647197475)
  );
#3138 = CARTESIAN_POINT('',(30.983559723942,1.333E+03,-13.05819869802));
#3139 = CARTESIAN_POINT('',(24.463653018902,1.4878E+03,-9.176349046375)
  );
#3140 = CARTESIAN_POINT('',(28.916903374014,1.333E+03,-11.60028909061));
#3141 = CARTESIAN_POINT('',(22.81364486102,1.4878E+03,-8.108556297248));
#3142 = CARTESIAN_POINT('',(26.828633709764,1.333E+03,-10.18681452906));
#3143 = CARTESIAN_POINT('',(21.148235627017,1.4878E+03,-7.075937767905)
  );
#3144 = CARTESIAN_POINT('',(24.719913277396,1.333E+03,-8.821410652477));
#3145 = CARTESIAN_POINT('',(19.468440993181,1.4878E+03,-6.081280292453)
  );
#3146 = CARTESIAN_POINT('',(22.592568805859,1.333E+03,-7.507456141856));
#3147 = CARTESIAN_POINT('',(17.77578436778,1.4878E+03,-5.127150542207));
#3148 = CARTESIAN_POINT('',(20.449122263934,1.333E+03,-6.250041230966));
#3149 = CARTESIAN_POINT('',(16.072382186278,1.4878E+03,-4.217422550517)
  );
#3150 = CARTESIAN_POINT('',(18.293294758124,1.333E+03,-5.055587204134));
#3151 = CARTESIAN_POINT('',(14.361323347223,1.4878E+03,-3.356966603245)
  );
#3152 = CARTESIAN_POINT('',(16.130658932548,1.333E+03,-3.932311829666));
#3153 = CARTESIAN_POINT('',(12.647190246745,1.4878E+03,-2.551990357692)
  );
#3154 = CARTESIAN_POINT('',(13.969218362801,1.333E+03,-2.891199308836));
#3155 = CARTESIAN_POINT('',(10.936538806151,1.4878E+03,-1.810773971824)
  );
#3156 = CARTESIAN_POINT('',(11.821967864672,1.333E+03,-1.946361141004));
#3157 = CARTESIAN_POINT('',(9.239897690856,1.4878E+03,-1.143870732202));
#3158 = CARTESIAN_POINT('',(9.709115888841,1.333E+03,-1.115776698689));
#3159 = CARTESIAN_POINT('',(7.57351695033,1.4878E+03,-0.564613017569));
#3160 = CARTESIAN_POINT('',(7.66480952044,1.333E+03,-0.422801717095));
#3161 = CARTESIAN_POINT('',(5.964636662962,1.4878E+03,
    -9.007458648217E-02));
#3162 = CARTESIAN_POINT('',(5.74632452836,1.333E+03,0.107094806253));
#3163 = CARTESIAN_POINT('',(4.458521320013,1.4878E+03,0.261748744905));
#3164 = CARTESIAN_POINT('',(4.035942743959,1.333E+03,0.452511257944));
#3165 = CARTESIAN_POINT('',(3.119725462932,1.4878E+03,0.476796538604));
#3166 = CARTESIAN_POINT('',(2.623546036681,1.333E+03,0.608091667541));
#3167 = CARTESIAN_POINT('',(2.018206145923,1.4878E+03,0.553703525563));
#3168 = CARTESIAN_POINT('',(1.55750032979,1.333E+03,0.60828217926));
#3169 = CARTESIAN_POINT('',(1.190447498735,1.4878E+03,0.520719298454));
#3170 = CARTESIAN_POINT('',(0.983326985517,1.333E+03,0.512222699485));
#3171 = CARTESIAN_POINT('',(0.747604485049,1.4878E+03,0.428286961677));
#3172 = CARTESIAN_POINT('',(0.756242452338,1.333E+03,0.454923854427));
#3173 = CARTESIAN_POINT('',(0.573060930243,1.4878E+03,0.37673844502));
#3174 = DEFINITIONAL_REPRESENTATION('',(#3175),#3178);
#3175 = B_SPLINE_CURVE_WITH_KNOTS('',1,(#3176,#3177),.UNSPECIFIED.,.F.,
  .F.,(2,2),(0.,8.584675268577E-02),.PIECEWISE_BEZIER_KNOTS.);
#3176 = CARTESIAN_POINT('',(0.,0.));
#3177 = CARTESIAN_POINT('',(8.584675268577E-02,0.));
#3178 = ( GEOMETRIC_REPRESENTATION_CONTEXT(2) 
PARAMETRIC_REPRESENTATION_CONTEXT() REPRESENTATION_CONTEXT('2D SPACE',''
  ) );
#3179 = ORIENTED_EDGE('',*,*,#2977,.F.);
#3180 = ADVANCED_FACE('',(#3181),#2868,.F.);
#3181 = FACE_BOUND('',#3182,.F.);
#3182 = EDGE_LOOP('',(#3183,#3184,#3204,#3352));
#3183 = ORIENTED_EDGE('',*,*,#2813,.T.);
#3184 = ORIENTED_EDGE('',*,*,#3185,.T.);
#3185 = EDGE_CURVE('',#2794,#3186,#3188,.T.);
#3186 = VERTEX_POINT('',#3187);
#3187 = CARTESIAN_POINT('',(55.006545788286,1.4878E+03,-35.79275772546)
  );
#3188 = SURFACE_CURVE('',#3189,(#3192,#3198),.PCURVE_S1.);
#3189 = B_SPLINE_CURVE_WITH_KNOTS('',1,(#3190,#3191),.UNSPECIFIED.,.F.,
  .F.,(2,2),(0.,1.),.PIECEWISE_BEZIER_KNOTS.);
#3190 = CARTESIAN_POINT('',(68.886335828564,1.333E+03,-48.85404433486));
#3191 = CARTESIAN_POINT('',(55.006545788286,1.4878E+03,-35.79275772546)
  );
#3192 = PCURVE('',#2868,#3193);
#3193 = DEFINITIONAL_REPRESENTATION('',(#3194),#3197);
#3194 = B_SPLINE_CURVE_WITH_KNOTS('',1,(#3195,#3196),.UNSPECIFIED.,.F.,
  .F.,(2,2),(0.,1.),.PIECEWISE_BEZIER_KNOTS.);
#3195 = CARTESIAN_POINT('',(8.497274966923E-02,0.));
#3196 = CARTESIAN_POINT('',(8.497274966923E-02,1.));
#3197 = ( GEOMETRIC_REPRESENTATION_CONTEXT(2) 
PARAMETRIC_REPRESENTATION_CONTEXT() REPRESENTATION_CONTEXT('2D SPACE',''
  ) );
#3198 = PCURVE('',#3010,#3199);
#3199 = DEFINITIONAL_REPRESENTATION('',(#3200),#3203);
#3200 = B_SPLINE_CURVE_WITH_KNOTS('',1,(#3201,#3202),.UNSPECIFIED.,.F.,
  .F.,(2,2),(0.,1.),.PIECEWISE_BEZIER_KNOTS.);
#3201 = CARTESIAN_POINT('',(0.,0.));
#3202 = CARTESIAN_POINT('',(0.,1.));
#3203 = ( GEOMETRIC_REPRESENTATION_CONTEXT(2) 
PARAMETRIC_REPRESENTATION_CONTEXT() REPRESENTATION_CONTEXT('2D SPACE',''
  ) );
#3204 = ORIENTED_EDGE('',*,*,#3205,.F.);
#3205 = EDGE_CURVE('',#3206,#3186,#3208,.T.);
#3206 = VERTEX_POINT('',#3207);
#3207 = CARTESIAN_POINT('',(0.,1.4878E+03,0.));
#3208 = SURFACE_CURVE('',#3209,(#3253,#3259),.PCURVE_S1.);
#3209 = B_SPLINE_CURVE_WITH_KNOTS('',3,(#3210,#3211,#3212,#3213,#3214,
    #3215,#3216,#3217,#3218,#3219,#3220,#3221,#3222,#3223,#3224,#3225,
    #3226,#3227,#3228,#3229,#3230,#3231,#3232,#3233,#3234,#3235,#3236,
    #3237,#3238,#3239,#3240,#3241,#3242,#3243,#3244,#3245,#3246,#3247,
    #3248,#3249,#3250,#3251,#3252),.UNSPECIFIED.,.F.,.F.,(4,1,1,1,1,1,1,
    1,1,1,1,1,1,1,1,1,1,1,1,1,1,1,1,1,1,1,1,1,1,1,1,1,1,1,1,1,1,1,1,1,4)
  ,(0.,9.650889611972E-05,2.773543680878E-04,4.705832788883E-04,
    7.232699887224E-04,1.136466049517E-03,1.854740510157E-03,
    3.018258972958E-03,4.588587955022E-03,6.403337827846E-03,
    8.334273971474E-03,1.032006732883E-02,1.233355027456E-02,
    1.436363357304E-02,1.640541177575E-02,1.845619501674E-02,
    2.051438391767E-02,2.257911360563E-02,2.464797716222E-02,
    2.671444020018E-02,2.877778316979E-02,3.083876999731E-02,
    3.28976491255E-02,3.495439891458E-02,3.700879942165E-02,
    3.906078210791E-02,4.110968091493E-02,4.315502649686E-02,
    4.519650159256E-02,4.723417996841E-02,4.926843966071E-02,
    5.129985276134E-02,5.332784513732E-02,5.535100473115E-02,
    5.737004843361E-02,5.939541579099E-02,6.142349258486E-02,
    6.317772306136E-02,6.441448217693E-02,6.530763532944E-02,
    6.603164036811E-02),.UNSPECIFIED.);
#3210 = CARTESIAN_POINT('',(0.,1.4878E+03,0.));
#3211 = CARTESIAN_POINT('',(-1.769520124129E-02,1.4878E+03,
    -2.689065516143E-02));
#3212 = CARTESIAN_POINT('',(-6.154047652949E-02,1.4878E+03,
    -0.108764879071));
#3213 = CARTESIAN_POINT('',(-0.101100504958,1.4878E+03,-0.263398314498)
  );
#3214 = CARTESIAN_POINT('',(-8.364620553796E-02,1.4878E+03,
    -0.476042054761));
#3215 = CARTESIAN_POINT('',(4.590110525145E-02,1.4878E+03,
    -0.736916589616));
#3216 = CARTESIAN_POINT('',(0.340987464539,1.4878E+03,-1.093573114733));
#3217 = CARTESIAN_POINT('',(0.899647143012,1.4878E+03,-1.618288154358));
#3218 = CARTESIAN_POINT('',(1.804458346676,1.4878E+03,-2.33057634283));
#3219 = CARTESIAN_POINT('',(3.039721849343,1.4878E+03,-3.210272610461));
#3220 = CARTESIAN_POINT('',(4.513188254093,1.4878E+03,-4.194920301911));
#3221 = CARTESIAN_POINT('',(6.121771286439,1.4878E+03,-5.225791171213));
#3222 = CARTESIAN_POINT('',(7.798906994214,1.4878E+03,-6.27213660013));
#3223 = CARTESIAN_POINT('',(9.513330486374,1.4878E+03,-7.320979270496));
#3224 = CARTESIAN_POINT('',(11.250661749227,1.4878E+03,-8.368034680047)
  );
#3225 = CARTESIAN_POINT('',(13.003586867602,1.4878E+03,-9.413248371406)
  );
#3226 = CARTESIAN_POINT('',(14.767967334088,1.4878E+03,-10.45751702306)
  );
#3227 = CARTESIAN_POINT('',(16.541240140952,1.4878E+03,-11.50176913988)
  );
#3228 = CARTESIAN_POINT('',(18.320984662606,1.4878E+03,-12.5469035516));
#3229 = CARTESIAN_POINT('',(20.10279889298,1.4878E+03,-13.59395976832));
#3230 = CARTESIAN_POINT('',(21.88384573995,1.4878E+03,-14.64140950995));
#3231 = CARTESIAN_POINT('',(23.661525569211,1.4878E+03,-15.68940385854)
  );
#3232 = CARTESIAN_POINT('',(25.435412160441,1.4878E+03,-16.7388503946));
#3233 = CARTESIAN_POINT('',(27.205662865598,1.4878E+03,-17.7901214249));
#3234 = CARTESIAN_POINT('',(28.971835769725,1.4878E+03,-18.84395188754)
  );
#3235 = CARTESIAN_POINT('',(30.733477901555,1.4878E+03,-19.90087852117)
  );
#3236 = CARTESIAN_POINT('',(32.48998976593,1.4878E+03,-20.9612555555));
#3237 = CARTESIAN_POINT('',(34.240612258335,1.4878E+03,-22.02553120405)
  );
#3238 = CARTESIAN_POINT('',(35.984233400018,1.4878E+03,-23.09455574156)
  );
#3239 = CARTESIAN_POINT('',(37.720114711296,1.4878E+03,-24.16901670762)
  );
#3240 = CARTESIAN_POINT('',(39.447471035249,1.4878E+03,-25.25018572758)
  );
#3241 = CARTESIAN_POINT('',(41.165854886236,1.4878E+03,-26.33931101409)
  );
#3242 = CARTESIAN_POINT('',(42.87483656401,1.4878E+03,-27.43717081653));
#3243 = CARTESIAN_POINT('',(44.573796475505,1.4878E+03,-28.54371315356)
  );
#3244 = CARTESIAN_POINT('',(46.261761828719,1.4878E+03,-29.65950309865)
  );
#3245 = CARTESIAN_POINT('',(47.940005459392,1.4878E+03,-30.78830985492)
  );
#3246 = CARTESIAN_POINT('',(49.608846285808,1.4878E+03,-31.93388408435)
  );
#3247 = CARTESIAN_POINT('',(51.194107433422,1.4878E+03,-33.04506615806)
  );
#3248 = CARTESIAN_POINT('',(52.556481377736,1.4878E+03,-34.01614673183)
  );
#3249 = CARTESIAN_POINT('',(53.605525391471,1.4878E+03,-34.7749650994));
#3250 = CARTESIAN_POINT('',(54.374658072851,1.4878E+03,-35.3348021197));
#3251 = CARTESIAN_POINT('',(54.810973342249,1.4878E+03,-35.65135703592)
  );
#3252 = CARTESIAN_POINT('',(55.006545788286,1.4878E+03,-35.79275772546)
  );
#3253 = PCURVE('',#2868,#3254);
#3254 = DEFINITIONAL_REPRESENTATION('',(#3255),#3258);
#3255 = B_SPLINE_CURVE_WITH_KNOTS('',1,(#3256,#3257),.UNSPECIFIED.,.F.,
  .F.,(2,2),(0.,6.603164036811E-02),.PIECEWISE_BEZIER_KNOTS.);
#3256 = CARTESIAN_POINT('',(0.,1.));
#3257 = CARTESIAN_POINT('',(8.497274966923E-02,1.));
#3258 = ( GEOMETRIC_REPRESENTATION_CONTEXT(2) 
PARAMETRIC_REPRESENTATION_CONTEXT() REPRESENTATION_CONTEXT('2D SPACE',''
  ) );
#3259 = PCURVE('',#3260,#3347);
#3260 = B_SPLINE_SURFACE_WITH_KNOTS('',3,1,(
    (#3261,#3262)
    ,(#3263,#3264)
    ,(#3265,#3266)
    ,(#3267,#3268)
    ,(#3269,#3270)
    ,(#3271,#3272)
    ,(#3273,#3274)
    ,(#3275,#3276)
    ,(#3277,#3278)
    ,(#3279,#3280)
    ,(#3281,#3282)
    ,(#3283,#3284)
    ,(#3285,#3286)
    ,(#3287,#3288)
    ,(#3289,#3290)
    ,(#3291,#3292)
    ,(#3293,#3294)
    ,(#3295,#3296)
    ,(#3297,#3298)
    ,(#3299,#3300)
    ,(#3301,#3302)
    ,(#3303,#3304)
    ,(#3305,#3306)
    ,(#3307,#3308)
    ,(#3309,#3310)
    ,(#3311,#3312)
    ,(#3313,#3314)
    ,(#3315,#3316)
    ,(#3317,#3318)
    ,(#3319,#3320)
    ,(#3321,#3322)
    ,(#3323,#3324)
    ,(#3325,#3326)
    ,(#3327,#3328)
    ,(#3329,#3330)
    ,(#3331,#3332)
    ,(#3333,#3334)
    ,(#3335,#3336)
    ,(#3337,#3338)
    ,(#3339,#3340)
    ,(#3341,#3342)
    ,(#3343,#3344)
    ,(#3345,#3346
    )),.UNSPECIFIED.,.F.,.F.,.F.,(4,1,1,1,1,1,1,1,1,1,1,1,1,1,1,1,1,1,1,
    1,1,1,1,1,1,1,1,1,1,1,1,1,1,1,1,1,1,1,1,1,4),(2,2),(0.,
    9.650889611972E-05,2.773543680878E-04,4.705832788883E-04,
    7.232699887224E-04,1.136466049517E-03,1.854740510157E-03,
    3.018258972958E-03,4.588587955022E-03,6.403337827846E-03,
    8.334273971474E-03,1.032006732883E-02,1.233355027456E-02,
    1.436363357304E-02,1.640541177575E-02,1.845619501674E-02,
    2.051438391767E-02,2.257911360563E-02,2.464797716222E-02,
    2.671444020018E-02,2.877778316979E-02,3.083876999731E-02,
    3.28976491255E-02,3.495439891458E-02,3.700879942165E-02,
    3.906078210791E-02,4.110968091493E-02,4.315502649686E-02,
    4.519650159256E-02,4.723417996841E-02,4.926843966071E-02,
    5.129985276134E-02,5.332784513732E-02,5.535100473115E-02,
    5.737004843361E-02,5.939541579099E-02,6.142349258486E-02,
    6.317772306136E-02,6.441448217693E-02,6.530763532944E-02,
    6.603164036811E-02),(0.,1.),.UNSPECIFIED.);
#3261 = CARTESIAN_POINT('',(0.,1.4878E+03,0.));
#3262 = CARTESIAN_POINT('',(0.,1.6426E+03,0.));
#3263 = CARTESIAN_POINT('',(-1.769520124129E-02,1.4878E+03,
    -2.689065516143E-02));
#3264 = CARTESIAN_POINT('',(-1.057103778139E-02,1.6426E+03,
    -1.690389718781E-02));
#3265 = CARTESIAN_POINT('',(-6.154047652949E-02,1.4878E+03,
    -0.108764879071));
#3266 = CARTESIAN_POINT('',(-3.654546912605E-02,1.6426E+03,
    -6.82275329708E-02));
#3267 = CARTESIAN_POINT('',(-0.101100504958,1.4878E+03,-0.263398314498)
  );
#3268 = CARTESIAN_POINT('',(-5.882345001846E-02,1.6426E+03,
    -0.164540935478));
#3269 = CARTESIAN_POINT('',(-8.364620553796E-02,1.4878E+03,
    -0.476042054761));
#3270 = CARTESIAN_POINT('',(-4.496752286959E-02,1.6426E+03,
    -0.295955902542));
#3271 = CARTESIAN_POINT('',(4.590110525145E-02,1.4878E+03,
    -0.736916589616));
#3272 = CARTESIAN_POINT('',(3.898584480447E-02,1.6426E+03,
    -0.455627508581));
#3273 = CARTESIAN_POINT('',(0.340987464539,1.4878E+03,-1.093573114733));
#3274 = CARTESIAN_POINT('',(0.226811193734,1.6426E+03,-0.672232381249));
#3275 = CARTESIAN_POINT('',(0.899647143012,1.4878E+03,-1.618288154358));
#3276 = CARTESIAN_POINT('',(0.58024577208,1.6426E+03,-0.989117396143));
#3277 = CARTESIAN_POINT('',(1.804458346676,1.4878E+03,-2.33057634283));
#3278 = CARTESIAN_POINT('',(1.150700295899,1.6426E+03,-1.417181794645));
#3279 = CARTESIAN_POINT('',(3.039721849343,1.4878E+03,-3.210272610461));
#3280 = CARTESIAN_POINT('',(1.928164991598,1.6426E+03,-1.944164796276));
#3281 = CARTESIAN_POINT('',(4.513188254093,1.4878E+03,-4.194920301911));
#3282 = CARTESIAN_POINT('',(2.854625282504,1.6426E+03,-2.53271687848));
#3283 = CARTESIAN_POINT('',(6.121771286439,1.4878E+03,-5.225791171213));
#3284 = CARTESIAN_POINT('',(3.86541004312,1.6426E+03,-3.147952444441));
#3285 = CARTESIAN_POINT('',(7.798906994214,1.4878E+03,-6.27213660013));
#3286 = CARTESIAN_POINT('',(4.918863242312,1.6426E+03,-3.771786784886));
#3287 = CARTESIAN_POINT('',(9.513330486374,1.4878E+03,-7.320979270496));
#3288 = CARTESIAN_POINT('',(5.995440171594,1.6426E+03,-4.39663280142));
#3289 = CARTESIAN_POINT('',(11.250661749227,1.4878E+03,-8.368034680047)
  );
#3290 = CARTESIAN_POINT('',(7.086175559682,1.6426E+03,-5.020043763985));
#3291 = CARTESIAN_POINT('',(13.003586867602,1.4878E+03,-9.413248371406)
  );
#3292 = CARTESIAN_POINT('',(8.186539980485,1.6426E+03,-5.642090808471));
#3293 = CARTESIAN_POINT('',(14.767967334088,1.4878E+03,-10.45751702306)
  );
#3294 = CARTESIAN_POINT('',(9.293983799385,1.6426E+03,-6.26338847329));
#3295 = CARTESIAN_POINT('',(16.541240140952,1.4878E+03,-11.50176913988)
  );
#3296 = CARTESIAN_POINT('',(10.406933359249,1.6426E+03,-6.884548416228)
  );
#3297 = CARTESIAN_POINT('',(18.320984662606,1.4878E+03,-12.5469035516));
#3298 = CARTESIAN_POINT('',(11.523902737982,1.6426E+03,-7.506161879547)
  );
#3299 = CARTESIAN_POINT('',(20.10279889298,1.4878E+03,-13.59395976832));
#3300 = CARTESIAN_POINT('',(12.642181195001,1.6426E+03,-8.128935618037)
  );
#3301 = CARTESIAN_POINT('',(21.88384573995,1.4878E+03,-14.64140950995));
#3302 = CARTESIAN_POINT('',(13.759990143665,1.6426E+03,-8.751964021587)
  );
#3303 = CARTESIAN_POINT('',(23.661525569211,1.4878E+03,-15.68940385854)
  );
#3304 = CARTESIAN_POINT('',(14.875722102906,1.6426E+03,-9.375377906802)
  );
#3305 = CARTESIAN_POINT('',(25.435412160441,1.4878E+03,-16.7388503946));
#3306 = CARTESIAN_POINT('',(15.989126176132,1.6426E+03,-9.999745341741)
  );
#3307 = CARTESIAN_POINT('',(27.205662865598,1.4878E+03,-17.7901214249));
#3308 = CARTESIAN_POINT('',(17.10030513038,1.6426E+03,-10.62529459623));
#3309 = CARTESIAN_POINT('',(28.971835769725,1.4878E+03,-18.84395188754)
  );
#3310 = CARTESIAN_POINT('',(18.208995876159,1.6426E+03,-11.25248706624)
  );
#3311 = CARTESIAN_POINT('',(30.733477901555,1.4878E+03,-19.90087852117)
  );
#3312 = CARTESIAN_POINT('',(19.314925636644,1.6426E+03,-11.8816615847));
#3313 = CARTESIAN_POINT('',(32.48998976593,1.4878E+03,-20.9612555555));
#3314 = CARTESIAN_POINT('',(20.417728293528,1.6426E+03,-12.51304607888)
  );
#3315 = CARTESIAN_POINT('',(34.240612258335,1.4878E+03,-22.02553120405)
  );
#3316 = CARTESIAN_POINT('',(21.516940248632,1.6426E+03,-13.14692895738)
  );
#3317 = CARTESIAN_POINT('',(35.984233400018,1.4878E+03,-23.09455574156)
  );
#3318 = CARTESIAN_POINT('',(22.61188517446,1.6426E+03,-13.78385263681));
#3319 = CARTESIAN_POINT('',(37.720114711296,1.4878E+03,-24.16901670762)
  );
#3320 = CARTESIAN_POINT('',(23.702115674423,1.6426E+03,-14.42425341651)
  );
#3321 = CARTESIAN_POINT('',(39.447471035249,1.4878E+03,-25.25018572758)
  );
#3322 = CARTESIAN_POINT('',(24.787163823891,1.6426E+03,-15.06892992041)
  );
#3323 = CARTESIAN_POINT('',(41.165854886236,1.4878E+03,-26.33931101409)
  );
#3324 = CARTESIAN_POINT('',(25.866770442588,1.6426E+03,-15.71866143477)
  );
#3325 = CARTESIAN_POINT('',(42.87483656401,1.4878E+03,-27.43717081653));
#3326 = CARTESIAN_POINT('',(26.940680625076,1.6426E+03,-16.37393599802)
  );
#3327 = CARTESIAN_POINT('',(44.573796475505,1.4878E+03,-28.54371315356)
  );
#3328 = CARTESIAN_POINT('',(28.008509985194,1.6426E+03,-17.03473030695)
  );
#3329 = CARTESIAN_POINT('',(46.261761828719,1.4878E+03,-29.65950309865)
  );
#3330 = CARTESIAN_POINT('',(29.069664288643,1.6426E+03,-17.70140819123)
  );
#3331 = CARTESIAN_POINT('',(47.940005459392,1.4878E+03,-30.78830985492)
  );
#3332 = CARTESIAN_POINT('',(30.124985689187,1.6426E+03,-18.37628522614)
  );
#3333 = CARTESIAN_POINT('',(49.608846285808,1.4878E+03,-31.93388408435)
  );
#3334 = CARTESIAN_POINT('',(31.174725426163,1.6426E+03,-19.06167918234)
  );
#3335 = CARTESIAN_POINT('',(51.194107433422,1.4878E+03,-33.04506615806)
  );
#3336 = CARTESIAN_POINT('',(32.17222106354,1.6426E+03,-19.72697635965));
#3337 = CARTESIAN_POINT('',(52.556481377736,1.4878E+03,-34.01614673183)
  );
#3338 = CARTESIAN_POINT('',(33.029700388121,1.6426E+03,-20.30872058697)
  );
#3339 = CARTESIAN_POINT('',(53.605525391471,1.4878E+03,-34.7749650994));
#3340 = CARTESIAN_POINT('',(33.690128359964,1.6426E+03,-20.76352786603)
  );
#3341 = CARTESIAN_POINT('',(54.374658072851,1.4878E+03,-35.3348021197));
#3342 = CARTESIAN_POINT('',(34.174387576163,1.6426E+03,-21.0991423659));
#3343 = CARTESIAN_POINT('',(54.810973342249,1.4878E+03,-35.65135703592)
  );
#3344 = CARTESIAN_POINT('',(34.449084427474,1.6426E+03,-21.28889233148)
  );
#3345 = CARTESIAN_POINT('',(55.006545788286,1.4878E+03,-35.79275772546)
  );
#3346 = CARTESIAN_POINT('',(34.572206557087,1.6426E+03,-21.37364131063)
  );
#3347 = DEFINITIONAL_REPRESENTATION('',(#3348),#3351);
#3348 = B_SPLINE_CURVE_WITH_KNOTS('',1,(#3349,#3350),.UNSPECIFIED.,.F.,
  .F.,(2,2),(0.,6.603164036811E-02),.PIECEWISE_BEZIER_KNOTS.);
#3349 = CARTESIAN_POINT('',(0.,0.));
#3350 = CARTESIAN_POINT('',(6.603164036811E-02,0.));
#3351 = ( GEOMETRIC_REPRESENTATION_CONTEXT(2) 
PARAMETRIC_REPRESENTATION_CONTEXT() REPRESENTATION_CONTEXT('2D SPACE',''
  ) );
#3352 = ORIENTED_EDGE('',*,*,#3353,.F.);
#3353 = EDGE_CURVE('',#2814,#3206,#3354,.T.);
#3354 = SURFACE_CURVE('',#3355,(#3358),.PCURVE_S1.);
#3355 = B_SPLINE_CURVE_WITH_KNOTS('',1,(#3356,#3357),.UNSPECIFIED.,.F.,
  .F.,(2,2),(0.,1.),.PIECEWISE_BEZIER_KNOTS.);
#3356 = CARTESIAN_POINT('',(0.,1.333E+03,0.));
#3357 = CARTESIAN_POINT('',(0.,1.4878E+03,0.));
#3358 = PCURVE('',#2868,#3359);
#3359 = DEFINITIONAL_REPRESENTATION('',(#3360),#3363);
#3360 = B_SPLINE_CURVE_WITH_KNOTS('',1,(#3361,#3362),.UNSPECIFIED.,.F.,
  .F.,(2,2),(0.,1.),.PIECEWISE_BEZIER_KNOTS.);
#3361 = CARTESIAN_POINT('',(0.,0.));
#3362 = CARTESIAN_POINT('',(0.,1.));
#3363 = ( GEOMETRIC_REPRESENTATION_CONTEXT(2) 
PARAMETRIC_REPRESENTATION_CONTEXT() REPRESENTATION_CONTEXT('2D SPACE',''
  ) );
#3364 = ADVANCED_FACE('',(#3365),#3010,.F.);
#3365 = FACE_BOUND('',#3366,.F.);
#3366 = EDGE_LOOP('',(#3367,#3368,#3388,#3412));
#3367 = ORIENTED_EDGE('',*,*,#2997,.T.);
#3368 = ORIENTED_EDGE('',*,*,#3369,.T.);
#3369 = EDGE_CURVE('',#2978,#3370,#3372,.T.);
#3370 = VERTEX_POINT('',#3371);
#3371 = CARTESIAN_POINT('',(55.077905630374,1.4878E+03,-35.68259810925)
  );
#3372 = SURFACE_CURVE('',#3373,(#3376,#3382),.PCURVE_S1.);
#3373 = B_SPLINE_CURVE_WITH_KNOTS('',1,(#3374,#3375),.UNSPECIFIED.,.F.,
  .F.,(2,2),(0.,1.),.PIECEWISE_BEZIER_KNOTS.);
#3374 = CARTESIAN_POINT('',(68.983761283238,1.333E+03,-48.71607164426));
#3375 = CARTESIAN_POINT('',(55.077905630374,1.4878E+03,-35.68259810925)
  );
#3376 = PCURVE('',#3010,#3377);
#3377 = DEFINITIONAL_REPRESENTATION('',(#3378),#3381);
#3378 = B_SPLINE_CURVE_WITH_KNOTS('',1,(#3379,#3380),.UNSPECIFIED.,.F.,
  .F.,(2,2),(0.,1.),.PIECEWISE_BEZIER_KNOTS.);
#3379 = CARTESIAN_POINT('',(1.689028791086E-04,0.));
#3380 = CARTESIAN_POINT('',(1.689028791086E-04,1.));
#3381 = ( GEOMETRIC_REPRESENTATION_CONTEXT(2) 
PARAMETRIC_REPRESENTATION_CONTEXT() REPRESENTATION_CONTEXT('2D SPACE',''
  ) );
#3382 = PCURVE('',#3091,#3383);
#3383 = DEFINITIONAL_REPRESENTATION('',(#3384),#3387);
#3384 = B_SPLINE_CURVE_WITH_KNOTS('',1,(#3385,#3386),.UNSPECIFIED.,.F.,
  .F.,(2,2),(0.,1.),.PIECEWISE_BEZIER_KNOTS.);
#3385 = CARTESIAN_POINT('',(0.,0.));
#3386 = CARTESIAN_POINT('',(0.,1.));
#3387 = ( GEOMETRIC_REPRESENTATION_CONTEXT(2) 
PARAMETRIC_REPRESENTATION_CONTEXT() REPRESENTATION_CONTEXT('2D SPACE',''
  ) );
#3388 = ORIENTED_EDGE('',*,*,#3389,.F.);
#3389 = EDGE_CURVE('',#3186,#3370,#3390,.T.);
#3390 = SURFACE_CURVE('',#3391,(#3395,#3401),.PCURVE_S1.);
#3391 = LINE('',#3392,#3393);
#3392 = CARTESIAN_POINT('',(55.006545788286,1.4878E+03,-35.79275772546)
  );
#3393 = VECTOR('',#3394,1.);
#3394 = DIRECTION('',(0.543681322382,0.,0.839291736938));
#3395 = PCURVE('',#3010,#3396);
#3396 = DEFINITIONAL_REPRESENTATION('',(#3397),#3400);
#3397 = B_SPLINE_CURVE_WITH_KNOTS('',1,(#3398,#3399),.UNSPECIFIED.,.F.,
  .F.,(2,2),(0.,0.131253068941),.PIECEWISE_BEZIER_KNOTS.);
#3398 = CARTESIAN_POINT('',(0.,1.));
#3399 = CARTESIAN_POINT('',(1.689028791086E-04,1.));
#3400 = ( GEOMETRIC_REPRESENTATION_CONTEXT(2) 
PARAMETRIC_REPRESENTATION_CONTEXT() REPRESENTATION_CONTEXT('2D SPACE',''
  ) );
#3401 = PCURVE('',#3402,#3407);
#3402 = B_SPLINE_SURFACE_WITH_KNOTS('',1,1,(
    (#3403,#3404)
    ,(#3405,#3406
    )),.UNSPECIFIED.,.F.,.F.,.F.,(2,2),(2,2),(0.,1.312530689409E-04),(0.
    ,1.),.PIECEWISE_BEZIER_KNOTS.);
#3403 = CARTESIAN_POINT('',(55.006545788286,1.4878E+03,-35.79275772546)
  );
#3404 = CARTESIAN_POINT('',(34.572206557087,1.6426E+03,-21.37364131063)
  );
#3405 = CARTESIAN_POINT('',(55.077905630374,1.4878E+03,-35.68259810925)
  );
#3406 = CARTESIAN_POINT('',(34.614812006171,1.6426E+03,-21.30440940742)
  );
#3407 = DEFINITIONAL_REPRESENTATION('',(#3408),#3411);
#3408 = B_SPLINE_CURVE_WITH_KNOTS('',1,(#3409,#3410),.UNSPECIFIED.,.F.,
  .F.,(2,2),(0.,0.131253068941),.PIECEWISE_BEZIER_KNOTS.);
#3409 = CARTESIAN_POINT('',(0.,0.));
#3410 = CARTESIAN_POINT('',(1.312530689409E-04,0.));
#3411 = ( GEOMETRIC_REPRESENTATION_CONTEXT(2) 
PARAMETRIC_REPRESENTATION_CONTEXT() REPRESENTATION_CONTEXT('2D SPACE',''
  ) );
#3412 = ORIENTED_EDGE('',*,*,#3185,.F.);
#3413 = ADVANCED_FACE('',(#3414),#3091,.F.);
#3414 = FACE_BOUND('',#3415,.F.);
#3415 = EDGE_LOOP('',(#3416,#3417,#3431,#3571));
#3416 = ORIENTED_EDGE('',*,*,#3040,.T.);
#3417 = ORIENTED_EDGE('',*,*,#3418,.T.);
#3418 = EDGE_CURVE('',#3027,#3419,#3421,.T.);
#3419 = VERTEX_POINT('',#3420);
#3420 = CARTESIAN_POINT('',(0.573060930243,1.4878E+03,0.37673844502));
#3421 = SURFACE_CURVE('',#3422,(#3425),.PCURVE_S1.);
#3422 = B_SPLINE_CURVE_WITH_KNOTS('',1,(#3423,#3424),.UNSPECIFIED.,.F.,
  .F.,(2,2),(0.,1.),.PIECEWISE_BEZIER_KNOTS.);
#3423 = CARTESIAN_POINT('',(0.756242452338,1.333E+03,0.454923854427));
#3424 = CARTESIAN_POINT('',(0.573060930243,1.4878E+03,0.37673844502));
#3425 = PCURVE('',#3091,#3426);
#3426 = DEFINITIONAL_REPRESENTATION('',(#3427),#3430);
#3427 = B_SPLINE_CURVE_WITH_KNOTS('',1,(#3428,#3429),.UNSPECIFIED.,.F.,
  .F.,(2,2),(0.,1.),.PIECEWISE_BEZIER_KNOTS.);
#3428 = CARTESIAN_POINT('',(8.584675268577E-02,0.));
#3429 = CARTESIAN_POINT('',(8.584675268577E-02,1.));
#3430 = ( GEOMETRIC_REPRESENTATION_CONTEXT(2) 
PARAMETRIC_REPRESENTATION_CONTEXT() REPRESENTATION_CONTEXT('2D SPACE',''
  ) );
#3431 = ORIENTED_EDGE('',*,*,#3432,.F.);
#3432 = EDGE_CURVE('',#3370,#3419,#3433,.T.);
#3433 = SURFACE_CURVE('',#3434,(#3476,#3482),.PCURVE_S1.);
#3434 = B_SPLINE_CURVE_WITH_KNOTS('',3,(#3435,#3436,#3437,#3438,#3439,
    #3440,#3441,#3442,#3443,#3444,#3445,#3446,#3447,#3448,#3449,#3450,
    #3451,#3452,#3453,#3454,#3455,#3456,#3457,#3458,#3459,#3460,#3461,
    #3462,#3463,#3464,#3465,#3466,#3467,#3468,#3469,#3470,#3471,#3472,
    #3473,#3474,#3475),.UNSPECIFIED.,.F.,.F.,(4,1,1,1,1,1,1,1,1,1,1,1,1,
    1,1,1,1,1,1,1,1,1,1,1,1,1,1,1,1,1,1,1,1,1,1,1,1,1,4),(0.,
    7.235753359464E-04,1.614792048834E-03,2.841970195913E-03,
    4.569955713655E-03,6.573598478888E-03,8.637881887152E-03,
    1.070095667821E-02,1.275220179406E-02,1.479036196236E-02,
    1.681522320147E-02,1.882605794979E-02,2.08220500538E-02,
    2.280490734846E-02,2.477855050038E-02,2.674903149368E-02,
    2.871970459004E-02,3.069285516242E-02,3.26683613713E-02,
    3.464521065267E-02,3.662190431292E-02,3.859563570408E-02,
    4.056565741146E-02,4.253149547678E-02,4.449142465539E-02,
    4.644395858439E-02,4.838764810802E-02,5.032011181035E-02,
    5.22367488375E-02,5.413271126364E-02,5.600055988719E-02,
    5.782878581754E-02,5.960048620103E-02,6.129149066336E-02,
    6.285860980489E-02,6.423773626235E-02,6.53541180872E-02,
    6.616825398071E-02,6.671082108302E-02),.UNSPECIFIED.);
#3435 = CARTESIAN_POINT('',(55.077905630374,1.4878E+03,-35.68259810925)
  );
#3436 = CARTESIAN_POINT('',(54.903555100735,1.4878E+03,-35.5159381894));
#3437 = CARTESIAN_POINT('',(54.513885072195,1.4878E+03,-35.14460888882)
  );
#3438 = CARTESIAN_POINT('',(53.826977867921,1.4878E+03,-34.49224306924)
  );
#3439 = CARTESIAN_POINT('',(52.899984855333,1.4878E+03,-33.6065012789));
#3440 = CARTESIAN_POINT('',(51.709019079321,1.4878E+03,-32.46028205801)
  );
#3441 = CARTESIAN_POINT('',(50.32423961977,1.4878E+03,-31.11309189774));
#3442 = CARTESIAN_POINT('',(48.862780092791,1.4878E+03,-29.68455847674)
  );
#3443 = CARTESIAN_POINT('',(47.389522295304,1.4878E+03,-28.24539336541)
  );
#3444 = CARTESIAN_POINT('',(45.917993067139,1.4878E+03,-26.8169253896));
#3445 = CARTESIAN_POINT('',(44.447942270677,1.4878E+03,-25.40526002923)
  );
#3446 = CARTESIAN_POINT('',(42.978986089035,1.4878E+03,-24.01194430645)
  );
#3447 = CARTESIAN_POINT('',(41.506949198639,1.4878E+03,-22.64240651317)
  );
#3448 = CARTESIAN_POINT('',(40.029482639586,1.4878E+03,-21.29945111102)
  );
#3449 = CARTESIAN_POINT('',(38.545601880942,1.4878E+03,-19.98217720393)
  );
#3450 = CARTESIAN_POINT('',(37.050527120601,1.4878E+03,-18.69057261811)
  );
#3451 = CARTESIAN_POINT('',(35.540119880987,1.4878E+03,-17.42322967714)
  );
#3452 = CARTESIAN_POINT('',(34.011376048002,1.4878E+03,-16.17834148873)
  );
#3453 = CARTESIAN_POINT('',(32.465062304773,1.4878E+03,-14.95265426967)
  );
#3454 = CARTESIAN_POINT('',(30.899984360672,1.4878E+03,-13.74762632511)
  );
#3455 = CARTESIAN_POINT('',(29.316570099815,1.4878E+03,-12.56481261299)
  );
#3456 = CARTESIAN_POINT('',(27.715564145931,1.4878E+03,-11.40691571926)
  );
#3457 = CARTESIAN_POINT('',(26.097819782737,1.4878E+03,-10.27647197475)
  );
#3458 = CARTESIAN_POINT('',(24.463653018902,1.4878E+03,-9.176349046375)
  );
#3459 = CARTESIAN_POINT('',(22.81364486102,1.4878E+03,-8.108556297248));
#3460 = CARTESIAN_POINT('',(21.148235627017,1.4878E+03,-7.075937767905)
  );
#3461 = CARTESIAN_POINT('',(19.468440993181,1.4878E+03,-6.081280292453)
  );
#3462 = CARTESIAN_POINT('',(17.77578436778,1.4878E+03,-5.127150542207));
#3463 = CARTESIAN_POINT('',(16.072382186278,1.4878E+03,-4.217422550517)
  );
#3464 = CARTESIAN_POINT('',(14.361323347223,1.4878E+03,-3.356966603245)
  );
#3465 = CARTESIAN_POINT('',(12.647190246745,1.4878E+03,-2.551990357692)
  );
#3466 = CARTESIAN_POINT('',(10.936538806151,1.4878E+03,-1.810773971824)
  );
#3467 = CARTESIAN_POINT('',(9.239897690856,1.4878E+03,-1.143870732202));
#3468 = CARTESIAN_POINT('',(7.57351695033,1.4878E+03,-0.564613017569));
#3469 = CARTESIAN_POINT('',(5.964636662962,1.4878E+03,
    -9.007458648217E-02));
#3470 = CARTESIAN_POINT('',(4.458521320013,1.4878E+03,0.261748744905));
#3471 = CARTESIAN_POINT('',(3.119725462932,1.4878E+03,0.476796538604));
#3472 = CARTESIAN_POINT('',(2.018206145923,1.4878E+03,0.553703525563));
#3473 = CARTESIAN_POINT('',(1.190447498735,1.4878E+03,0.520719298454));
#3474 = CARTESIAN_POINT('',(0.747604485049,1.4878E+03,0.428286961677));
#3475 = CARTESIAN_POINT('',(0.573060930243,1.4878E+03,0.37673844502));
#3476 = PCURVE('',#3091,#3477);
#3477 = DEFINITIONAL_REPRESENTATION('',(#3478),#3481);
#3478 = B_SPLINE_CURVE_WITH_KNOTS('',1,(#3479,#3480),.UNSPECIFIED.,.F.,
  .F.,(2,2),(0.,6.671082108302E-02),.PIECEWISE_BEZIER_KNOTS.);
#3479 = CARTESIAN_POINT('',(0.,1.));
#3480 = CARTESIAN_POINT('',(8.584675268577E-02,1.));
#3481 = ( GEOMETRIC_REPRESENTATION_CONTEXT(2) 
PARAMETRIC_REPRESENTATION_CONTEXT() REPRESENTATION_CONTEXT('2D SPACE',''
  ) );
#3482 = PCURVE('',#3483,#3566);
#3483 = B_SPLINE_SURFACE_WITH_KNOTS('',3,1,(
    (#3484,#3485)
    ,(#3486,#3487)
    ,(#3488,#3489)
    ,(#3490,#3491)
    ,(#3492,#3493)
    ,(#3494,#3495)
    ,(#3496,#3497)
    ,(#3498,#3499)
    ,(#3500,#3501)
    ,(#3502,#3503)
    ,(#3504,#3505)
    ,(#3506,#3507)
    ,(#3508,#3509)
    ,(#3510,#3511)
    ,(#3512,#3513)
    ,(#3514,#3515)
    ,(#3516,#3517)
    ,(#3518,#3519)
    ,(#3520,#3521)
    ,(#3522,#3523)
    ,(#3524,#3525)
    ,(#3526,#3527)
    ,(#3528,#3529)
    ,(#3530,#3531)
    ,(#3532,#3533)
    ,(#3534,#3535)
    ,(#3536,#3537)
    ,(#3538,#3539)
    ,(#3540,#3541)
    ,(#3542,#3543)
    ,(#3544,#3545)
    ,(#3546,#3547)
    ,(#3548,#3549)
    ,(#3550,#3551)
    ,(#3552,#3553)
    ,(#3554,#3555)
    ,(#3556,#3557)
    ,(#3558,#3559)
    ,(#3560,#3561)
    ,(#3562,#3563)
    ,(#3564,#3565
    )),.UNSPECIFIED.,.F.,.F.,.F.,(4,1,1,1,1,1,1,1,1,1,1,1,1,1,1,1,1,1,1,
    1,1,1,1,1,1,1,1,1,1,1,1,1,1,1,1,1,1,1,4),(2,2),(0.,
    7.235753359464E-04,1.614792048834E-03,2.841970195913E-03,
    4.569955713655E-03,6.573598478888E-03,8.637881887152E-03,
    1.070095667821E-02,1.275220179406E-02,1.479036196236E-02,
    1.681522320147E-02,1.882605794979E-02,2.08220500538E-02,
    2.280490734846E-02,2.477855050038E-02,2.674903149368E-02,
    2.871970459004E-02,3.069285516242E-02,3.26683613713E-02,
    3.464521065267E-02,3.662190431292E-02,3.859563570408E-02,
    4.056565741146E-02,4.253149547678E-02,4.449142465539E-02,
    4.644395858439E-02,4.838764810802E-02,5.032011181035E-02,
    5.22367488375E-02,5.413271126364E-02,5.600055988719E-02,
    5.782878581754E-02,5.960048620103E-02,6.129149066336E-02,
    6.285860980489E-02,6.423773626235E-02,6.53541180872E-02,
    6.616825398071E-02,6.671082108302E-02),(0.,1.),.UNSPECIFIED.);
#3484 = CARTESIAN_POINT('',(55.077905630374,1.4878E+03,-35.68259810925)
  );
#3485 = CARTESIAN_POINT('',(34.614812006171,1.6426E+03,-21.30440940742)
  );
#3486 = CARTESIAN_POINT('',(54.903555100735,1.4878E+03,-35.5159381894));
#3487 = CARTESIAN_POINT('',(34.50446798194,1.6426E+03,-21.20371611989));
#3488 = CARTESIAN_POINT('',(54.513885072195,1.4878E+03,-35.14460888882)
  );
#3489 = CARTESIAN_POINT('',(34.257867763614,1.6426E+03,-20.97938211285)
  );
#3490 = CARTESIAN_POINT('',(53.826977867921,1.4878E+03,-34.49224306924)
  );
#3491 = CARTESIAN_POINT('',(33.823194564983,1.6426E+03,-20.5852966224));
#3492 = CARTESIAN_POINT('',(52.899984855333,1.4878E+03,-33.6065012789));
#3493 = CARTESIAN_POINT('',(33.236518768697,1.6426E+03,-20.0501508644));
#3494 = CARTESIAN_POINT('',(51.709019079321,1.4878E+03,-32.46028205801)
  );
#3495 = CARTESIAN_POINT('',(32.482661463366,1.6426E+03,-19.35750655201)
  );
#3496 = CARTESIAN_POINT('',(50.32423961977,1.4878E+03,-31.11309189774));
#3497 = CARTESIAN_POINT('',(31.605917002102,1.6426E+03,-18.54320321366)
  );
#3498 = CARTESIAN_POINT('',(48.862780092791,1.4878E+03,-29.68455847674)
  );
#3499 = CARTESIAN_POINT('',(30.680527449146,1.6426E+03,-17.67963289721)
  );
#3500 = CARTESIAN_POINT('',(47.389522295304,1.4878E+03,-28.24539336541)
  );
#3501 = CARTESIAN_POINT('',(29.747680198505,1.6426E+03,-16.80964877264)
  );
#3502 = CARTESIAN_POINT('',(45.917993067139,1.4878E+03,-26.8169253896));
#3503 = CARTESIAN_POINT('',(28.816056605043,1.6426E+03,-15.94626334154)
  );
#3504 = CARTESIAN_POINT('',(44.447942270677,1.4878E+03,-25.40526002923)
  );
#3505 = CARTESIAN_POINT('',(27.885589318384,1.6426E+03,-15.09326059387)
  );
#3506 = CARTESIAN_POINT('',(42.978986089035,1.4878E+03,-24.01194430645)
  );
#3507 = CARTESIAN_POINT('',(26.956062864652,1.6426E+03,-14.25160392059)
  );
#3508 = CARTESIAN_POINT('',(41.506949198639,1.4878E+03,-22.64240651317)
  );
#3509 = CARTESIAN_POINT('',(26.024969780168,1.6426E+03,-13.42471428184)
  );
#3510 = CARTESIAN_POINT('',(40.029482639586,1.4878E+03,-21.29945111102)
  );
#3511 = CARTESIAN_POINT('',(25.090895836773,1.6426E+03,-12.61436182562)
  );
#3512 = CARTESIAN_POINT('',(38.545601880942,1.4878E+03,-19.98217720393)
  );
#3513 = CARTESIAN_POINT('',(24.153218514962,1.6426E+03,-11.82000284777)
  );
#3514 = CARTESIAN_POINT('',(37.050527120601,1.4878E+03,-18.69057261811)
  );
#3515 = CARTESIAN_POINT('',(23.20897807229,1.6426E+03,-11.0416983355));
#3516 = CARTESIAN_POINT('',(35.540119880987,1.4878E+03,-17.42322967714)
  );
#3517 = CARTESIAN_POINT('',(22.255591856552,1.6426E+03,-10.27863601144)
  );
#3518 = CARTESIAN_POINT('',(34.011376048002,1.4878E+03,-16.17834148873)
  );
#3519 = CARTESIAN_POINT('',(21.291173869806,1.6426E+03,-9.529740148295)
  );
#3520 = CARTESIAN_POINT('',(32.465062304773,1.4878E+03,-14.95265426967)
  );
#3521 = CARTESIAN_POINT('',(20.316152181114,1.6426E+03,-8.792985070298)
  );
#3522 = CARTESIAN_POINT('',(30.899984360672,1.4878E+03,-13.74762632511)
  );
#3523 = CARTESIAN_POINT('',(19.329808213881,1.6426E+03,-8.069290855672)
  );
#3524 = CARTESIAN_POINT('',(29.316570099815,1.4878E+03,-12.56481261299)
  );
#3525 = CARTESIAN_POINT('',(18.332429198732,1.6426E+03,-7.35961417224));
#3526 = CARTESIAN_POINT('',(27.715564145931,1.4878E+03,-11.40691571926)
  );
#3527 = CARTESIAN_POINT('',(17.3245149386,1.6426E+03,-6.665617737667));
#3528 = CARTESIAN_POINT('',(26.097819782737,1.4878E+03,-10.27647197475)
  );
#3529 = CARTESIAN_POINT('',(16.306630133244,1.6426E+03,-5.988859769615)
  );
#3530 = CARTESIAN_POINT('',(24.463653018902,1.4878E+03,-9.176349046375)
  );
#3531 = CARTESIAN_POINT('',(15.279011561483,1.6426E+03,-5.331111345709)
  );
#3532 = CARTESIAN_POINT('',(22.81364486102,1.4878E+03,-8.108556297248));
#3533 = CARTESIAN_POINT('',(14.242047779156,1.6426E+03,-4.693608298104)
  );
#3534 = CARTESIAN_POINT('',(21.148235627017,1.4878E+03,-7.075937767905)
  );
#3535 = CARTESIAN_POINT('',(13.196052196431,1.6426E+03,-4.078105293242)
  );
#3536 = CARTESIAN_POINT('',(19.468440993181,1.4878E+03,-6.081280292453)
  );
#3537 = CARTESIAN_POINT('',(12.141693654948,1.6426E+03,-3.486313327824)
  );
#3538 = CARTESIAN_POINT('',(17.77578436778,1.4878E+03,-5.127150542207));
#3539 = CARTESIAN_POINT('',(11.079952218567,1.6426E+03,-2.919799798659)
  );
#3540 = CARTESIAN_POINT('',(16.072382186278,1.4878E+03,-4.217422550517)
  );
#3541 = CARTESIAN_POINT('',(10.012193885788,1.6426E+03,-2.380933095882)
  );
#3542 = CARTESIAN_POINT('',(14.361323347223,1.4878E+03,-3.356966603245)
  );
#3543 = CARTESIAN_POINT('',(8.94040106948,1.6426E+03,-1.872684529769));
#3544 = CARTESIAN_POINT('',(12.647190246745,1.4878E+03,-2.551990357692)
  );
#3545 = CARTESIAN_POINT('',(7.86750010253,1.6426E+03,-1.398832075736));
#3546 = CARTESIAN_POINT('',(10.936538806151,1.4878E+03,-1.810773971824)
  );
#3547 = CARTESIAN_POINT('',(6.797669001407,1.6426E+03,-0.964408671352));
#3548 = CARTESIAN_POINT('',(9.239897690856,1.4878E+03,-1.143870732202));
#3549 = CARTESIAN_POINT('',(5.737578223019,1.6426E+03,-0.575797780032));
#3550 = CARTESIAN_POINT('',(7.57351695033,1.4878E+03,-0.564613017569));
#3551 = CARTESIAN_POINT('',(4.697480644955,1.6426E+03,-0.241021605513));
#3552 = CARTESIAN_POINT('',(5.964636662962,1.4878E+03,
    -9.007458648217E-02));
#3553 = CARTESIAN_POINT('',(3.694487611784,1.6426E+03,2.973861007076E-02
    ));
#3554 = CARTESIAN_POINT('',(4.458521320013,1.4878E+03,0.261748744905));
#3555 = CARTESIAN_POINT('',(2.756884080887,1.6426E+03,0.225989107504));
#3556 = CARTESIAN_POINT('',(3.119725462932,1.4878E+03,0.476796538604));
#3557 = CARTESIAN_POINT('',(1.924842644477,1.6426E+03,0.339949392411));
#3558 = CARTESIAN_POINT('',(2.018206145923,1.4878E+03,0.553703525563));
#3559 = CARTESIAN_POINT('',(1.241699031455,1.6426E+03,0.371777044187));
#3560 = CARTESIAN_POINT('',(1.190447498735,1.4878E+03,0.520719298454));
#3561 = CARTESIAN_POINT('',(0.729638565642,1.6426E+03,0.339486754656));
#3562 = CARTESIAN_POINT('',(0.747604485049,1.4878E+03,0.428286961677));
#3563 = CARTESIAN_POINT('',(0.45676324063,1.6426E+03,0.275905548901));
#3564 = CARTESIAN_POINT('',(0.573060930243,1.4878E+03,0.37673844502));
#3565 = CARTESIAN_POINT('',(0.349428013497,1.6426E+03,0.241485310635));
#3566 = DEFINITIONAL_REPRESENTATION('',(#3567),#3570);
#3567 = B_SPLINE_CURVE_WITH_KNOTS('',1,(#3568,#3569),.UNSPECIFIED.,.F.,
  .F.,(2,2),(0.,6.671082108302E-02),.PIECEWISE_BEZIER_KNOTS.);
#3568 = CARTESIAN_POINT('',(0.,0.));
#3569 = CARTESIAN_POINT('',(6.671082108302E-02,0.));
#3570 = ( GEOMETRIC_REPRESENTATION_CONTEXT(2) 
PARAMETRIC_REPRESENTATION_CONTEXT() REPRESENTATION_CONTEXT('2D SPACE',''
  ) );
#3571 = ORIENTED_EDGE('',*,*,#3369,.F.);
#3572 = ADVANCED_FACE('',(#3573),#3260,.F.);
#3573 = FACE_BOUND('',#3574,.F.);
#3574 = EDGE_LOOP('',(#3575,#3576,#3596,#3703));
#3575 = ORIENTED_EDGE('',*,*,#3205,.T.);
#3576 = ORIENTED_EDGE('',*,*,#3577,.T.);
#3577 = EDGE_CURVE('',#3186,#3578,#3580,.T.);
#3578 = VERTEX_POINT('',#3579);
#3579 = CARTESIAN_POINT('',(34.572206557087,1.6426E+03,-21.37364131063)
  );
#3580 = SURFACE_CURVE('',#3581,(#3584,#3590),.PCURVE_S1.);
#3581 = B_SPLINE_CURVE_WITH_KNOTS('',1,(#3582,#3583),.UNSPECIFIED.,.F.,
  .F.,(2,2),(0.,1.),.PIECEWISE_BEZIER_KNOTS.);
#3582 = CARTESIAN_POINT('',(55.006545788286,1.4878E+03,-35.79275772546)
  );
#3583 = CARTESIAN_POINT('',(34.572206557087,1.6426E+03,-21.37364131063)
  );
#3584 = PCURVE('',#3260,#3585);
#3585 = DEFINITIONAL_REPRESENTATION('',(#3586),#3589);
#3586 = B_SPLINE_CURVE_WITH_KNOTS('',1,(#3587,#3588),.UNSPECIFIED.,.F.,
  .F.,(2,2),(0.,1.),.PIECEWISE_BEZIER_KNOTS.);
#3587 = CARTESIAN_POINT('',(6.603164036811E-02,0.));
#3588 = CARTESIAN_POINT('',(6.603164036811E-02,1.));
#3589 = ( GEOMETRIC_REPRESENTATION_CONTEXT(2) 
PARAMETRIC_REPRESENTATION_CONTEXT() REPRESENTATION_CONTEXT('2D SPACE',''
  ) );
#3590 = PCURVE('',#3402,#3591);
#3591 = DEFINITIONAL_REPRESENTATION('',(#3592),#3595);
#3592 = B_SPLINE_CURVE_WITH_KNOTS('',1,(#3593,#3594),.UNSPECIFIED.,.F.,
  .F.,(2,2),(0.,1.),.PIECEWISE_BEZIER_KNOTS.);
#3593 = CARTESIAN_POINT('',(0.,0.));
#3594 = CARTESIAN_POINT('',(0.,1.));
#3595 = ( GEOMETRIC_REPRESENTATION_CONTEXT(2) 
PARAMETRIC_REPRESENTATION_CONTEXT() REPRESENTATION_CONTEXT('2D SPACE',''
  ) );
#3596 = ORIENTED_EDGE('',*,*,#3597,.F.);
#3597 = EDGE_CURVE('',#3598,#3578,#3600,.T.);
#3598 = VERTEX_POINT('',#3599);
#3599 = CARTESIAN_POINT('',(0.,1.6426E+03,0.));
#3600 = SURFACE_CURVE('',#3601,(#3645,#3651),.PCURVE_S1.);
#3601 = B_SPLINE_CURVE_WITH_KNOTS('',3,(#3602,#3603,#3604,#3605,#3606,
    #3607,#3608,#3609,#3610,#3611,#3612,#3613,#3614,#3615,#3616,#3617,
    #3618,#3619,#3620,#3621,#3622,#3623,#3624,#3625,#3626,#3627,#3628,
    #3629,#3630,#3631,#3632,#3633,#3634,#3635,#3636,#3637,#3638,#3639,
    #3640,#3641,#3642,#3643,#3644),.UNSPECIFIED.,.F.,.F.,(4,1,1,1,1,1,1,
    1,1,1,1,1,1,1,1,1,1,1,1,1,1,1,1,1,1,1,1,1,1,1,1,1,1,1,1,1,1,1,1,1,4)
  ,(0.,5.977259664571E-05,1.717788871098E-04,2.914548362704E-04,
    4.479558573359E-04,7.038680319694E-04,1.148729918727E-03,
    1.869352810119E-03,2.841933003447E-03,3.965894798913E-03,
    5.16181633467E-03,6.391713578796E-03,7.638760315486E-03,
    8.896088448292E-03,1.016065979723E-02,1.143080839907E-02,
    1.270554368196E-02,1.398432998853E-02,1.526567659859E-02,
    1.654553645211E-02,1.782346389738E-02,1.909993207064E-02,
    2.037509484443E-02,2.16489388162E-02,2.292132776473E-02,
    2.419221924066E-02,2.546120072199E-02,2.672798152029E-02,
    2.799236514049E-02,2.925439726966E-02,3.051431204384E-02,
    3.177246378701E-02,3.302849691104E-02,3.428153686087E-02,
    3.55320276414E-02,3.678643496528E-02,3.804252037337E-02,
    3.912899959872E-02,3.98949839456E-02,4.044815660921E-02,
    4.089656771829E-02),.UNSPECIFIED.);
#3602 = CARTESIAN_POINT('',(0.,1.6426E+03,0.));
#3603 = CARTESIAN_POINT('',(-1.057103778139E-02,1.6426E+03,
    -1.690389718781E-02));
#3604 = CARTESIAN_POINT('',(-3.654546912605E-02,1.6426E+03,
    -6.82275329708E-02));
#3605 = CARTESIAN_POINT('',(-5.882345001846E-02,1.6426E+03,
    -0.164540935478));
#3606 = CARTESIAN_POINT('',(-4.496752286959E-02,1.6426E+03,
    -0.295955902542));
#3607 = CARTESIAN_POINT('',(3.898584480447E-02,1.6426E+03,
    -0.455627508581));
#3608 = CARTESIAN_POINT('',(0.226811193734,1.6426E+03,-0.672232381249));
#3609 = CARTESIAN_POINT('',(0.58024577208,1.6426E+03,-0.989117396143));
#3610 = CARTESIAN_POINT('',(1.150700295899,1.6426E+03,-1.417181794645));
#3611 = CARTESIAN_POINT('',(1.928164991598,1.6426E+03,-1.944164796276));
#3612 = CARTESIAN_POINT('',(2.854625282504,1.6426E+03,-2.53271687848));
#3613 = CARTESIAN_POINT('',(3.86541004312,1.6426E+03,-3.147952444441));
#3614 = CARTESIAN_POINT('',(4.918863242312,1.6426E+03,-3.771786784886));
#3615 = CARTESIAN_POINT('',(5.995440171594,1.6426E+03,-4.39663280142));
#3616 = CARTESIAN_POINT('',(7.086175559682,1.6426E+03,-5.020043763985));
#3617 = CARTESIAN_POINT('',(8.186539980485,1.6426E+03,-5.642090808471));
#3618 = CARTESIAN_POINT('',(9.293983799385,1.6426E+03,-6.26338847329));
#3619 = CARTESIAN_POINT('',(10.406933359249,1.6426E+03,-6.884548416228)
  );
#3620 = CARTESIAN_POINT('',(11.523902737982,1.6426E+03,-7.506161879547)
  );
#3621 = CARTESIAN_POINT('',(12.642181195001,1.6426E+03,-8.128935618037)
  );
#3622 = CARTESIAN_POINT('',(13.759990143665,1.6426E+03,-8.751964021587)
  );
#3623 = CARTESIAN_POINT('',(14.875722102906,1.6426E+03,-9.375377906802)
  );
#3624 = CARTESIAN_POINT('',(15.989126176132,1.6426E+03,-9.999745341741)
  );
#3625 = CARTESIAN_POINT('',(17.10030513038,1.6426E+03,-10.62529459623));
#3626 = CARTESIAN_POINT('',(18.208995876159,1.6426E+03,-11.25248706624)
  );
#3627 = CARTESIAN_POINT('',(19.314925636644,1.6426E+03,-11.8816615847));
#3628 = CARTESIAN_POINT('',(20.417728293528,1.6426E+03,-12.51304607888)
  );
#3629 = CARTESIAN_POINT('',(21.516940248632,1.6426E+03,-13.14692895738)
  );
#3630 = CARTESIAN_POINT('',(22.61188517446,1.6426E+03,-13.78385263681));
#3631 = CARTESIAN_POINT('',(23.702115674423,1.6426E+03,-14.42425341651)
  );
#3632 = CARTESIAN_POINT('',(24.787163823891,1.6426E+03,-15.06892992041)
  );
#3633 = CARTESIAN_POINT('',(25.866770442588,1.6426E+03,-15.71866143477)
  );
#3634 = CARTESIAN_POINT('',(26.940680625076,1.6426E+03,-16.37393599802)
  );
#3635 = CARTESIAN_POINT('',(28.008509985194,1.6426E+03,-17.03473030695)
  );
#3636 = CARTESIAN_POINT('',(29.069664288643,1.6426E+03,-17.70140819123)
  );
#3637 = CARTESIAN_POINT('',(30.124985689187,1.6426E+03,-18.37628522614)
  );
#3638 = CARTESIAN_POINT('',(31.174725426163,1.6426E+03,-19.06167918234)
  );
#3639 = CARTESIAN_POINT('',(32.17222106354,1.6426E+03,-19.72697635965));
#3640 = CARTESIAN_POINT('',(33.029700388121,1.6426E+03,-20.30872058697)
  );
#3641 = CARTESIAN_POINT('',(33.690128359964,1.6426E+03,-20.76352786603)
  );
#3642 = CARTESIAN_POINT('',(34.174387576163,1.6426E+03,-21.0991423659));
#3643 = CARTESIAN_POINT('',(34.449084427474,1.6426E+03,-21.28889233148)
  );
#3644 = CARTESIAN_POINT('',(34.572206557087,1.6426E+03,-21.37364131063)
  );
#3645 = PCURVE('',#3260,#3646);
#3646 = DEFINITIONAL_REPRESENTATION('',(#3647),#3650);
#3647 = B_SPLINE_CURVE_WITH_KNOTS('',1,(#3648,#3649),.UNSPECIFIED.,.F.,
  .F.,(2,2),(0.,4.089656771829E-02),.PIECEWISE_BEZIER_KNOTS.);
#3648 = CARTESIAN_POINT('',(0.,1.));
#3649 = CARTESIAN_POINT('',(6.603164036811E-02,1.));
#3650 = ( GEOMETRIC_REPRESENTATION_CONTEXT(2) 
PARAMETRIC_REPRESENTATION_CONTEXT() REPRESENTATION_CONTEXT('2D SPACE',''
  ) );
#3651 = PCURVE('',#3652,#3657);
#3652 = PLANE('',#3653);
#3653 = AXIS2_PLACEMENT_3D('',#3654,#3655,#3656);
#3654 = CARTESIAN_POINT('',(0.,1.6426E+03,0.));
#3655 = DIRECTION('',(0.,-1.,0.));
#3656 = DIRECTION('',(0.850575512379,0.,-0.525852924059));
#3657 = DEFINITIONAL_REPRESENTATION('',(#3658),#3702);
#3658 = B_SPLINE_CURVE_WITH_KNOTS('',3,(#3659,#3660,#3661,#3662,#3663,
    #3664,#3665,#3666,#3667,#3668,#3669,#3670,#3671,#3672,#3673,#3674,
    #3675,#3676,#3677,#3678,#3679,#3680,#3681,#3682,#3683,#3684,#3685,
    #3686,#3687,#3688,#3689,#3690,#3691,#3692,#3693,#3694,#3695,#3696,
    #3697,#3698,#3699,#3700,#3701),.UNSPECIFIED.,.F.,.F.,(4,1,1,1,1,1,1,
    1,1,1,1,1,1,1,1,1,1,1,1,1,1,1,1,1,1,1,1,1,1,1,1,1,1,1,1,1,1,1,1,1,4)
  ,(0.,5.977259664571E-05,1.717788871098E-04,2.914548362704E-04,
    4.479558573359E-04,7.038680319694E-04,1.148729918727E-03,
    1.869352810119E-03,2.841933003447E-03,3.965894798913E-03,
    5.16181633467E-03,6.391713578796E-03,7.638760315486E-03,
    8.896088448292E-03,1.016065979723E-02,1.143080839907E-02,
    1.270554368196E-02,1.398432998853E-02,1.526567659859E-02,
    1.654553645211E-02,1.782346389738E-02,1.909993207064E-02,
    2.037509484443E-02,2.16489388162E-02,2.292132776473E-02,
    2.419221924066E-02,2.546120072199E-02,2.672798152029E-02,
    2.799236514049E-02,2.925439726966E-02,3.051431204384E-02,
    3.177246378701E-02,3.302849691104E-02,3.428153686087E-02,
    3.55320276414E-02,3.678643496528E-02,3.804252037337E-02,
    3.912899959872E-02,3.98949839456E-02,4.044815660921E-02,
    4.089656771829E-02),.UNSPECIFIED.);
#3659 = CARTESIAN_POINT('',(0.,0.));
#3660 = CARTESIAN_POINT('',(-1.025021130909E-04,-1.993685213941E-02));
#3661 = CARTESIAN_POINT('',(4.79296658697E-03,-7.725021061603E-02));
#3662 = CARTESIAN_POINT('',(3.64905459089E-02,-0.170886973697));
#3663 = CARTESIAN_POINT('',(0.117381002939,-0.275379146835));
#3664 = CARTESIAN_POINT('',(0.272753462589,-0.367044781078));
#3665 = CARTESIAN_POINT('',(0.546415410651,-0.452515072685));
#3666 = CARTESIAN_POINT('',(1.013673119892,-0.536195100106));
#3667 = CARTESIAN_POINT('',(1.723986684416,-0.600321015802));
#3668 = CARTESIAN_POINT('',(2.662394668654,-0.639727768843));
#3669 = CARTESIAN_POINT('',(3.759910938677,-0.653153904729));
#3670 = CARTESIAN_POINT('',(4.943183125689,-0.644934089516));
#3671 = CARTESIAN_POINT('',(6.16726973241,-0.621590858126));
#3672 = CARTESIAN_POINT('',(7.41155681053,-0.586948452561));
#3673 = CARTESIAN_POINT('',(8.667132099679,-0.543640158266));
#3674 = CARTESIAN_POINT('',(9.930180387952,-0.494108293645));
#3675 = CARTESIAN_POINT('',(11.1988561754,-0.440216302839));
#3676 = CARTESIAN_POINT('',(12.472142589835,-0.383311959189));
#3677 = CARTESIAN_POINT('',(13.749086648783,-0.324679535364));
#3678 = CARTESIAN_POINT('',(15.027754311756,-0.266345630541));
#3679 = CARTESIAN_POINT('',(16.306156538786,-0.208475229923));
#3680 = CARTESIAN_POINT('',(17.582994836135,-0.152024901532));
#3681 = CARTESIAN_POINT('',(18.858354517554,-9.76097648537E-02));
#3682 = CARTESIAN_POINT('',(20.132443030524,-4.536994026477E-02));
#3683 = CARTESIAN_POINT('',(21.405279223989,4.163773737989E-03));
#3684 = CARTESIAN_POINT('',(22.676809256945,5.055973367607E-02));
#3685 = CARTESIAN_POINT('',(23.946841574347,9.343154581216E-02));
#3686 = CARTESIAN_POINT('',(25.215133511441,0.132290112398));
#3687 = CARTESIAN_POINT('',(26.481395031988,0.166318418345));
#3688 = CARTESIAN_POINT('',(27.745475020677,0.194910093333));
#3689 = CARTESIAN_POINT('',(29.007395431018,0.217139787844));
#3690 = CARTESIAN_POINT('',(30.267345600562,0.232208369384));
#3691 = CARTESIAN_POINT('',(31.525365349427,0.239566681638));
#3692 = CARTESIAN_POINT('',(32.781115474094,0.239032415158));
#3693 = CARTESIAN_POINT('',(34.034281854317,0.229983625491));
#3694 = CARTESIAN_POINT('',(35.286798457498,0.210893590026));
#3695 = CARTESIAN_POINT('',(36.540097788138,0.179922984742));
#3696 = CARTESIAN_POINT('',(37.738391617053,0.138573494917));
#3697 = CARTESIAN_POINT('',(38.773654435904,9.466411083898E-02));
#3698 = CARTESIAN_POINT('',(39.57456003402,5.510415654484E-02));
#3699 = CARTESIAN_POINT('',(40.162942931077,2.428780619503E-02));
#3700 = CARTESIAN_POINT('',(40.49637392037,7.341274488365E-03));
#3701 = CARTESIAN_POINT('',(40.645664087346,0.));
#3702 = ( GEOMETRIC_REPRESENTATION_CONTEXT(2) 
PARAMETRIC_REPRESENTATION_CONTEXT() REPRESENTATION_CONTEXT('2D SPACE',''
  ) );
#3703 = ORIENTED_EDGE('',*,*,#3704,.F.);
#3704 = EDGE_CURVE('',#3206,#3598,#3705,.T.);
#3705 = SURFACE_CURVE('',#3706,(#3709),.PCURVE_S1.);
#3706 = B_SPLINE_CURVE_WITH_KNOTS('',1,(#3707,#3708),.UNSPECIFIED.,.F.,
  .F.,(2,2),(0.,1.),.PIECEWISE_BEZIER_KNOTS.);
#3707 = CARTESIAN_POINT('',(0.,1.4878E+03,0.));
#3708 = CARTESIAN_POINT('',(0.,1.6426E+03,0.));
#3709 = PCURVE('',#3260,#3710);
#3710 = DEFINITIONAL_REPRESENTATION('',(#3711),#3714);
#3711 = B_SPLINE_CURVE_WITH_KNOTS('',1,(#3712,#3713),.UNSPECIFIED.,.F.,
  .F.,(2,2),(0.,1.),.PIECEWISE_BEZIER_KNOTS.);
#3712 = CARTESIAN_POINT('',(0.,0.));
#3713 = CARTESIAN_POINT('',(0.,1.));
#3714 = ( GEOMETRIC_REPRESENTATION_CONTEXT(2) 
PARAMETRIC_REPRESENTATION_CONTEXT() REPRESENTATION_CONTEXT('2D SPACE',''
  ) );
#3715 = ADVANCED_FACE('',(#3716),#3402,.F.);
#3716 = FACE_BOUND('',#3717,.F.);
#3717 = EDGE_LOOP('',(#3718,#3719,#3739,#3759));
#3718 = ORIENTED_EDGE('',*,*,#3389,.T.);
#3719 = ORIENTED_EDGE('',*,*,#3720,.T.);
#3720 = EDGE_CURVE('',#3370,#3721,#3723,.T.);
#3721 = VERTEX_POINT('',#3722);
#3722 = CARTESIAN_POINT('',(34.614812006171,1.6426E+03,-21.30440940742)
  );
#3723 = SURFACE_CURVE('',#3724,(#3727,#3733),.PCURVE_S1.);
#3724 = B_SPLINE_CURVE_WITH_KNOTS('',1,(#3725,#3726),.UNSPECIFIED.,.F.,
  .F.,(2,2),(0.,1.),.PIECEWISE_BEZIER_KNOTS.);
#3725 = CARTESIAN_POINT('',(55.077905630374,1.4878E+03,-35.68259810925)
  );
#3726 = CARTESIAN_POINT('',(34.614812006171,1.6426E+03,-21.30440940742)
  );
#3727 = PCURVE('',#3402,#3728);
#3728 = DEFINITIONAL_REPRESENTATION('',(#3729),#3732);
#3729 = B_SPLINE_CURVE_WITH_KNOTS('',1,(#3730,#3731),.UNSPECIFIED.,.F.,
  .F.,(2,2),(0.,1.),.PIECEWISE_BEZIER_KNOTS.);
#3730 = CARTESIAN_POINT('',(1.312530689409E-04,0.));
#3731 = CARTESIAN_POINT('',(1.312530689409E-04,1.));
#3732 = ( GEOMETRIC_REPRESENTATION_CONTEXT(2) 
PARAMETRIC_REPRESENTATION_CONTEXT() REPRESENTATION_CONTEXT('2D SPACE',''
  ) );
#3733 = PCURVE('',#3483,#3734);
#3734 = DEFINITIONAL_REPRESENTATION('',(#3735),#3738);
#3735 = B_SPLINE_CURVE_WITH_KNOTS('',1,(#3736,#3737),.UNSPECIFIED.,.F.,
  .F.,(2,2),(0.,1.),.PIECEWISE_BEZIER_KNOTS.);
#3736 = CARTESIAN_POINT('',(0.,0.));
#3737 = CARTESIAN_POINT('',(0.,1.));
#3738 = ( GEOMETRIC_REPRESENTATION_CONTEXT(2) 
PARAMETRIC_REPRESENTATION_CONTEXT() REPRESENTATION_CONTEXT('2D SPACE',''
  ) );
#3739 = ORIENTED_EDGE('',*,*,#3740,.F.);
#3740 = EDGE_CURVE('',#3578,#3721,#3741,.T.);
#3741 = SURFACE_CURVE('',#3742,(#3746,#3752),.PCURVE_S1.);
#3742 = LINE('',#3743,#3744);
#3743 = CARTESIAN_POINT('',(34.572206557087,1.6426E+03,-21.37364131063)
  );
#3744 = VECTOR('',#3745,1.);
#3745 = DIRECTION('',(0.524108141144,0.,0.85165172247));
#3746 = PCURVE('',#3402,#3747);
#3747 = DEFINITIONAL_REPRESENTATION('',(#3748),#3751);
#3748 = B_SPLINE_CURVE_WITH_KNOTS('',1,(#3749,#3750),.UNSPECIFIED.,.F.,
  .F.,(2,2),(0.,8.129133234085E-02),.PIECEWISE_BEZIER_KNOTS.);
#3749 = CARTESIAN_POINT('',(0.,1.));
#3750 = CARTESIAN_POINT('',(1.312530689409E-04,1.));
#3751 = ( GEOMETRIC_REPRESENTATION_CONTEXT(2) 
PARAMETRIC_REPRESENTATION_CONTEXT() REPRESENTATION_CONTEXT('2D SPACE',''
  ) );
#3752 = PCURVE('',#3652,#3753);
#3753 = DEFINITIONAL_REPRESENTATION('',(#3754),#3758);
#3754 = LINE('',#3755,#3756);
#3755 = CARTESIAN_POINT('',(40.645664087346,7.105427357601E-15));
#3756 = VECTOR('',#3757,1.);
#3757 = DIRECTION('',(-2.049997845083E-03,0.999997898752));
#3758 = ( GEOMETRIC_REPRESENTATION_CONTEXT(2) 
PARAMETRIC_REPRESENTATION_CONTEXT() REPRESENTATION_CONTEXT('2D SPACE',''
  ) );
#3759 = ORIENTED_EDGE('',*,*,#3577,.F.);
#3760 = ADVANCED_FACE('',(#3761),#3483,.F.);
#3761 = FACE_BOUND('',#3762,.F.);
#3762 = EDGE_LOOP('',(#3763,#3764,#3778,#3874));
#3763 = ORIENTED_EDGE('',*,*,#3432,.T.);
#3764 = ORIENTED_EDGE('',*,*,#3765,.T.);
#3765 = EDGE_CURVE('',#3419,#3766,#3768,.T.);
#3766 = VERTEX_POINT('',#3767);
#3767 = CARTESIAN_POINT('',(0.349428013497,1.6426E+03,0.241485310635));
#3768 = SURFACE_CURVE('',#3769,(#3772),.PCURVE_S1.);
#3769 = B_SPLINE_CURVE_WITH_KNOTS('',1,(#3770,#3771),.UNSPECIFIED.,.F.,
  .F.,(2,2),(0.,1.),.PIECEWISE_BEZIER_KNOTS.);
#3770 = CARTESIAN_POINT('',(0.573060930243,1.4878E+03,0.37673844502));
#3771 = CARTESIAN_POINT('',(0.349428013497,1.6426E+03,0.241485310635));
#3772 = PCURVE('',#3483,#3773);
#3773 = DEFINITIONAL_REPRESENTATION('',(#3774),#3777);
#3774 = B_SPLINE_CURVE_WITH_KNOTS('',1,(#3775,#3776),.UNSPECIFIED.,.F.,
  .F.,(2,2),(0.,1.),.PIECEWISE_BEZIER_KNOTS.);
#3775 = CARTESIAN_POINT('',(6.671082108302E-02,0.));
#3776 = CARTESIAN_POINT('',(6.671082108302E-02,1.));
#3777 = ( GEOMETRIC_REPRESENTATION_CONTEXT(2) 
PARAMETRIC_REPRESENTATION_CONTEXT() REPRESENTATION_CONTEXT('2D SPACE',''
  ) );
#3778 = ORIENTED_EDGE('',*,*,#3779,.F.);
#3779 = EDGE_CURVE('',#3721,#3766,#3780,.T.);
#3780 = SURFACE_CURVE('',#3781,(#3823,#3829),.PCURVE_S1.);
#3781 = B_SPLINE_CURVE_WITH_KNOTS('',3,(#3782,#3783,#3784,#3785,#3786,
    #3787,#3788,#3789,#3790,#3791,#3792,#3793,#3794,#3795,#3796,#3797,
    #3798,#3799,#3800,#3801,#3802,#3803,#3804,#3805,#3806,#3807,#3808,
    #3809,#3810,#3811,#3812,#3813,#3814,#3815,#3816,#3817,#3818,#3819,
    #3820,#3821,#3822),.UNSPECIFIED.,.F.,.F.,(4,1,1,1,1,1,1,1,1,1,1,1,1,
    1,1,1,1,1,1,1,1,1,1,1,1,1,1,1,1,1,1,1,1,1,1,1,1,1,4),(0.,
    4.481449735438E-04,1.000118307041E-03,1.760168699771E-03,
    2.830393161085E-03,4.071345401174E-03,5.349855305293E-03,
    6.627616654702E-03,7.898051317837E-03,9.160381844213E-03,
    1.041447570473E-02,1.165988228552E-02,1.28960961035E-02,
    1.412417490292E-02,1.534654694099E-02,1.656696050229E-02,
    1.778749304225E-02,1.900956000214E-02,2.023308592092E-02,
    2.145744366901E-02,2.268170503348E-02,2.390413172236E-02,
    2.512426082582E-02,2.634179879873E-02,2.755567711417E-02,
    2.876497519619E-02,2.996879551298E-02,3.116566313924E-02,
    3.235272854509E-02,3.352698917711E-02,3.468383758031E-02,
    3.581614574573E-02,3.691344492391E-02,3.796076524066E-02,
    3.893135742551E-02,3.978551670802E-02,4.04769456146E-02,
    4.09811790929E-02,4.131721696986E-02),.UNSPECIFIED.);
#3782 = CARTESIAN_POINT('',(34.614812006171,1.6426E+03,-21.30440940742)
  );
#3783 = CARTESIAN_POINT('',(34.50446798194,1.6426E+03,-21.20371611989));
#3784 = CARTESIAN_POINT('',(34.257867763614,1.6426E+03,-20.97938211285)
  );
#3785 = CARTESIAN_POINT('',(33.823194564983,1.6426E+03,-20.5852966224));
#3786 = CARTESIAN_POINT('',(33.236518768697,1.6426E+03,-20.0501508644));
#3787 = CARTESIAN_POINT('',(32.482661463366,1.6426E+03,-19.35750655201)
  );
#3788 = CARTESIAN_POINT('',(31.605917002102,1.6426E+03,-18.54320321366)
  );
#3789 = CARTESIAN_POINT('',(30.680527449146,1.6426E+03,-17.67963289721)
  );
#3790 = CARTESIAN_POINT('',(29.747680198505,1.6426E+03,-16.80964877264)
  );
#3791 = CARTESIAN_POINT('',(28.816056605043,1.6426E+03,-15.94626334154)
  );
#3792 = CARTESIAN_POINT('',(27.885589318384,1.6426E+03,-15.09326059387)
  );
#3793 = CARTESIAN_POINT('',(26.956062864652,1.6426E+03,-14.25160392059)
  );
#3794 = CARTESIAN_POINT('',(26.024969780168,1.6426E+03,-13.42471428184)
  );
#3795 = CARTESIAN_POINT('',(25.090895836773,1.6426E+03,-12.61436182562)
  );
#3796 = CARTESIAN_POINT('',(24.153218514962,1.6426E+03,-11.82000284777)
  );
#3797 = CARTESIAN_POINT('',(23.20897807229,1.6426E+03,-11.0416983355));
#3798 = CARTESIAN_POINT('',(22.255591856552,1.6426E+03,-10.27863601144)
  );
#3799 = CARTESIAN_POINT('',(21.291173869806,1.6426E+03,-9.529740148295)
  );
#3800 = CARTESIAN_POINT('',(20.316152181114,1.6426E+03,-8.792985070298)
  );
#3801 = CARTESIAN_POINT('',(19.329808213881,1.6426E+03,-8.069290855672)
  );
#3802 = CARTESIAN_POINT('',(18.332429198732,1.6426E+03,-7.35961417224));
#3803 = CARTESIAN_POINT('',(17.3245149386,1.6426E+03,-6.665617737667));
#3804 = CARTESIAN_POINT('',(16.306630133244,1.6426E+03,-5.988859769615)
  );
#3805 = CARTESIAN_POINT('',(15.279011561483,1.6426E+03,-5.331111345709)
  );
#3806 = CARTESIAN_POINT('',(14.242047779156,1.6426E+03,-4.693608298104)
  );
#3807 = CARTESIAN_POINT('',(13.196052196431,1.6426E+03,-4.078105293242)
  );
#3808 = CARTESIAN_POINT('',(12.141693654948,1.6426E+03,-3.486313327824)
  );
#3809 = CARTESIAN_POINT('',(11.079952218567,1.6426E+03,-2.919799798659)
  );
#3810 = CARTESIAN_POINT('',(10.012193885788,1.6426E+03,-2.380933095882)
  );
#3811 = CARTESIAN_POINT('',(8.94040106948,1.6426E+03,-1.872684529769));
#3812 = CARTESIAN_POINT('',(7.86750010253,1.6426E+03,-1.398832075736));
#3813 = CARTESIAN_POINT('',(6.797669001407,1.6426E+03,-0.964408671352));
#3814 = CARTESIAN_POINT('',(5.737578223019,1.6426E+03,-0.575797780032));
#3815 = CARTESIAN_POINT('',(4.697480644955,1.6426E+03,-0.241021605513));
#3816 = CARTESIAN_POINT('',(3.694487611784,1.6426E+03,2.973861007076E-02
    ));
#3817 = CARTESIAN_POINT('',(2.756884080887,1.6426E+03,0.225989107504));
#3818 = CARTESIAN_POINT('',(1.924842644477,1.6426E+03,0.339949392411));
#3819 = CARTESIAN_POINT('',(1.241699031455,1.6426E+03,0.371777044187));
#3820 = CARTESIAN_POINT('',(0.729638565642,1.6426E+03,0.339486754656));
#3821 = CARTESIAN_POINT('',(0.45676324063,1.6426E+03,0.275905548901));
#3822 = CARTESIAN_POINT('',(0.349428013497,1.6426E+03,0.241485310635));
#3823 = PCURVE('',#3483,#3824);
#3824 = DEFINITIONAL_REPRESENTATION('',(#3825),#3828);
#3825 = B_SPLINE_CURVE_WITH_KNOTS('',1,(#3826,#3827),.UNSPECIFIED.,.F.,
  .F.,(2,2),(0.,4.131721696986E-02),.PIECEWISE_BEZIER_KNOTS.);
#3826 = CARTESIAN_POINT('',(0.,1.));
#3827 = CARTESIAN_POINT('',(6.671082108302E-02,1.));
#3828 = ( GEOMETRIC_REPRESENTATION_CONTEXT(2) 
PARAMETRIC_REPRESENTATION_CONTEXT() REPRESENTATION_CONTEXT('2D SPACE',''
  ) );
#3829 = PCURVE('',#3652,#3830);
#3830 = DEFINITIONAL_REPRESENTATION('',(#3831),#3873);
#3831 = B_SPLINE_CURVE_WITH_KNOTS('',3,(#3832,#3833,#3834,#3835,#3836,
    #3837,#3838,#3839,#3840,#3841,#3842,#3843,#3844,#3845,#3846,#3847,
    #3848,#3849,#3850,#3851,#3852,#3853,#3854,#3855,#3856,#3857,#3858,
    #3859,#3860,#3861,#3862,#3863,#3864,#3865,#3866,#3867,#3868,#3869,
    #3870,#3871,#3872),.UNSPECIFIED.,.F.,.F.,(4,1,1,1,1,1,1,1,1,1,1,1,1,
    1,1,1,1,1,1,1,1,1,1,1,1,1,1,1,1,1,1,1,1,1,1,1,1,1,4),(0.,
    4.481449735438E-04,1.000118307041E-03,1.760168699771E-03,
    2.830393161085E-03,4.071345401174E-03,5.349855305293E-03,
    6.627616654702E-03,7.898051317837E-03,9.160381844213E-03,
    1.041447570473E-02,1.165988228552E-02,1.28960961035E-02,
    1.412417490292E-02,1.534654694099E-02,1.656696050229E-02,
    1.778749304225E-02,1.900956000214E-02,2.023308592092E-02,
    2.145744366901E-02,2.268170503348E-02,2.390413172236E-02,
    2.512426082582E-02,2.634179879873E-02,2.755567711417E-02,
    2.876497519619E-02,2.996879551298E-02,3.116566313924E-02,
    3.235272854509E-02,3.352698917711E-02,3.468383758031E-02,
    3.581614574573E-02,3.691344492391E-02,3.796076524066E-02,
    3.893135742551E-02,3.978551670802E-02,4.04769456146E-02,
    4.09811790929E-02,4.131721696986E-02),.UNSPECIFIED.);
#3832 = CARTESIAN_POINT('',(40.64549744029,8.129116152763E-02));
#3833 = CARTESIAN_POINT('',(40.498691655662,0.108913678366));
#3834 = CARTESIAN_POINT('',(40.170972855037,0.170051245471));
#3835 = CARTESIAN_POINT('',(39.594019468913,0.27667654092));
#3836 = CARTESIAN_POINT('',(38.813599441247,0.423353235273));
#3837 = CARTESIAN_POINT('',(37.808157840502,0.61608145785));
#3838 = CARTESIAN_POINT('',(36.634216679595,0.84766929849));
#3839 = CARTESIAN_POINT('',(35.392992010403,1.095582260567));
#3840 = CARTESIAN_POINT('',(34.142051286428,1.345028998634));
#3841 = CARTESIAN_POINT('',(32.895621317542,1.589506513327));
#3842 = CARTESIAN_POINT('',(31.655634639345,1.825760819061));
#3843 = CARTESIAN_POINT('',(30.422414576994,2.0528591715));
#3844 = CARTESIAN_POINT('',(29.19562726518,2.266573228608));
#3845 = CARTESIAN_POINT('',(27.975000633552,2.464653669849));
#3846 = CARTESIAN_POINT('',(26.759719273854,2.647235602945));
#3847 = CARTESIAN_POINT('',(25.54729777193,2.812710764469));
#3848 = CARTESIAN_POINT('',(24.335112248639,2.960411962429));
#3849 = CARTESIAN_POINT('',(23.120992845964,3.090262426599));
#3850 = CARTESIAN_POINT('',(21.904238461444,3.204210248546));
#3851 = CARTESIAN_POINT('',(20.684721717247,3.30109496666));
#3852 = CARTESIAN_POINT('',(19.463189991282,3.380253903783));
#3853 = CARTESIAN_POINT('',(18.240942748629,3.440535615818));
#3854 = CARTESIAN_POINT('',(17.01927970239,3.48091167));
#3855 = CARTESIAN_POINT('',(15.799333577178,3.500000141903));
#3856 = CARTESIAN_POINT('',(14.582084735028,3.496954186183));
#3857 = CARTESIAN_POINT('',(13.368722451432,3.470446134186));
#3858 = CARTESIAN_POINT('',(12.160715359329,3.419372366349));
#3859 = CARTESIAN_POINT('',(10.959721297235,3.342915062773));
#3860 = CARTESIAN_POINT('',(9.768147574901,3.239778043112));
#3861 = CARTESIAN_POINT('',(8.589242856367,3.10847644121));
#3862 = CARTESIAN_POINT('',(7.427482868145,2.947335624395));
#3863 = CARTESIAN_POINT('',(6.289067913673,2.754271721394));
#3864 = CARTESIAN_POINT('',(5.183028483156,2.527362793811));
#3865 = CARTESIAN_POINT('',(4.122303922494,2.265176857254));
#3866 = CARTESIAN_POINT('',(3.126802558309,1.968052047053));
#3867 = CARTESIAN_POINT('',(2.226101056684,1.641936356132));
#3868 = CARTESIAN_POINT('',(1.458460636544,1.301336761584));
#3869 = CARTESIAN_POINT('',(0.860658744117,0.969175516341));
#3870 = CARTESIAN_POINT('',(0.442092594208,0.672441693537));
#3871 = CARTESIAN_POINT('',(0.243425887781,0.474868789312));
#3872 = CARTESIAN_POINT('',(0.170229154905,0.389149234471));
#3873 = ( GEOMETRIC_REPRESENTATION_CONTEXT(2) 
PARAMETRIC_REPRESENTATION_CONTEXT() REPRESENTATION_CONTEXT('2D SPACE',''
  ) );
#3874 = ORIENTED_EDGE('',*,*,#3720,.F.);
#3875 = ADVANCED_FACE('',(#3876),#183,.T.);
#3876 = FACE_BOUND('',#3877,.T.);
#3877 = EDGE_LOOP('',(#3878,#3879,#3880));
#3878 = ORIENTED_EDGE('',*,*,#39,.T.);
#3879 = ORIENTED_EDGE('',*,*,#423,.T.);
#3880 = ORIENTED_EDGE('',*,*,#576,.T.);
#3881 = ADVANCED_FACE('',(#3882),#3652,.F.);
#3882 = FACE_BOUND('',#3883,.F.);
#3883 = EDGE_LOOP('',(#3884,#3885,#3886));
#3884 = ORIENTED_EDGE('',*,*,#3597,.T.);
#3885 = ORIENTED_EDGE('',*,*,#3740,.T.);
#3886 = ORIENTED_EDGE('',*,*,#3779,.T.);
#3887 = ( GEOMETRIC_REPRESENTATION_CONTEXT(3) 
GLOBAL_UNCERTAINTY_ASSIGNED_CONTEXT((#3891)) 
GLOBAL_UNIT_ASSIGNED_CONTEXT((#3888,#3889,#3890)) REPRESENTATION_CONTEXT
('Context #1','3D Context with UNIT and UNCERTAINTY') );
#3888 = ( LENGTH_UNIT() NAMED_UNIT(*) SI_UNIT(.MILLI.,.METRE.) );
#3889 = ( NAMED_UNIT(*) PLANE_ANGLE_UNIT() SI_UNIT($,.RADIAN.) );
#3890 = ( NAMED_UNIT(*) SI_UNIT($,.STERADIAN.) SOLID_ANGLE_UNIT() );
#3891 = UNCERTAINTY_MEASURE_WITH_UNIT(LENGTH_MEASURE(2.E-03),#3888,
  'distance_accuracy_value','confusion accuracy');
#3892 = CONTEXT_DEPENDENT_SHAPE_REPRESENTATION(#3893,#3895);
#3893 = ( REPRESENTATION_RELATIONSHIP('','',#32,#10) 
REPRESENTATION_RELATIONSHIP_WITH_TRANSFORMATION(#3894) 
SHAPE_REPRESENTATION_RELATIONSHIP() );
#3894 = ITEM_DEFINED_TRANSFORMATION('','',#11,#15);
#3895 = PRODUCT_DEFINITION_SHAPE('Placement','Placement of an item',
  #3896);
#3896 = NEXT_ASSEMBLY_USAGE_OCCURRENCE('1','Blade','',#5,#27,$);
#3897 = PRODUCT_RELATED_PRODUCT_CATEGORY('part',$,(#29));
ENDSEC;
END-ISO-10303-21;
