ISO-10303-21;
HEADER;
FILE_DESCRIPTION(('Open CASCADE Model'),'2;1');
FILE_NAME('Open CASCADE Shape Model','2026-09-10T15:56:19',('Author'),(
    'Open CASCADE'),'Open CASCADE STEP processor 7.9','Open CASCADE 7.9'
  ,'Unknown');
FILE_SCHEMA(('AUTOMOTIVE_DESIGN { 1 0 10303 214 1 1 1 1 }'));
ENDSEC;
DATA;
#1 = APPLICATION_PROTOCOL_DEFINITION('international standard',
  'automotive_design',2000,#2);
#2 = APPLICATION_CONTEXT(
  'core data for automotive mechanical design processes');
#3 = SHAPE_DEFINITION_REPRESENTATION(#4,#10);
#4 = PRODUCT_DEFINITION_SHAPE('','',#5);
#5 = PRODUCT_DEFINITION('design','',#6,#9);
#6 = PRODUCT_DEFINITION_FORMATION('','',#7);
#7 = PRODUCT('Open CASCADE STEP translator 7.9 1',
  'Open CASCADE STEP translator 7.9 1','',(#8));
#8 = PRODUCT_CONTEXT('',#2,'mechanical');
#9 = PRODUCT_DEFINITION_CONTEXT('part definition',#2,'design');
#10 = ADVANCED_BREP_SHAPE_REPRESENTATION('',(#11,#15),#2159);
#11 = AXIS2_PLACEMENT_3D('',#12,#13,#14);
#12 = CARTESIAN_POINT('',(0.,0.,0.));
#13 = DIRECTION('',(0.,0.,1.));
#14 = DIRECTION('',(1.,0.,-0.));
#15 = MANIFOLD_SOLID_BREP('',#16);
#16 = CLOSED_SHELL('',(#17,#2100,#2149,#2154));
#17 = ADVANCED_FACE('',(#18),#111,.F.);
#18 = FACE_BOUND('',#19,.F.);
#19 = EDGE_LOOP('',(#20,#1766,#1880,#2065));
#20 = ORIENTED_EDGE('',*,*,#21,.T.);
#21 = EDGE_CURVE('',#22,#24,#26,.T.);
#22 = VERTEX_POINT('',#23);
#23 = CARTESIAN_POINT('',(36.220080386211,126.625,-136.1758915162));
#24 = VERTEX_POINT('',#25);
#25 = CARTESIAN_POINT('',(35.947731639481,126.625,-136.2483454498));
#26 = SURFACE_CURVE('',#27,(#110,#1675),.PCURVE_S1.);
#27 = B_SPLINE_CURVE_WITH_KNOTS('',3,(#28,#29,#30,#31,#32,#33,#34,#35,
    #36,#37,#38,#39,#40,#41,#42,#43,#44,#45,#46,#47,#48,#49,#50,#51,#52,
    #53,#54,#55,#56,#57,#58,#59,#60,#61,#62,#63,#64,#65,#66,#67,#68,#69,
    #70,#71,#72,#73,#74,#75,#76,#77,#78,#79,#80,#81,#82,#83,#84,#85,#86,
    #87,#88,#89,#90,#91,#92,#93,#94,#95,#96,#97,#98,#99,#100,#101,#102,
    #103,#104,#105,#106,#107,#108,#109),.UNSPECIFIED.,.F.,.F.,(4,1,1,1,1
    ,1,1,1,1,1,1,1,1,1,1,1,1,1,1,1,1,1,1,1,1,1,1,1,1,1,1,1,1,1,1,1,1,1,1
    ,1,1,1,1,1,1,1,1,1,1,1,1,1,1,1,1,1,1,1,1,1,1,1,1,1,1,1,1,1,1,1,1,1,1
    ,1,1,1,1,1,1,4),(0.,5.422953820372E-03,1.21023233868E-02,
    2.1299610926E-02,3.425028129778E-02,4.9266910042E-02,
    6.473802001361E-02,8.020007180571E-02,9.557346416021E-02,
    0.110848789233,0.126024443304,0.141094973543,0.156054263154,
    0.170915111786,0.185706903516,0.200474995931,0.215244528094,
    0.230032628107,0.244838382823,0.259654203416,0.274468857681,
    0.289261310735,0.304025960956,0.318759256188,0.3334482663,
    0.348081851503,0.362649150863,0.377132316467,0.391496866462,
    0.405706467275,0.419705364592,0.433407303148,0.446685601738,
    0.459359111535,0.471104142513,0.481440231542,0.489807137904,
    0.49590881265,0.499975170628,0.505115060436,0.505838362159,
    0.507193738157,0.508641923865,0.510535725782,0.513632491309,
    0.519015716851,0.527735896464,0.539504984117,0.553105924154,
    0.567577641218,0.582460494653,0.597550872241,0.612765663891,
    0.628068104915,0.643438035672,0.658863469361,0.674337924049,
    0.689843360692,0.705330806255,0.720794867955,0.736241271163,
    0.751671877873,0.767086525902,0.782483566852,0.797862487049,
    0.813218294608,0.828547471939,0.843847641278,0.859119355479,
    0.874365447795,0.889590205865,0.904789326753,0.919952227565,
    0.935084281155,0.950263728412,0.965463481984,0.978610849496,
    0.987879943172,0.994573825702,1.),.UNSPECIFIED.);
#28 = CARTESIAN_POINT('',(36.220080386211,126.625,-136.1758915162));
#29 = CARTESIAN_POINT('',(36.182836247961,126.625,-135.659353958));
#30 = CARTESIAN_POINT('',(36.097935306797,126.625,-134.5067365198));
#31 = CARTESIAN_POINT('',(35.945086397958,126.625,-132.4784295991));
#32 = CARTESIAN_POINT('',(35.746544364505,126.625,-129.7326599216));
#33 = CARTESIAN_POINT('',(35.503358686103,126.625,-126.1918665749));
#34 = CARTESIAN_POINT('',(35.241410408509,126.625,-122.0518776695));
#35 = CARTESIAN_POINT('',(34.974678872506,126.625,-117.6719094702));
#36 = CARTESIAN_POINT('',(34.70449565987,126.625,-113.258015582));
#37 = CARTESIAN_POINT('',(34.421644501931,126.625,-108.8636370652));
#38 = CARTESIAN_POINT('',(34.116926880488,126.625,-104.4981298543));
#39 = CARTESIAN_POINT('',(33.787502097296,126.625,-100.163402703));
#40 = CARTESIAN_POINT('',(33.418901049194,126.625,-95.8620760806));
#41 = CARTESIAN_POINT('',(33.003343164238,126.625,-91.595227318));
#42 = CARTESIAN_POINT('',(32.540560175847,126.625,-87.36000359332));
#43 = CARTESIAN_POINT('',(32.022962880124,126.625,-83.14949592499));
#44 = CARTESIAN_POINT('',(31.445994178244,126.625,-78.95549888295));
#45 = CARTESIAN_POINT('',(30.807477668566,126.625,-74.7708067823));
#46 = CARTESIAN_POINT('',(30.113323482344,126.625,-70.59134653116));
#47 = CARTESIAN_POINT('',(29.359528980625,126.625,-66.41771747869));
#48 = CARTESIAN_POINT('',(28.544533797068,126.625,-62.25301099384));
#49 = CARTESIAN_POINT('',(27.665627445013,126.625,-58.10260137114));
#50 = CARTESIAN_POINT('',(26.720512003404,126.625,-53.97175494318));
#51 = CARTESIAN_POINT('',(25.705556924406,126.625,-49.86549091445));
#52 = CARTESIAN_POINT('',(24.618790545897,126.625,-45.78784452198));
#53 = CARTESIAN_POINT('',(23.456814208011,126.625,-41.74397654839));
#54 = CARTESIAN_POINT('',(22.217227341304,126.625,-37.73978606436));
#55 = CARTESIAN_POINT('',(20.898754791114,126.625,-33.78155358528));
#56 = CARTESIAN_POINT('',(19.499180554823,126.625,-29.87849509285));
#57 = CARTESIAN_POINT('',(18.016400913127,126.625,-26.04281340563));
#58 = CARTESIAN_POINT('',(16.448758805659,126.625,-22.29099367762));
#59 = CARTESIAN_POINT('',(14.794759610463,126.625,-18.64565932288));
#60 = CARTESIAN_POINT('',(13.055921916161,126.625,-15.13879442337));
#61 = CARTESIAN_POINT('',(11.238980861356,126.625,-11.81499234095));
#62 = CARTESIAN_POINT('',(9.362357079646,126.625,-8.740853470126));
#63 = CARTESIAN_POINT('',(7.473225279973,126.625,-6.009706301093));
#64 = CARTESIAN_POINT('',(5.650643462369,126.625,-3.738730862609));
#65 = CARTESIAN_POINT('',(4.013784051193,126.625,-2.025888293078));
#66 = CARTESIAN_POINT('',(2.636347817523,126.625,-0.891716918014));
#67 = CARTESIAN_POINT('',(1.406684455464,126.625,-0.135767308163));
#68 = CARTESIAN_POINT('',(0.399537548624,126.625,0.146308044088));
#69 = CARTESIAN_POINT('',(-0.255042931474,126.625,-8.40246654634E-02));
#70 = CARTESIAN_POINT('',(-0.540439733862,126.625,-0.273584356615));
#71 = CARTESIAN_POINT('',(-0.819327759444,126.625,-0.636975857296));
#72 = CARTESIAN_POINT('',(-0.989121361122,126.625,-1.238941527052));
#73 = CARTESIAN_POINT('',(-1.033629213078,126.625,-2.23183772951));
#74 = CARTESIAN_POINT('',(-0.900862787647,126.625,-3.872161841713));
#75 = CARTESIAN_POINT('',(-0.487615553903,126.625,-6.309907402328));
#76 = CARTESIAN_POINT('',(0.210237493236,126.625,-9.490401671052));
#77 = CARTESIAN_POINT('',(1.135892803767,126.625,-13.18125913927));
#78 = CARTESIAN_POINT('',(2.209953351561,126.625,-17.14043698039));
#79 = CARTESIAN_POINT('',(3.370805554954,126.625,-21.22305285396));
#80 = CARTESIAN_POINT('',(4.587399522122,126.625,-25.36338971343));
#81 = CARTESIAN_POINT('',(5.84302586699,126.625,-29.53390148162));
#82 = CARTESIAN_POINT('',(7.126123505659,126.625,-33.72395927138));
#83 = CARTESIAN_POINT('',(8.428813779958,126.625,-37.92902482852));
#84 = CARTESIAN_POINT('',(9.745679482769,126.625,-42.14688149375));
#85 = CARTESIAN_POINT('',(11.071572767916,126.625,-46.37547060611));
#86 = CARTESIAN_POINT('',(12.397989772815,126.625,-50.61010142762));
#87 = CARTESIAN_POINT('',(13.722618308923,126.625,-54.84425241236));
#88 = CARTESIAN_POINT('',(15.041103453818,126.625,-59.0744168844));
#89 = CARTESIAN_POINT('',(16.351458718202,126.625,-63.30142484636));
#90 = CARTESIAN_POINT('',(17.653397874672,126.625,-67.52609560791));
#91 = CARTESIAN_POINT('',(18.945158303723,126.625,-71.74896180001));
#92 = CARTESIAN_POINT('',(20.225245475175,126.625,-75.97022469522));
#93 = CARTESIAN_POINT('',(21.49219474383,126.625,-80.18958391513));
#94 = CARTESIAN_POINT('',(22.74415198802,126.625,-84.40665858968));
#95 = CARTESIAN_POINT('',(23.978121978076,126.625,-88.62119907063));
#96 = CARTESIAN_POINT('',(25.191938450823,126.625,-92.83323508873));
#97 = CARTESIAN_POINT('',(26.382518957871,126.625,-97.04365862955));
#98 = CARTESIAN_POINT('',(27.547352180309,126.625,-101.2538111382));
#99 = CARTESIAN_POINT('',(28.684632508657,126.625,-105.4643117791));
#100 = CARTESIAN_POINT('',(29.793448825868,126.625,-109.6741847458));
#101 = CARTESIAN_POINT('',(30.871438498302,126.625,-113.882927134));
#102 = CARTESIAN_POINT('',(31.915194232917,126.625,-118.0983720566));
#103 = CARTESIAN_POINT('',(32.919817362867,126.625,-122.3269481426));
#104 = CARTESIAN_POINT('',(33.841001608565,126.625,-126.3803195321));
#105 = CARTESIAN_POINT('',(34.609417373429,126.625,-129.889458628));
#106 = CARTESIAN_POINT('',(35.185143264896,126.625,-132.6091620874));
#107 = CARTESIAN_POINT('',(35.60221982441,126.625,-134.6087351275));
#108 = CARTESIAN_POINT('',(35.840305510412,126.625,-135.7414170758));
#109 = CARTESIAN_POINT('',(35.947731639481,126.625,-136.2483454498));
#110 = PCURVE('',#111,#1670);
#111 = ( BOUNDED_SURFACE() B_SPLINE_SURFACE(3,3,(
    (#112,#113,#114,#115,#116,#117,#118,#119,#120,#121,#122,#123,#124
      ,#125,#126,#127,#128,#129,#130)
    ,(#131,#132,#133,#134,#135,#136,#137,#138,#139,#140,#141,#142,#143
      ,#144,#145,#146,#147,#148,#149)
    ,(#150,#151,#152,#153,#154,#155,#156,#157,#158,#159,#160,#161,#162
      ,#163,#164,#165,#166,#167,#168)
    ,(#169,#170,#171,#172,#173,#174,#175,#176,#177,#178,#179,#180,#181
      ,#182,#183,#184,#185,#186,#187)
    ,(#188,#189,#190,#191,#192,#193,#194,#195,#196,#197,#198,#199,#200
      ,#201,#202,#203,#204,#205,#206)
    ,(#207,#208,#209,#210,#211,#212,#213,#214,#215,#216,#217,#218,#219
      ,#220,#221,#222,#223,#224,#225)
    ,(#226,#227,#228,#229,#230,#231,#232,#233,#234,#235,#236,#237,#238
      ,#239,#240,#241,#242,#243,#244)
    ,(#245,#246,#247,#248,#249,#250,#251,#252,#253,#254,#255,#256,#257
      ,#258,#259,#260,#261,#262,#263)
    ,(#264,#265,#266,#267,#268,#269,#270,#271,#272,#273,#274,#275,#276
      ,#277,#278,#279,#280,#281,#282)
    ,(#283,#284,#285,#286,#287,#288,#289,#290,#291,#292,#293,#294,#295
      ,#296,#297,#298,#299,#300,#301)
    ,(#302,#303,#304,#305,#306,#307,#308,#309,#310,#311,#312,#313,#314
      ,#315,#316,#317,#318,#319,#320)
    ,(#321,#322,#323,#324,#325,#326,#327,#328,#329,#330,#331,#332,#333
      ,#334,#335,#336,#337,#338,#339)
    ,(#340,#341,#342,#343,#344,#345,#346,#347,#348,#349,#350,#351,#352
      ,#353,#354,#355,#356,#357,#358)
    ,(#359,#360,#361,#362,#363,#364,#365,#366,#367,#368,#369,#370,#371
      ,#372,#373,#374,#375,#376,#377)
    ,(#378,#379,#380,#381,#382,#383,#384,#385,#386,#387,#388,#389,#390
      ,#391,#392,#393,#394,#395,#396)
    ,(#397,#398,#399,#400,#401,#402,#403,#404,#405,#406,#407,#408,#409
      ,#410,#411,#412,#413,#414,#415)
    ,(#416,#417,#418,#419,#420,#421,#422,#423,#424,#425,#426,#427,#428
      ,#429,#430,#431,#432,#433,#434)
    ,(#435,#436,#437,#438,#439,#440,#441,#442,#443,#444,#445,#446,#447
      ,#448,#449,#450,#451,#452,#453)
    ,(#454,#455,#456,#457,#458,#459,#460,#461,#462,#463,#464,#465,#466
      ,#467,#468,#469,#470,#471,#472)
    ,(#473,#474,#475,#476,#477,#478,#479,#480,#481,#482,#483,#484,#485
      ,#486,#487,#488,#489,#490,#491)
    ,(#492,#493,#494,#495,#496,#497,#498,#499,#500,#501,#502,#503,#504
      ,#505,#506,#507,#508,#509,#510)
    ,(#511,#512,#513,#514,#515,#516,#517,#518,#519,#520,#521,#522,#523
      ,#524,#525,#526,#527,#528,#529)
    ,(#530,#531,#532,#533,#534,#535,#536,#537,#538,#539,#540,#541,#542
      ,#543,#544,#545,#546,#547,#548)
    ,(#549,#550,#551,#552,#553,#554,#555,#556,#557,#558,#559,#560,#561
      ,#562,#563,#564,#565,#566,#567)
    ,(#568,#569,#570,#571,#572,#573,#574,#575,#576,#577,#578,#579,#580
      ,#581,#582,#583,#584,#585,#586)
    ,(#587,#588,#589,#590,#591,#592,#593,#594,#595,#596,#597,#598,#599
      ,#600,#601,#602,#603,#604,#605)
    ,(#606,#607,#608,#609,#610,#611,#612,#613,#614,#615,#616,#617,#618
      ,#619,#620,#621,#622,#623,#624)
    ,(#625,#626,#627,#628,#629,#630,#631,#632,#633,#634,#635,#636,#637
      ,#638,#639,#640,#641,#642,#643)
    ,(#644,#645,#646,#647,#648,#649,#650,#651,#652,#653,#654,#655,#656
      ,#657,#658,#659,#660,#661,#662)
    ,(#663,#664,#665,#666,#667,#668,#669,#670,#671,#672,#673,#674,#675
      ,#676,#677,#678,#679,#680,#681)
    ,(#682,#683,#684,#685,#686,#687,#688,#689,#690,#691,#692,#693,#694
      ,#695,#696,#697,#698,#699,#700)
    ,(#701,#702,#703,#704,#705,#706,#707,#708,#709,#710,#711,#712,#713
      ,#714,#715,#716,#717,#718,#719)
    ,(#720,#721,#722,#723,#724,#725,#726,#727,#728,#729,#730,#731,#732
      ,#733,#734,#735,#736,#737,#738)
    ,(#739,#740,#741,#742,#743,#744,#745,#746,#747,#748,#749,#750,#751
      ,#752,#753,#754,#755,#756,#757)
    ,(#758,#759,#760,#761,#762,#763,#764,#765,#766,#767,#768,#769,#770
      ,#771,#772,#773,#774,#775,#776)
    ,(#777,#778,#779,#780,#781,#782,#783,#784,#785,#786,#787,#788,#789
      ,#790,#791,#792,#793,#794,#795)
    ,(#796,#797,#798,#799,#800,#801,#802,#803,#804,#805,#806,#807,#808
      ,#809,#810,#811,#812,#813,#814)
    ,(#815,#816,#817,#818,#819,#820,#821,#822,#823,#824,#825,#826,#827
      ,#828,#829,#830,#831,#832,#833)
    ,(#834,#835,#836,#837,#838,#839,#840,#841,#842,#843,#844,#845,#846
      ,#847,#848,#849,#850,#851,#852)
    ,(#853,#854,#855,#856,#857,#858,#859,#860,#861,#862,#863,#864,#865
      ,#866,#867,#868,#869,#870,#871)
    ,(#872,#873,#874,#875,#876,#877,#878,#879,#880,#881,#882,#883,#884
      ,#885,#886,#887,#888,#889,#890)
    ,(#891,#892,#893,#894,#895,#896,#897,#898,#899,#900,#901,#902,#903
      ,#904,#905,#906,#907,#908,#909)
    ,(#910,#911,#912,#913,#914,#915,#916,#917,#918,#919,#920,#921,#922
      ,#923,#924,#925,#926,#927,#928)
    ,(#929,#930,#931,#932,#933,#934,#935,#936,#937,#938,#939,#940,#941
      ,#942,#943,#944,#945,#946,#947)
    ,(#948,#949,#950,#951,#952,#953,#954,#955,#956,#957,#958,#959,#960
      ,#961,#962,#963,#964,#965,#966)
    ,(#967,#968,#969,#970,#971,#972,#973,#974,#975,#976,#977,#978,#979
      ,#980,#981,#982,#983,#984,#985)
    ,(#986,#987,#988,#989,#990,#991,#992,#993,#994,#995,#996,#997,#998
      ,#999,#1000,#1001,#1002,#1003,#1004)
    ,(#1005,#1006,#1007,#1008,#1009,#1010,#1011,#1012,#1013,#1014,#1015
      ,#1016,#1017,#1018,#1019,#1020,#1021,#1022,#1023)
    ,(#1024,#1025,#1026,#1027,#1028,#1029,#1030,#1031,#1032,#1033,#1034
      ,#1035,#1036,#1037,#1038,#1039,#1040,#1041,#1042)
    ,(#1043,#1044,#1045,#1046,#1047,#1048,#1049,#1050,#1051,#1052,#1053
      ,#1054,#1055,#1056,#1057,#1058,#1059,#1060,#1061)
    ,(#1062,#1063,#1064,#1065,#1066,#1067,#1068,#1069,#1070,#1071,#1072
      ,#1073,#1074,#1075,#1076,#1077,#1078,#1079,#1080)
    ,(#1081,#1082,#1083,#1084,#1085,#1086,#1087,#1088,#1089,#1090,#1091
      ,#1092,#1093,#1094,#1095,#1096,#1097,#1098,#1099)
    ,(#1100,#1101,#1102,#1103,#1104,#1105,#1106,#1107,#1108,#1109,#1110
      ,#1111,#1112,#1113,#1114,#1115,#1116,#1117,#1118)
    ,(#1119,#1120,#1121,#1122,#1123,#1124,#1125,#1126,#1127,#1128,#1129
      ,#1130,#1131,#1132,#1133,#1134,#1135,#1136,#1137)
    ,(#1138,#1139,#1140,#1141,#1142,#1143,#1144,#1145,#1146,#1147,#1148
      ,#1149,#1150,#1151,#1152,#1153,#1154,#1155,#1156)
    ,(#1157,#1158,#1159,#1160,#1161,#1162,#1163,#1164,#1165,#1166,#1167
      ,#1168,#1169,#1170,#1171,#1172,#1173,#1174,#1175)
    ,(#1176,#1177,#1178,#1179,#1180,#1181,#1182,#1183,#1184,#1185,#1186
      ,#1187,#1188,#1189,#1190,#1191,#1192,#1193,#1194)
    ,(#1195,#1196,#1197,#1198,#1199,#1200,#1201,#1202,#1203,#1204,#1205
      ,#1206,#1207,#1208,#1209,#1210,#1211,#1212,#1213)
    ,(#1214,#1215,#1216,#1217,#1218,#1219,#1220,#1221,#1222,#1223,#1224
      ,#1225,#1226,#1227,#1228,#1229,#1230,#1231,#1232)
    ,(#1233,#1234,#1235,#1236,#1237,#1238,#1239,#1240,#1241,#1242,#1243
      ,#1244,#1245,#1246,#1247,#1248,#1249,#1250,#1251)
    ,(#1252,#1253,#1254,#1255,#1256,#1257,#1258,#1259,#1260,#1261,#1262
      ,#1263,#1264,#1265,#1266,#1267,#1268,#1269,#1270)
    ,(#1271,#1272,#1273,#1274,#1275,#1276,#1277,#1278,#1279,#1280,#1281
      ,#1282,#1283,#1284,#1285,#1286,#1287,#1288,#1289)
    ,(#1290,#1291,#1292,#1293,#1294,#1295,#1296,#1297,#1298,#1299,#1300
      ,#1301,#1302,#1303,#1304,#1305,#1306,#1307,#1308)
    ,(#1309,#1310,#1311,#1312,#1313,#1314,#1315,#1316,#1317,#1318,#1319
      ,#1320,#1321,#1322,#1323,#1324,#1325,#1326,#1327)
    ,(#1328,#1329,#1330,#1331,#1332,#1333,#1334,#1335,#1336,#1337,#1338
      ,#1339,#1340,#1341,#1342,#1343,#1344,#1345,#1346)
    ,(#1347,#1348,#1349,#1350,#1351,#1352,#1353,#1354,#1355,#1356,#1357
      ,#1358,#1359,#1360,#1361,#1362,#1363,#1364,#1365)
    ,(#1366,#1367,#1368,#1369,#1370,#1371,#1372,#1373,#1374,#1375,#1376
      ,#1377,#1378,#1379,#1380,#1381,#1382,#1383,#1384)
    ,(#1385,#1386,#1387,#1388,#1389,#1390,#1391,#1392,#1393,#1394,#1395
      ,#1396,#1397,#1398,#1399,#1400,#1401,#1402,#1403)
    ,(#1404,#1405,#1406,#1407,#1408,#1409,#1410,#1411,#1412,#1413,#1414
      ,#1415,#1416,#1417,#1418,#1419,#1420,#1421,#1422)
    ,(#1423,#1424,#1425,#1426,#1427,#1428,#1429,#1430,#1431,#1432,#1433
      ,#1434,#1435,#1436,#1437,#1438,#1439,#1440,#1441)
    ,(#1442,#1443,#1444,#1445,#1446,#1447,#1448,#1449,#1450,#1451,#1452
      ,#1453,#1454,#1455,#1456,#1457,#1458,#1459,#1460)
    ,(#1461,#1462,#1463,#1464,#1465,#1466,#1467,#1468,#1469,#1470,#1471
      ,#1472,#1473,#1474,#1475,#1476,#1477,#1478,#1479)
    ,(#1480,#1481,#1482,#1483,#1484,#1485,#1486,#1487,#1488,#1489,#1490
      ,#1491,#1492,#1493,#1494,#1495,#1496,#1497,#1498)
    ,(#1499,#1500,#1501,#1502,#1503,#1504,#1505,#1506,#1507,#1508,#1509
      ,#1510,#1511,#1512,#1513,#1514,#1515,#1516,#1517)
    ,(#1518,#1519,#1520,#1521,#1522,#1523,#1524,#1525,#1526,#1527,#1528
      ,#1529,#1530,#1531,#1532,#1533,#1534,#1535,#1536)
    ,(#1537,#1538,#1539,#1540,#1541,#1542,#1543,#1544,#1545,#1546,#1547
      ,#1548,#1549,#1550,#1551,#1552,#1553,#1554,#1555)
    ,(#1556,#1557,#1558,#1559,#1560,#1561,#1562,#1563,#1564,#1565,#1566
      ,#1567,#1568,#1569,#1570,#1571,#1572,#1573,#1574)
    ,(#1575,#1576,#1577,#1578,#1579,#1580,#1581,#1582,#1583,#1584,#1585
      ,#1586,#1587,#1588,#1589,#1590,#1591,#1592,#1593)
    ,(#1594,#1595,#1596,#1597,#1598,#1599,#1600,#1601,#1602,#1603,#1604
      ,#1605,#1606,#1607,#1608,#1609,#1610,#1611,#1612)
    ,(#1613,#1614,#1615,#1616,#1617,#1618,#1619,#1620,#1621,#1622,#1623
      ,#1624,#1625,#1626,#1627,#1628,#1629,#1630,#1631)
    ,(#1632,#1633,#1634,#1635,#1636,#1637,#1638,#1639,#1640,#1641,#1642
      ,#1643,#1644,#1645,#1646,#1647,#1648,#1649,#1650)
    ,(#1651,#1652,#1653,#1654,#1655,#1656,#1657,#1658,#1659,#1660,#1661
      ,#1662,#1663,#1664,#1665,#1666,#1667,#1668,#1669
)),.UNSPECIFIED.,.F.,.F.,.F.) B_SPLINE_SURFACE_WITH_KNOTS((4,1,1,1,1,1,1
    ,1,1,1,1,1,1,1,1,1,1,1,1,1,1,1,1,1,1,1,1,1,1,1,1,1,1,1,1,1,1,1,1,1,1
    ,1,1,1,1,1,1,1,1,1,1,1,1,1,1,1,1,1,1,1,1,1,1,1,1,1,1,1,1,1,1,1,1,1,1
    ,1,1,1,1,4),(4,1,1,1,1,1,1,1,1,1,1,1,1,1,1,1,4),(0.,
    5.422953820372E-03,1.21023233868E-02,2.1299610926E-02,
    3.425028129778E-02,4.9266910042E-02,6.473802001361E-02,
    8.020007180571E-02,9.557346416021E-02,0.110848789233,0.126024443304,
    0.141094973543,0.156054263154,0.170915111786,0.185706903516,
    0.200474995931,0.215244528094,0.230032628107,0.244838382823,
    0.259654203416,0.274468857681,0.289261310735,0.304025960956,
    0.318759256188,0.3334482663,0.348081851503,0.362649150863,
    0.377132316467,0.391496866462,0.405706467275,0.419705364592,
    0.433407303148,0.446685601738,0.459359111535,0.471104142513,
    0.481440231542,0.489807137904,0.49590881265,0.499975170628,
    0.505115060436,0.505838362159,0.507193738157,0.508641923865,
    0.510535725782,0.513632491309,0.519015716851,0.527735896464,
    0.539504984117,0.553105924154,0.567577641218,0.582460494653,
    0.597550872241,0.612765663891,0.628068104915,0.643438035672,
    0.658863469361,0.674337924049,0.689843360692,0.705330806255,
    0.720794867955,0.736241271163,0.751671877873,0.767086525902,
    0.782483566852,0.797862487049,0.813218294608,0.828547471939,
    0.843847641278,0.859119355479,0.874365447795,0.889590205865,
    0.904789326753,0.919952227565,0.935084281155,0.950263728412,
    0.965463481984,0.978610849496,0.987879943172,0.994573825702,1.),(0.,
    6.25E-02,0.125,0.1875,0.25,0.3125,0.375,0.4375,0.5,0.5625,0.625,
    0.6875,0.75,0.8125,0.875,0.9375,1.),.UNSPECIFIED.) 
GEOMETRIC_REPRESENTATION_ITEM() RATIONAL_B_SPLINE_SURFACE((
    (1.,1.,1.,1.,1.,1.,1.,1.,1.,1.,1.,1.,1.,1.,1.,1.,1.,1.,1.)
    ,(1.,1.,1.,1.,1.,1.,1.,1.,1.,1.,1.,1.,1.,1.,1.,1.,1.,1.,1.)
    ,(1.,1.,1.,1.,1.,1.,1.,1.,1.,1.,1.,1.,1.,1.,1.,1.,1.,1.,1.)
    ,(1.,1.,1.,1.,1.,1.,1.,1.,1.,1.,1.,1.,1.,1.,1.,1.,1.,1.,1.)
    ,(1.,1.,1.,1.,1.,1.,1.,1.,1.,1.,1.,1.,1.,1.,1.,1.,1.,1.,1.)
    ,(1.,1.,1.,1.,1.,1.,1.,1.,1.,1.,1.,1.,1.,1.,1.,1.,1.,1.,1.)
    ,(1.,1.,1.,1.,1.,1.,1.,1.,1.,1.,1.,1.,1.,1.,1.,1.,1.,1.,1.)
    ,(1.,1.,1.,1.,1.,1.,1.,1.,1.,1.,1.,1.,1.,1.,1.,1.,1.,1.,1.)
    ,(1.,1.,1.,1.,1.,1.,1.,1.,1.,1.,1.,1.,1.,1.,1.,1.,1.,1.,1.)
    ,(1.,1.,1.,1.,1.,1.,1.,1.,1.,1.,1.,1.,1.,1.,1.,1.,1.,1.,1.)
    ,(1.,1.,1.,1.,1.,1.,1.,1.,1.,1.,1.,1.,1.,1.,1.,1.,1.,1.,1.)
    ,(1.,1.,1.,1.,1.,1.,1.,1.,1.,1.,1.,1.,1.,1.,1.,1.,1.,1.,1.)
    ,(1.,1.,1.,1.,1.,1.,1.,1.,1.,1.,1.,1.,1.,1.,1.,1.,1.,1.,1.)
    ,(1.,1.,1.,1.,1.,1.,1.,1.,1.,1.,1.,1.,1.,1.,1.,1.,1.,1.,1.)
    ,(1.,1.,1.,1.,1.,1.,1.,1.,1.,1.,1.,1.,1.,1.,1.,1.,1.,1.,1.)
    ,(1.,1.,1.,1.,1.,1.,1.,1.,1.,1.,1.,1.,1.,1.,1.,1.,1.,1.,1.)
    ,(1.,1.,1.,1.,1.,1.,1.,1.,1.,1.,1.,1.,1.,1.,1.,1.,1.,1.,1.)
    ,(1.,1.,1.,1.,1.,1.,1.,1.,1.,1.,1.,1.,1.,1.,1.,1.,1.,1.,1.)
    ,(1.,1.,1.,1.,1.,1.,1.,1.,1.,1.,1.,1.,1.,1.,1.,1.,1.,1.,1.)
    ,(1.,1.,1.,1.,1.,1.,1.,1.,1.,1.,1.,1.,1.,1.,1.,1.,1.,1.,1.)
    ,(1.,1.,1.,1.,1.,1.,1.,1.,1.,1.,1.,1.,1.,1.,1.,1.,1.,1.,1.)
    ,(1.,1.,1.,1.,1.,1.,1.,1.,1.,1.,1.,1.,1.,1.,1.,1.,1.,1.,1.)
    ,(1.,1.,1.,1.,1.,1.,1.,1.,1.,1.,1.,1.,1.,1.,1.,1.,1.,1.,1.)
    ,(1.,1.,1.,1.,1.,1.,1.,1.,1.,1.,1.,1.,1.,1.,1.,1.,1.,1.,1.)
    ,(1.,1.,1.,1.,1.,1.,1.,1.,1.,1.,1.,1.,1.,1.,1.,1.,1.,1.,1.)
    ,(1.,1.,1.,1.,1.,1.,1.,1.,1.,1.,1.,1.,1.,1.,1.,1.,1.,1.,1.)
    ,(1.,1.,1.,1.,1.,1.,1.,1.,1.,1.,1.,1.,1.,1.,1.,1.,1.,1.,1.)
    ,(1.,1.,1.,1.,1.,1.,1.,1.,1.,1.,1.,1.,1.,1.,1.,1.,1.,1.,1.)
    ,(1.,1.,1.,1.,1.,1.,1.,1.,1.,1.,1.,1.,1.,1.,1.,1.,1.,1.,1.)
    ,(1.,1.,1.,1.,1.,1.,1.,1.,1.,1.,1.,1.,1.,1.,1.,1.,1.,1.,1.)
    ,(1.,1.,1.,1.,1.,1.,1.,1.,1.,1.,1.,1.,1.,1.,1.,1.,1.,1.,1.)
    ,(1.,1.,1.,1.,1.,1.,1.,1.,1.,1.,1.,1.,1.,1.,1.,1.,1.,1.,1.)
    ,(1.,1.,1.,1.,1.,1.,1.,1.,1.,1.,1.,1.,1.,1.,1.,1.,1.,1.,1.)
    ,(1.,1.,1.,1.,1.,1.,1.,1.,1.,1.,1.,1.,1.,1.,1.,1.,1.,1.,1.)
    ,(1.,1.,1.,1.,1.,1.,1.,1.,1.,1.,1.,1.,1.,1.,1.,1.,1.,1.,1.)
    ,(1.,1.,1.,1.,1.,1.,1.,1.,1.,1.,1.,1.,1.,1.,1.,1.,1.,1.,1.)
    ,(1.,1.,1.,1.,1.,1.,1.,1.,1.,1.,1.,1.,1.,1.,1.,1.,1.,1.,1.)
    ,(1.,1.,1.,1.,1.,1.,1.,1.,1.,1.,1.,1.,1.,1.,1.,1.,1.,1.,1.)
    ,(1.,1.,1.,1.,1.,1.,1.,1.,1.,1.,1.,1.,1.,1.,1.,1.,1.,1.,1.)
    ,(1.,1.,1.,1.,1.,1.,1.,1.,1.,1.,1.,1.,1.,1.,1.,1.,1.,1.,1.)
    ,(1.,1.,1.,1.,1.,1.,1.,1.,1.,1.,1.,1.,1.,1.,1.,1.,1.,1.,1.)
    ,(1.,1.,1.,1.,1.,1.,1.,1.,1.,1.,1.,1.,1.,1.,1.,1.,1.,1.,1.)
    ,(1.,1.,1.,1.,1.,1.,1.,1.,1.,1.,1.,1.,1.,1.,1.,1.,1.,1.,1.)
    ,(1.,1.,1.,1.,1.,1.,1.,1.,1.,1.,1.,1.,1.,1.,1.,1.,1.,1.,1.)
    ,(1.,1.,1.,1.,1.,1.,1.,1.,1.,1.,1.,1.,1.,1.,1.,1.,1.,1.,1.)
    ,(1.,1.,1.,1.,1.,1.,1.,1.,1.,1.,1.,1.,1.,1.,1.,1.,1.,1.,1.)
    ,(1.,1.,1.,1.,1.,1.,1.,1.,1.,1.,1.,1.,1.,1.,1.,1.,1.,1.,1.)
    ,(1.,1.,1.,1.,1.,1.,1.,1.,1.,1.,1.,1.,1.,1.,1.,1.,1.,1.,1.)
    ,(1.,1.,1.,1.,1.,1.,1.,1.,1.,1.,1.,1.,1.,1.,1.,1.,1.,1.,1.)
    ,(1.,1.,1.,1.,1.,1.,1.,1.,1.,1.,1.,1.,1.,1.,1.,1.,1.,1.,1.)
    ,(1.,1.,1.,1.,1.,1.,1.,1.,1.,1.,1.,1.,1.,1.,1.,1.,1.,1.,1.)
    ,(1.,1.,1.,1.,1.,1.,1.,1.,1.,1.,1.,1.,1.,1.,1.,1.,1.,1.,1.)
    ,(1.,1.,1.,1.,1.,1.,1.,1.,1.,1.,1.,1.,1.,1.,1.,1.,1.,1.,1.)
    ,(1.,1.,1.,1.,1.,1.,1.,1.,1.,1.,1.,1.,1.,1.,1.,1.,1.,1.,1.)
    ,(1.,1.,1.,1.,1.,1.,1.,1.,1.,1.,1.,1.,1.,1.,1.,1.,1.,1.,1.)
    ,(1.,1.,1.,1.,1.,1.,1.,1.,1.,1.,1.,1.,1.,1.,1.,1.,1.,1.,1.)
    ,(1.,1.,1.,1.,1.,1.,1.,1.,1.,1.,1.,1.,1.,1.,1.,1.,1.,1.,1.)
    ,(1.,1.,1.,1.,1.,1.,1.,1.,1.,1.,1.,1.,1.,1.,1.,1.,1.,1.,1.)
    ,(1.,1.,1.,1.,1.,1.,1.,1.,1.,1.,1.,1.,1.,1.,1.,1.,1.,1.,1.)
    ,(1.,1.,1.,1.,1.,1.,1.,1.,1.,1.,1.,1.,1.,1.,1.,1.,1.,1.,1.)
    ,(1.,1.,1.,1.,1.,1.,1.,1.,1.,1.,1.,1.,1.,1.,1.,1.,1.,1.,1.)
    ,(1.,1.,1.,1.,1.,1.,1.,1.,1.,1.,1.,1.,1.,1.,1.,1.,1.,1.,1.)
    ,(1.,1.,1.,1.,1.,1.,1.,1.,1.,1.,1.,1.,1.,1.,1.,1.,1.,1.,1.)
    ,(1.,1.,1.,1.,1.,1.,1.,1.,1.,1.,1.,1.,1.,1.,1.,1.,1.,1.,1.)
    ,(1.,1.,1.,1.,1.,1.,1.,1.,1.,1.,1.,1.,1.,1.,1.,1.,1.,1.,1.)
    ,(1.,1.,1.,1.,1.,1.,1.,1.,1.,1.,1.,1.,1.,1.,1.,1.,1.,1.,1.)
    ,(1.,1.,1.,1.,1.,1.,1.,1.,1.,1.,1.,1.,1.,1.,1.,1.,1.,1.,1.)
    ,(1.,1.,1.,1.,1.,1.,1.,1.,1.,1.,1.,1.,1.,1.,1.,1.,1.,1.,1.)
    ,(1.,1.,1.,1.,1.,1.,1.,1.,1.,1.,1.,1.,1.,1.,1.,1.,1.,1.,1.)
    ,(1.,1.,1.,1.,1.,1.,1.,1.,1.,1.,1.,1.,1.,1.,1.,1.,1.,1.,1.)
    ,(1.,1.,1.,1.,1.,1.,1.,1.,1.,1.,1.,1.,1.,1.,1.,1.,1.,1.,1.)
    ,(1.,1.,1.,1.,1.,1.,1.,1.,1.,1.,1.,1.,1.,1.,1.,1.,1.,1.,1.)
    ,(1.,1.,1.,1.,1.,1.,1.,1.,1.,1.,1.,1.,1.,1.,1.,1.,1.,1.,1.)
    ,(1.,1.,1.,1.,1.,1.,1.,1.,1.,1.,1.,1.,1.,1.,1.,1.,1.,1.,1.)
    ,(1.,1.,1.,1.,1.,1.,1.,1.,1.,1.,1.,1.,1.,1.,1.,1.,1.,1.,1.)
    ,(1.,1.,1.,1.,1.,1.,1.,1.,1.,1.,1.,1.,1.,1.,1.,1.,1.,1.,1.)
    ,(1.,1.,1.,1.,1.,1.,1.,1.,1.,1.,1.,1.,1.,1.,1.,1.,1.,1.,1.)
    ,(1.,1.,1.,1.,1.,1.,1.,1.,1.,1.,1.,1.,1.,1.,1.,1.,1.,1.,1.)
    ,(1.,1.,1.,1.,1.,1.,1.,1.,1.,1.,1.,1.,1.,1.,1.,1.,1.,1.,1.)
    ,(1.,1.,1.,1.,1.,1.,1.,1.,1.,1.,1.,1.,1.,1.,1.,1.,1.,1.,1.)
    ,(1.,1.,1.,1.,1.,1.,1.,1.,1.,1.,1.,1.,1.,1.,1.,1.,1.,1.,1.)
    ,(1.,1.,1.,1.,1.,1.,1.,1.,1.,1.,1.,1.,1.,1.,1.,1.,1.,1.,1.
))) REPRESENTATION_ITEM('') SURFACE() );
#112 = CARTESIAN_POINT('',(36.220080386211,126.625,-136.1758915162));
#113 = CARTESIAN_POINT('',(38.024822210187,159.578125,-133.5351857513));
#114 = CARTESIAN_POINT('',(43.774543878952,225.484375,-131.8893020965));
#115 = CARTESIAN_POINT('',(52.10830356186,324.34375,-128.2438350287));
#116 = CARTESIAN_POINT('',(60.348828261422,423.203125,-125.5925003497));
#117 = CARTESIAN_POINT('',(67.114825501408,522.0625,-119.7956007282));
#118 = CARTESIAN_POINT('',(74.449497529962,620.921875,-114.7697950382));
#119 = CARTESIAN_POINT('',(82.270340551477,719.78125,-110.5818725772));
#120 = CARTESIAN_POINT('',(89.766403270648,818.640625,-106.0679327257));
#121 = CARTESIAN_POINT('',(95.542256121592,917.5,-100.5169749879));
#122 = CARTESIAN_POINT('',(98.838856033305,1.016359375E+03,
    -93.79542078061));
#123 = CARTESIAN_POINT('',(99.300097345241,1.11521875E+03,
    -86.00320110019));
#124 = CARTESIAN_POINT('',(96.800047462179,1.214078125E+03,
    -77.30746244965));
#125 = CARTESIAN_POINT('',(91.283445954344,1.3129375E+03,-67.85348224754
    ));
#126 = CARTESIAN_POINT('',(82.685372478253,1.411796875E+03,
    -57.72361155166));
#127 = CARTESIAN_POINT('',(70.828664495663,1.51065625E+03,
    -46.89034169235));
#128 = CARTESIAN_POINT('',(55.295330463501,1.609515625E+03,
    -35.15485195932));
#129 = CARTESIAN_POINT('',(42.187870817779,1.675421875E+03,
    -26.56360057176));
#130 = CARTESIAN_POINT('',(36.383268432732,1.708375E+03,-22.89826418696)
  );
#131 = CARTESIAN_POINT('',(36.182836247961,126.625,-135.659353958));
#132 = CARTESIAN_POINT('',(37.979248397406,159.578125,-133.0269428939));
#133 = CARTESIAN_POINT('',(43.707080362406,225.48437499999,
    -131.3830526707));
#134 = CARTESIAN_POINT('',(52.008247363646,324.34375,-127.7450237389));
#135 = CARTESIAN_POINT('',(60.217198792027,423.203125,-125.0976019314));
#136 = CARTESIAN_POINT('',(66.954786092499,522.0625,-119.3169849264));
#137 = CARTESIAN_POINT('',(74.259524590229,620.921875,-114.3042872545));
#138 = CARTESIAN_POINT('',(82.049254240339,719.78125,-110.1261137363));
#139 = CARTESIAN_POINT('',(89.515152288189,818.640625,-105.6233229732));
#140 = CARTESIAN_POINT('',(95.266339017986,917.5,-100.0884399304));
#141 = CARTESIAN_POINT('',(98.546420128196,1.016359375E+03,
    -93.38888963197));
#142 = CARTESIAN_POINT('',(99.000644306665,1.11521875E+03,
    -85.62448685424));
#143 = CARTESIAN_POINT('',(96.503648434955,1.214078125E+03,
    -76.96186111299));
#144 = CARTESIAN_POINT('',(91.000471379227,1.3129375E+03,-67.54580325864
    ));
#145 = CARTESIAN_POINT('',(82.426483750023,1.411796875E+03,
    -57.45841161013));
#146 = CARTESIAN_POINT('',(70.605143758336,1.51065625E+03,-46.6723984957
    ));
#147 = CARTESIAN_POINT('',(55.119832459786,1.609515625E+03,
    -34.98994812788));
#148 = CARTESIAN_POINT('',(42.053796481221,1.675421875E+03,
    -26.43871774895));
#149 = CARTESIAN_POINT('',(36.267634109884,1.708375E+03,-22.79060170503)
  );
#150 = CARTESIAN_POINT('',(36.097935306797,126.625,-134.5067365198));
#151 = CARTESIAN_POINT('',(37.875786943327,159.578125,-131.8928653346));
#152 = CARTESIAN_POINT('',(43.55477499886,225.484375,-130.2534994118));
#153 = CARTESIAN_POINT('',(51.783231283107,324.34375,-126.6321825787));
#154 = CARTESIAN_POINT('',(59.921734816289,423.203125,-123.99360209));
#155 = CARTESIAN_POINT('',(66.595976484349,522.06249999999,
    -118.2494207798));
#156 = CARTESIAN_POINT('',(73.833958218621,620.921875,-113.2660793798));
#157 = CARTESIAN_POINT('',(81.554286478406,719.78124999999,
    -109.1097698305));
#158 = CARTESIAN_POINT('',(88.952905165783,818.640625,-104.6319644351));
#159 = CARTESIAN_POINT('',(94.649100546244,917.49999999999,
    -99.1330401431));
#160 = CARTESIAN_POINT('',(97.892392987869,1.016359375E+03,
    -92.4826525592));
#161 = CARTESIAN_POINT('',(98.33105324811,1.11521875E+03,-84.78035241685
    ));
#162 = CARTESIAN_POINT('',(95.840987312423,1.214078125E+03,
    -76.19161351523));
#163 = CARTESIAN_POINT('',(90.367900298992,1.3129375E+03,-66.86013980719
    ));
#164 = CARTESIAN_POINT('',(81.847811261473,1.411796875E+03,
    -56.86746457478));
#165 = CARTESIAN_POINT('',(70.105564487219,1.51065625E+03,
    -46.18679119868));
#166 = CARTESIAN_POINT('',(54.727607702381,1.609515625E+03,
    -34.62254181615));
#167 = CARTESIAN_POINT('',(41.754154277122,1.675421875E+03,
    -26.16048241963));
#168 = CARTESIAN_POINT('',(36.009203573092,1.708375E+03,-22.55073296375)
  );
#169 = CARTESIAN_POINT('',(35.945086397958,126.625,-132.4784295991));
#170 = CARTESIAN_POINT('',(37.690327413587,159.578125,-129.8972430192));
#171 = CARTESIAN_POINT('',(43.283365646158,225.48437499999,
    -128.2659848928));
#172 = CARTESIAN_POINT('',(51.383903741271,324.34375,-124.6742968363));
#173 = CARTESIAN_POINT('',(59.398448158808,423.203125,-122.0514861474));
#174 = CARTESIAN_POINT('',(65.961312440204,522.0625,-116.3716184901));
#175 = CARTESIAN_POINT('',(73.081892290152,620.921875,-111.4401413909));
#176 = CARTESIAN_POINT('',(80.680141956313,719.78124999999,
    -107.3225178594));
#177 = CARTESIAN_POINT('',(87.960426015359,818.640625,-102.8888857066));
#178 = CARTESIAN_POINT('',(93.559945786148,917.5,-97.45341082807));
#179 = CARTESIAN_POINT('',(96.738637843796,1.016359375E+03,
    -90.88965697488));
#180 = CARTESIAN_POINT('',(97.150090879082,1.11521875E+03,
    -83.29670119075));
#181 = CARTESIAN_POINT('',(94.672441012218,1.214078125E+03,
    -74.83797948824));
#182 = CARTESIAN_POINT('',(89.25256270622,1.3129375E+03,-65.65528094433)
  );
#183 = CARTESIAN_POINT('',(80.827614568118,1.411796875E+03,
    -55.82914247158));
#184 = CARTESIAN_POINT('',(69.224881782613,1.51065625E+03,
    -45.33362756192));
#185 = CARTESIAN_POINT('',(54.036215943353,1.609515625E+03,
    -33.97708789097));
#186 = CARTESIAN_POINT('',(41.22596911388,1.675421875E+03,
    -25.67169051094));
#187 = CARTESIAN_POINT('',(35.553663315161,1.708375E+03,-22.12934215098)
  );
#188 = CARTESIAN_POINT('',(35.746544364505,126.625,-129.7326599216));
#189 = CARTESIAN_POINT('',(37.447515488709,159.578125,-127.1955753325));
#190 = CARTESIAN_POINT('',(42.924194607477,225.484375,-125.5749376058));
#191 = CARTESIAN_POINT('',(50.851484604805,324.34375,-122.0228245023));
#192 = CARTESIAN_POINT('',(58.698196086585,423.203125,-119.4208480627));
#193 = CARTESIAN_POINT('',(65.110056471302,522.0625,-113.8275663102));
#194 = CARTESIAN_POINT('',(72.071529879173,620.921875,-108.9658012381));
#195 = CARTESIAN_POINT('',(79.504397667878,719.78124999999,
    -104.9000348423));
#196 = CARTESIAN_POINT('',(86.624344465834,818.640625,-100.5257016897));
#197 = CARTESIAN_POINT('',(92.092761502022,917.5,-95.17570339072));
#198 = CARTESIAN_POINT('',(95.183666766046,1.016359375E+03,
    -88.72893580051));
#199 = CARTESIAN_POINT('',(95.557848267113,1.11521875E+03,
    -81.28385669349));
#200 = CARTESIAN_POINT('',(93.096468789603,1.214078125E+03,
    -73.0011532646));
#201 = CARTESIAN_POINT('',(87.747993266506,1.3129375E+03,-64.02002776802
    ));
#202 = CARTESIAN_POINT('',(79.451126684215,1.411796875E+03,
    -54.41967329203));
#203 = CARTESIAN_POINT('',(68.036454245294,1.51065625E+03,
    -44.17532743634));
#204 = CARTESIAN_POINT('',(53.103125091502,1.609515625E+03,
    -33.1006823576));
#205 = CARTESIAN_POINT('',(40.51312152879,1.675421875E+03,
    -25.00798374799));
#206 = CARTESIAN_POINT('',(34.938857801677,1.708375E+03,-21.5571552857)
  );
#207 = CARTESIAN_POINT('',(35.503358686103,126.625,-126.1918665749));
#208 = CARTESIAN_POINT('',(37.147051479816,159.578125,-123.7114326524));
#209 = CARTESIAN_POINT('',(42.473670026283,225.48437499999,
    -122.1039454023));
#210 = CARTESIAN_POINT('',(50.177422962712,324.34375,-118.6020465191));
#211 = CARTESIAN_POINT('',(57.807665859027,423.20312499999,
    -116.0261488235));
#212 = CARTESIAN_POINT('',(64.024447847649,522.0625,-110.5437917133));
#213 = CARTESIAN_POINT('',(70.780475505474,620.921875,-105.7711596355));
#214 = CARTESIAN_POINT('',(77.999890280655,719.78124999999,
    -101.7714783565));
#215 = CARTESIAN_POINT('',(84.912852999323,818.640625,-97.4728479086));
#216 = CARTESIAN_POINT('',(90.211853547825,917.49999999999,
    -92.23243670281));
#217 = CARTESIAN_POINT('',(93.189038983585,1.016359375E+03,
    -85.9360803106));
#218 = CARTESIAN_POINT('',(93.514481619598,1.11521875E+03,
    -78.68147163842));
#219 = CARTESIAN_POINT('',(91.073259031872,1.214078125E+03,
    -70.62576816565));
#220 = CARTESIAN_POINT('',(85.815898637552,1.3129375E+03,-61.90484459332
    ));
#221 = CARTESIAN_POINT('',(77.683105281356,1.411796875E+03,
    -52.59616873553));
#222 = CARTESIAN_POINT('',(66.50971311355,1.51065625E+03,-42.67650721706
    ));
#223 = CARTESIAN_POINT('',(51.904254486792,1.609515625E+03,
    -31.96647114425));
#224 = CARTESIAN_POINT('',(39.597200695054,1.675421875E+03,
    -24.14901040766));
#225 = CARTESIAN_POINT('',(34.148907783517,1.708375E+03,-20.8166263734)
  );
#226 = CARTESIAN_POINT('',(35.241410408509,126.625,-122.0518776695));
#227 = CARTESIAN_POINT('',(36.817800070199,159.578125,-119.6372962017));
#228 = CARTESIAN_POINT('',(41.96894593937,225.48437499999,
    -118.0442346716));
#229 = CARTESIAN_POINT('',(49.411114035015,324.34375,-114.5996189328));
#230 = CARTESIAN_POINT('',(56.788185591124,423.203125,-112.0528394685));
#231 = CARTESIAN_POINT('',(62.776262947337,522.06249999999,
    -106.6989026027));
#232 = CARTESIAN_POINT('',(69.291605827166,620.921875,-102.0291555682));
#233 = CARTESIAN_POINT('',(76.261122045224,719.78124999999,
    -98.10537071214));
#234 = CARTESIAN_POINT('',(82.931686525842,818.640625,-93.89391838235));
#235 = CARTESIAN_POINT('',(88.031984347049,917.5,-88.78052561724));
#236 = CARTESIAN_POINT('',(90.875308034924,1.016359375E+03,
    -82.65925319166));
#237 = CARTESIAN_POINT('',(91.142586155818,1.11521875E+03,
    -75.62695847419));
#238 = CARTESIAN_POINT('',(88.723494086999,1.214078125E+03,
    -67.83669807323));
#239 = CARTESIAN_POINT('',(83.570990808447,1.3129375E+03,-59.42047044661
    ));
#240 = CARTESIAN_POINT('',(75.628129446308,1.411796875E+03,
    -50.45373950528));
#241 = CARTESIAN_POINT('',(64.734700672094,1.51065625E+03,
    -40.91508573228));
#242 = CARTESIAN_POINT('',(50.510160332035,1.609515625E+03,
    -30.63326611919));
#243 = CARTESIAN_POINT('',(38.532084213943,1.675421875E+03,
    -23.13928266074));
#244 = CARTESIAN_POINT('',(33.230279758203,1.708375E+03,-19.94612863117)
  );
#245 = CARTESIAN_POINT('',(34.974678872506,126.625,-117.6719094702));
#246 = CARTESIAN_POINT('',(36.479709972124,159.57812499999,
    -115.3268188343));
#247 = CARTESIAN_POINT('',(41.445203369954,225.484375,-113.7485778624));
#248 = CARTESIAN_POINT('',(48.610521631164,324.34374999999,
    -110.3639021247));
#249 = CARTESIAN_POINT('',(55.719713696201,423.203125,-107.8472906486));
#250 = CARTESIAN_POINT('',(61.465544155406,522.06249999999,
    -102.6286254417));
#251 = CARTESIAN_POINT('',(67.726031342464,620.921875,-98.06710875251));
#252 = CARTESIAN_POINT('',(74.431012992985,719.78124999999,
    -94.22298241199));
#253 = CARTESIAN_POINT('',(80.844948572452,818.640625,-90.10314123126));
#254 = CARTESIAN_POINT('',(85.734739254873,917.5,-85.12361235922));
#255 = CARTESIAN_POINT('',(88.436024827144,1.016359375E+03,
    -79.1872101672));
#256 = CARTESIAN_POINT('',(88.641219776307,1.11521875E+03,
    -72.38993535068));
#257 = CARTESIAN_POINT('',(86.244873331381,1.214078125E+03,
    -64.88051808952));
#258 = CARTESIAN_POINT('',(81.202526298025,1.3129375E+03,-56.78686260555
    ));
#259 = CARTESIAN_POINT('',(73.459720847217,1.411796875E+03,
    -48.18231894133));
#260 = CARTESIAN_POINT('',(62.86148615874,1.51065625E+03,-39.04739869596
    ));
#261 = CARTESIAN_POINT('',(49.03881265271,1.609515625E+03,
    -29.21950297595));
#262 = CARTESIAN_POINT('',(37.407922267453,1.675421875E+03,
    -22.06851951299));
#263 = CARTESIAN_POINT('',(32.260726056791,1.708375E+03,-19.02301062925)
  );
#264 = CARTESIAN_POINT('',(34.70449565987,126.625,-113.258015582));
#265 = CARTESIAN_POINT('',(36.137636012677,159.578125,-110.9829778552));
#266 = CARTESIAN_POINT('',(40.916040048411,225.484375,-109.4197310377));
#267 = CARTESIAN_POINT('',(47.802377672777,324.34375,-106.0955479878));
#268 = CARTESIAN_POINT('',(54.641619713609,423.203125,-103.6094231841));
#269 = CARTESIAN_POINT('',(60.143364903975,522.06249999999,
    -98.52715635451));
#270 = CARTESIAN_POINT('',(66.147051597808,620.921875,-94.07479073153));
#271 = CARTESIAN_POINT('',(72.585469719679,719.78124999999,
    -90.31102482258));
#272 = CARTESIAN_POINT('',(78.740812590557,818.640625,-86.28358702542));
#273 = CARTESIAN_POINT('',(83.418503772851,917.49999999999,
    -81.43902782946));
#274 = CARTESIAN_POINT('',(85.976706596327,1.016359375E+03,
    -75.68897612903));
#275 = CARTESIAN_POINT('',(86.119410385058,1.11521875E+03,
    -69.12856567424));
#276 = CARTESIAN_POINT('',(83.746074700832,1.214078125E+03,
    -61.9021650862));
#277 = CARTESIAN_POINT('',(78.81484093197,1.3129375E+03,-54.13355174584)
  );
#278 = CARTESIAN_POINT('',(71.273758955036,1.411796875E+03,
    -45.89394462894));
#279 = CARTESIAN_POINT('',(60.973137742956,1.51065625E+03,
    -37.16579979432));
#280 = CARTESIAN_POINT('',(47.555594578467,1.609515625E+03,
    -27.79522594795));
#281 = CARTESIAN_POINT('',(36.274693880673,1.675421875E+03,
    -20.98979638976));
#282 = CARTESIAN_POINT('',(31.283352960863,1.708375E+03,-18.09303036119)
  );
#283 = CARTESIAN_POINT('',(34.421644501931,126.625,-108.8636370652));
#284 = CARTESIAN_POINT('',(35.783417383771,159.57812499999,
    -106.6585808773));
#285 = CARTESIAN_POINT('',(40.375570327837,225.484375,-105.1108501814));
#286 = CARTESIAN_POINT('',(46.98429663134,324.34374999999,
    -101.8477768572));
#287 = CARTESIAN_POINT('',(53.554825879295,423.203125,-99.392854428));
#288 = CARTESIAN_POINT('',(58.813945019317,522.06249999999,
    -94.44717276085));
#289 = CARTESIAN_POINT('',(64.562258966586,620.921875,-90.10430002574));
#290 = CARTESIAN_POINT('',(70.735492518443,719.78124999999,
    -86.42138869709));
#291 = CARTESIAN_POINT('',(76.633625605789,818.640625,-82.48677255253));
#292 = CARTESIAN_POINT('',(81.100536742026,917.5,-77.77727577974));
#293 = CARTESIAN_POINT('',(83.516845109249,1.016359375E+03,
    -72.21323403759));
#294 = CARTESIAN_POINT('',(83.598063196445,1.11521875E+03,
    -65.88888158096));
#295 = CARTESIAN_POINT('',(81.248526481317,1.214078125E+03,
    -58.94422855673));
#296 = CARTESIAN_POINT('',(76.42895302224,1.3129375E+03,-51.49893482368)
  );
#297 = CARTESIAN_POINT('',(69.089883126258,1.411796875E+03,
    -43.62208945842));
#298 = CARTESIAN_POINT('',(59.086889310932,1.51065625E+03,
    -35.29806823465));
#299 = CARTESIAN_POINT('',(46.074193787542,1.609515625E+03,
    -26.38161424656));
#300 = CARTESIAN_POINT('',(35.142883597597,1.675421875E+03,
    -19.91918186774));
#301 = CARTESIAN_POINT('',(30.307204134691,1.708375E+03,-17.17004187795)
  );
#302 = CARTESIAN_POINT('',(34.116926880488,126.625,-104.4981298543));
#303 = CARTESIAN_POINT('',(35.408152745491,159.57812499999,
    -102.3630033579));
#304 = CARTESIAN_POINT('',(39.815297245211,225.484375,-100.8316936137));
#305 = CARTESIAN_POINT('',(46.148468639054,324.34374999999,
    -97.6308422815));
#306 = CARTESIAN_POINT('',(52.452125320479,423.203125,-95.20837279146));
#307 = CARTESIAN_POINT('',(57.470862876837,522.0625,-90.39973069271));
#308 = CARTESIAN_POINT('',(62.96598221441,620.921875,-86.16704240737));
#309 = CARTESIAN_POINT('',(68.876116424282,719.78125,-82.56590821962));
#310 = CARTESIAN_POINT('',(74.519139663672,818.640625,-78.72491892804));
#311 = CARTESIAN_POINT('',(78.777308824461,917.5,-74.15077723784));
#312 = CARTESIAN_POINT('',(81.05360598931,1.016359375E+03,
    -68.77235064502));
#313 = CARTESIAN_POINT('',(81.074990255935,1.11521875E+03,
    -62.68291755197));
#314 = CARTESIAN_POINT('',(78.750619236471,1.214078125E+03,
    -56.01813054238));
#315 = CARTESIAN_POINT('',(74.043749483837,1.3129375E+03,-48.89354372651
    ));
#316 = CARTESIAN_POINT('',(66.9073847835,1.411796875E+03,-41.37611614809
    ));
#317 = CARTESIAN_POINT('',(57.202338759048,1.51065625E+03,
    -33.45210304737));
#318 = CARTESIAN_POINT('',(44.594412745331,1.609515625E+03,
    -24.98476577114));
#319 = CARTESIAN_POINT('',(34.012361386152,1.675421875E+03,
    -18.8613161474));
#320 = CARTESIAN_POINT('',(29.332168276224,1.708375E+03,-16.25804644177)
  );
#321 = CARTESIAN_POINT('',(33.787502097296,126.625,-100.163402703));
#322 = CARTESIAN_POINT('',(35.009076314419,159.578125,-98.09817460988));
#323 = CARTESIAN_POINT('',(39.232538286933,225.484375,-96.58430966788));
#324 = CARTESIAN_POINT('',(45.292360807484,324.34375,-93.44695513957));
#325 = CARTESIAN_POINT('',(51.331111207159,423.203125,-91.0583574209));
#326 = CARTESIAN_POINT('',(56.111898278246,522.0625,-86.38731882482));
#327 = CARTESIAN_POINT('',(61.356174564777,620.921875,-82.26563523703));
#328 = CARTESIAN_POINT('',(67.005452686287,719.78125,-78.74734722786));
#329 = CARTESIAN_POINT('',(72.395628956958,818.640625,-75.00092642995));
#330 = CARTESIAN_POINT('',(76.447267365898,917.5,-70.56252121744));
#331 = CARTESIAN_POINT('',(78.585617008948,1.016359375E+03,
    -65.36933750884));
#332 = CARTESIAN_POINT('',(78.549001925153,1.11521875E+03,-59.5136341094
    ));
#333 = CARTESIAN_POINT('',(76.251343245256,1.214078125E+03,
    -53.12670538076));
#334 = CARTESIAN_POINT('',(71.658394067997,1.3129375E+03,-46.3200113382)
  );
#335 = CARTESIAN_POINT('',(64.725592300646,1.411796875E+03,
    -39.15838001938));
#336 = CARTESIAN_POINT('',(55.318969464774,1.51065625E+03,
    -31.62990159679));
#337 = CARTESIAN_POINT('',(43.115881473747,1.609515625E+03,
    -23.60622836296));
#338 = CARTESIAN_POINT('',(32.882850893914,1.675421875E+03,
    -17.81737812226));
#339 = CARTESIAN_POINT('',(28.358007296568,1.708375E+03,-15.35806066014)
  );
#340 = CARTESIAN_POINT('',(33.418901049194,126.625,-95.8620760806));
#341 = CARTESIAN_POINT('',(34.571978455224,159.578125,-93.86692505927));
#342 = CARTESIAN_POINT('',(38.613206586097,225.48437499999,
    -92.37214067693));
#343 = CARTESIAN_POINT('',(44.402195257648,324.34375,-89.30045528595));
#344 = CARTESIAN_POINT('',(50.178212030884,423.203125,-86.94802762173));
#345 = CARTESIAN_POINT('',(54.724025683684,522.0625,-82.4159090359));
#346 = CARTESIAN_POINT('',(59.720271453239,620.921875,-78.40685562204));
#347 = CARTESIAN_POINT('',(65.111306470151,719.78124999999,
    -74.97333156906));
#348 = CARTESIAN_POINT('',(70.251305026832,818.640625,-71.3232386099));
#349 = CARTESIAN_POINT('',(74.099152634079,917.49999999999,
    -67.02159878431));
#350 = CARTESIAN_POINT('',(76.102289800158,1.016359375E+03,
    -62.01368519344));
#351 = CARTESIAN_POINT('',(76.010316443096,1.11521875E+03,
    -56.39063541961));
#352 = CARTESIAN_POINT('',(73.74184227163,1.214078125E+03,
    -50.27937043715));
#353 = CARTESIAN_POINT('',(69.26506033628,1.3129375E+03,-43.78726084853)
  );
#354 = CARTESIAN_POINT('',(62.537805290693,1.411796875E+03,
    -36.97699526608));
#355 = CARTESIAN_POINT('',(53.431307699716,1.51065625E+03,
    -29.83843606464));
#356 = CARTESIAN_POINT('',(41.634477710462,1.609515625E+03,
    -22.25145737366));
#357 = CARTESIAN_POINT('',(31.751233852212,1.675421875E+03,
    -16.79153215504));
#358 = CARTESIAN_POINT('',(27.382033056409,1.708375E+03,-14.47367601195)
  );
#359 = CARTESIAN_POINT('',(33.003343164238,126.625,-91.595227318));
#360 = CARTESIAN_POINT('',(34.089212416425,159.578125,-89.67044985531));
#361 = CARTESIAN_POINT('',(37.949707328612,225.48437499999,
    -88.19671110057));
#362 = CARTESIAN_POINT('',(43.470522159711,324.34375,-85.19335306206));
#363 = CARTESIAN_POINT('',(48.986068578757,423.20312499999,
    -82.87986769433));
#364 = CARTESIAN_POINT('',(53.300160563109,522.0625,-78.48839940869));
#365 = CARTESIAN_POINT('',(58.051416501304,620.921875,-74.59404164342));
#366 = CARTESIAN_POINT('',(63.186999883801,719.78125,-71.24766051925));
#367 = CARTESIAN_POINT('',(68.079688714935,818.640625,-67.69610018837));
#368 = CARTESIAN_POINT('',(71.726753283761,917.5,-63.53261198675));
#369 = CARTESIAN_POINT('',(73.597762465463,1.016359375E+03,
    -58.7102238721));
#370 = CARTESIAN_POINT('',(73.453499888965,1.11521875E+03,
    -53.31883019601));
#371 = CARTESIAN_POINT('',(71.217180509677,1.214078125E+03,
    -47.48095527549));
#372 = CARTESIAN_POINT('',(66.859373074197,1.3129375E+03,-41.29988093658
    ));
#373 = CARTESIAN_POINT('',(60.340267492679,1.411796875E+03,
    -34.83614379474));
#374 = CARTESIAN_POINT('',(51.536277245982,1.51065625E+03,
    -28.08130608282));
#375 = CARTESIAN_POINT('',(40.147880214404,1.609515625E+03,
    -20.92327288519));
#376 = CARTESIAN_POINT('',(30.615753530925,1.675421875E+03,
    -15.78593159792));
#377 = CARTESIAN_POINT('',(26.402731112134,1.708375E+03,-13.60674964221)
  );
#378 = CARTESIAN_POINT('',(32.540560175847,126.625,-87.36000359332));
#379 = CARTESIAN_POINT('',(33.560464854059,159.578125,-85.50594306327));
#380 = CARTESIAN_POINT('',(37.241606324342,225.484375,-84.05522866888));
#381 = CARTESIAN_POINT('',(42.496727928232,324.34375,-81.12290127072));
#382 = CARTESIAN_POINT('',(47.753893084262,423.203125,-78.85115589089));
#383 = CARTESIAN_POINT('',(51.839359958003,522.06249999999,
    -74.6021616888));
#384 = CARTESIAN_POINT('',(56.348502747911,620.921875,-70.82464116295));
#385 = CARTESIAN_POINT('',(61.231255032379,719.78124999999,
    -67.56783961736));
#386 = CARTESIAN_POINT('',(65.879336609218,818.640625,-64.11708201221));
#387 = CARTESIAN_POINT('',(69.328491395366,917.5,-60.09322356369));
#388 = CARTESIAN_POINT('',(71.070368360452,1.016359375E+03,
    -55.45673999247));
#389 = CARTESIAN_POINT('',(70.876850153994,1.11521875E+03,
    -50.29615960546));
#390 = CARTESIAN_POINT('',(68.67567673461,1.214078125E+03,
    -44.72958386398));
#391 = CARTESIAN_POINT('',(64.439729886243,1.3129375E+03,-38.85620372635
    ));
#392 = CARTESIAN_POINT('',(58.13151486469,1.411796875E+03,
    -32.73438980658));
#393 = CARTESIAN_POINT('',(49.632615399959,1.51065625E+03,
    -26.35733299881));
#394 = CARTESIAN_POINT('',(38.655098318818,1.609515625E+03,
    -19.62078385382));
#395 = CARTESIAN_POINT('',(29.47565322761,1.675421875E+03,
    -14.79990179806));
#396 = CARTESIAN_POINT('',(25.419448840293,1.708375E+03,-12.75669993308)
  );
#397 = CARTESIAN_POINT('',(32.022962880124,126.625,-83.14949592499));
#398 = CARTESIAN_POINT('',(32.978140228698,159.57812499999,
    -81.36672857444));
#399 = CARTESIAN_POINT('',(36.481020915852,225.484375,-79.94134484764));
#400 = CARTESIAN_POINT('',(41.472563448458,324.34374999999,
    -77.08330331063));
#401 = CARTESIAN_POINT('',(46.473036469709,423.203125,-74.85658299708));
#402 = CARTESIAN_POINT('',(50.332789188027,522.06249999999,
    -70.75250848017));
#403 = CARTESIAN_POINT('',(54.602444675293,620.921875,-67.09456382249));
#404 = CARTESIAN_POINT('',(59.234672742862,719.78124999999,
    -63.93034341898));
#405 = CARTESIAN_POINT('',(63.640568626826,818.640625,-60.58323070082));
#406 = CARTESIAN_POINT('',(66.894552206096,917.5,-56.7010478376));
#407 = CARTESIAN_POINT('',(68.510356015635,1.016359375E+03,
    -52.2513894571));
#408 = CARTESIAN_POINT('',(68.270894896865,1.11521875E+03,
    -47.32127484231));
#409 = CARTESIAN_POINT('',(66.108354685484,1.214078125E+03,
    -42.02434119902));
#410 = CARTESIAN_POINT('',(61.99786519695,1.3129375E+03,-36.45567545181)
  );
#411 = CARTESIAN_POINT('',(55.904207848357,1.411796875E+03,
    -30.67146060568));
#412 = CARTESIAN_POINT('',(47.714135884308,1.51065625E+03,-24.6664397153
    ));
#413 = CARTESIAN_POINT('',(37.151359726492,1.609515625E+03,
    -18.3440189948));
#414 = CARTESIAN_POINT('',(28.327302068665,1.675421875E+03,
    -13.83348045958));
#415 = CARTESIAN_POINT('',(24.429055349776,1.708375E+03,-11.92356004189)
  );
#416 = CARTESIAN_POINT('',(31.445994178244,126.625,-78.95549888295));
#417 = CARTESIAN_POINT('',(32.337607883041,159.578125,-77.24480090766));
#418 = CARTESIAN_POINT('',(35.66297588842,225.48437499999,
    -75.84725409812));
#419 = CARTESIAN_POINT('',(40.392574615598,324.34375,-73.06712481707));
#420 = CARTESIAN_POINT('',(45.137555571914,423.203125,-70.88902009499));
#421 = CARTESIAN_POINT('',(48.7741624959,522.0625,-66.93279546309));
#422 = CARTESIAN_POINT('',(52.806564644791,620.921875,-63.3976093585));
#423 = CARTESIAN_POINT('',(57.190138448962,719.78125,-60.32936951738));
#424 = CARTESIAN_POINT('',(61.355859560121,818.640625,-57.08915747173));
#425 = CARTESIAN_POINT('',(64.417127860111,917.5,-53.35114861412));
#426 = CARTESIAN_POINT('',(65.909814120467,1.016359375E+03,
    -49.08972388953));
#427 = CARTESIAN_POINT('',(65.627819918458,1.11521875E+03,
    -44.39023832404));
#428 = CARTESIAN_POINT('',(63.507703252333,1.214078125E+03,
    -39.36181062152));
#429 = CARTESIAN_POINT('',(59.526778166437,1.3129375E+03,-34.09540022372
    ));
#430 = CARTESIAN_POINT('',(53.652065906733,1.411796875E+03,
    -28.64497454288));
#431 = CARTESIAN_POINT('',(45.775500388401,1.51065625E+03,
    -23.00675118503));
#432 = CARTESIAN_POINT('',(35.63252051159,1.609515625E+03,
    -17.09160825857));
#433 = CARTESIAN_POINT('',(27.167542624956,1.675421875E+03,
    -12.88563895838));
#434 = CARTESIAN_POINT('',(23.42882781059,1.708375E+03,-11.10644354832)
  );
#435 = CARTESIAN_POINT('',(30.807477668566,126.625,-74.7708067823));
#436 = CARTESIAN_POINT('',(31.636599768688,159.578125,-73.13309857744));
#437 = CARTESIAN_POINT('',(34.784899157489,225.484375,-71.76599305209));
#438 = CARTESIAN_POINT('',(39.253750914232,324.34375,-69.06761189865));
#439 = CARTESIAN_POINT('',(43.744004650729,423.203125,-66.94186952866));
#440 = CARTESIAN_POINT('',(47.159683244971,522.0625,-63.13674652646));
#441 = CARTESIAN_POINT('',(50.956683388462,620.921875,-59.72778305059));
#442 = CARTESIAN_POINT('',(55.093062802388,719.78124999999,
    -56.75916071586));
#443 = CARTESIAN_POINT('',(59.020227900963,818.640625,-53.62935947879));
#444 = CARTESIAN_POINT('',(61.890938376846,917.49999999999,
    -50.03832969706));
#445 = CARTESIAN_POINT('',(63.263298671599,1.016359375E+03,
    -45.96691182192));
#446 = CARTESIAN_POINT('',(62.942170476155,1.11521875E+03,
    -41.49863541979));
#447 = CARTESIAN_POINT('',(60.86841666229,1.214078125E+03,
    -36.73803729815));
#448 = CARTESIAN_POINT('',(57.021474391996,1.3129375E+03,-31.77191811217
    ));
#449 = CARTESIAN_POINT('',(51.370571726925,1.411796875E+03,
    -26.65199718531));
#450 = CARTESIAN_POINT('',(43.812843916282,1.51065625E+03,-21.3758902187
    ));
#451 = CARTESIAN_POINT('',(34.095565892469,1.609515625E+03,
    -15.86177331588));
#452 = CARTESIAN_POINT('',(25.994075212283,1.675421875E+03,
    -11.95503428189));
#453 = CARTESIAN_POINT('',(22.416782969278,1.708375E+03,-10.30419278292)
  );
#454 = CARTESIAN_POINT('',(30.113323482344,126.625,-70.59134653116));
#455 = CARTESIAN_POINT('',(30.880868403098,159.57812499999,
    -69.02750722757));
#456 = CARTESIAN_POINT('',(33.852365672186,225.484375,-67.69319981091));
#457 = CARTESIAN_POINT('',(38.061349494125,324.34374999999,
    -65.0800654751));
#458 = CARTESIAN_POINT('',(42.29737233756,423.203125,-63.01008245541));
#459 = CARTESIAN_POINT('',(45.493945970071,522.06249999999,
    -59.3590877449));
#460 = CARTESIAN_POINT('',(49.057028574018,620.921875,-56.07954538844));
#461 = CARTESIAN_POINT('',(52.947338451822,719.78125,-53.21387422847));
#462 = CARTESIAN_POINT('',(56.637221213233,818.640625,-50.19771183014));
#463 = CARTESIAN_POINT('',(59.319166003974,917.5,-46.75628438359));
#464 = CARTESIAN_POINT('',(60.573612982317,1.016359375E+03,
    -42.87660373282));
#465 = CARTESIAN_POINT('',(60.216368232062,1.11521875E+03,
    -38.64022814764));
#466 = CARTESIAN_POINT('',(58.192542386519,1.214078125E+03,
    -34.14705231766));
#467 = CARTESIAN_POINT('',(54.48364252994,1.3129375E+03,-29.4796869662)
  );
#468 = CARTESIAN_POINT('',(49.061075589904,1.411796875E+03,
    -24.68757253317));
#469 = CARTESIAN_POINT('',(41.827200532604,1.51065625E+03,
    -19.76965532763));
#470 = CARTESIAN_POINT('',(32.541233510341,1.609515625E+03,
    -14.65125900772));
#471 = CARTESIAN_POINT('',(24.80745024429,1.675421875E+03,
    -11.03918731426));
#472 = CARTESIAN_POINT('',(21.393395006371,1.708375E+03,-9.514669909352)
  );
#473 = CARTESIAN_POINT('',(29.359528980625,126.625,-66.41771747869));
#474 = CARTESIAN_POINT('',(30.066480765875,159.57812499999,
    -64.9286861489));
#475 = CARTESIAN_POINT('',(32.861471045769,225.484375,-63.62970303985));
#476 = CARTESIAN_POINT('',(36.811543433572,324.34374999999,
    -61.10556372658));
#477 = CARTESIAN_POINT('',(40.793881096314,423.203125,-59.0949807367));
#478 = CARTESIAN_POINT('',(43.773317014214,522.06249999999,
    -55.60135260904));
#479 = CARTESIAN_POINT('',(47.104086598528,620.921875,-52.45465526384));
#480 = CARTESIAN_POINT('',(50.749546380144,719.78124999999,
    -49.69550555193));
#481 = CARTESIAN_POINT('',(54.203525407959,818.640625,-46.79643839708));
#482 = CARTESIAN_POINT('',(56.698636670873,917.5,-43.50741912629));
#483 = CARTESIAN_POINT('',(57.837764325552,1.016359375E+03,
    -39.82132162257));
#484 = CARTESIAN_POINT('',(57.447641411711,1.11521875E+03,
    -35.81757653847));
#485 = CARTESIAN_POINT('',(55.477564842942,1.214078125E+03,
    -31.59137209623));
#486 = CARTESIAN_POINT('',(51.911054459855,1.3129375E+03,-27.22109590111
    ));
#487 = CARTESIAN_POINT('',(46.721665962681,1.411796875E+03,
    -22.75387659874));
#488 = CARTESIAN_POINT('',(39.817005768104,1.51065625E+03,
    -18.18991864977));
#489 = CARTESIAN_POINT('',(30.96834344499,1.609515625E+03,
    -13.46153152953));
#490 = CARTESIAN_POINT('',(23.606774858472,1.675421875E+03,
    -10.13921752041));
#491 = CARTESIAN_POINT('',(20.357894206533,1.708375E+03,-8.73884039947)
  );
#492 = CARTESIAN_POINT('',(28.544533797068,126.625,-62.25301099384));
#493 = CARTESIAN_POINT('',(29.19195276733,159.578125,-60.83970773058));
#494 = CARTESIAN_POINT('',(31.810863619519,225.48437499999,
    -59.57863887137));
#495 = CARTESIAN_POINT('',(35.503193609204,324.34375,-57.14731205097));
#496 = CARTESIAN_POINT('',(39.232586382982,423.203125,-55.19985575968));
#497 = CARTESIAN_POINT('',(41.997070747966,522.0625,-51.86683666376));
#498 = CARTESIAN_POINT('',(45.097348585092,620.921875,-48.85643582529));
#499 = CARTESIAN_POINT('',(48.499389695213,719.78125,-46.20742876204));
#500 = CARTESIAN_POINT('',(51.719054943703,818.640625,-43.42895289158));
#501 = CARTESIAN_POINT('',(54.029461557723,917.49999999999,
    -40.29514012963));
#502 = CARTESIAN_POINT('',(55.0560342245,1.016359375E+03,-36.80440218949
    ));
#503 = CARTESIAN_POINT('',(54.636407333453,1.11521875E+03,
    -33.03388180106));
#504 = CARTESIAN_POINT('',(52.723997554448,1.214078125E+03,
    -29.07399737987));
#505 = CARTESIAN_POINT('',(49.304276930325,1.3129375E+03,-24.99888199052
    ));
#506 = CARTESIAN_POINT('',(44.35291730342,1.411796875E+03,
    -20.85332002437));
#507 = CARTESIAN_POINT('',(37.782793472096,1.51065625E+03,
    -16.63869823746));
#508 = CARTESIAN_POINT('',(29.377336195029,1.609515625E+03,
    -12.29413970527));
#509 = CARTESIAN_POINT('',(22.39238935121,1.675421875E+03,
    -9.256301848666));
#510 = CARTESIAN_POINT('',(19.310574216026,1.708375E+03,-7.97771907389)
  );
#511 = CARTESIAN_POINT('',(27.665627445013,126.625,-58.10260137114));
#512 = CARTESIAN_POINT('',(28.254706494141,159.57812499999,
    -56.76591323351));
#513 = CARTESIAN_POINT('',(30.698195707455,225.484375,-55.54545929029));
#514 = CARTESIAN_POINT('',(34.134321802867,324.34374999999,
    -53.21088271054));
#515 = CARTESIAN_POINT('',(37.611848245571,423.203125,-51.33042914351));
#516 = CARTESIAN_POINT('',(40.163947738864,522.0625,-48.16126863187));
#517 = CARTESIAN_POINT('',(43.035931875916,620.921875,-45.29066365412));
#518 = CARTESIAN_POINT('',(46.196354239698,719.78125,-42.75550884257));
#519 = CARTESIAN_POINT('',(49.183663055125,818.640625,-40.10118907393));
#520 = CARTESIAN_POINT('',(51.311835836354,917.5,-37.1253679936));
#521 = CARTESIAN_POINT('',(52.228913901972,1.016359375E+03,
    -33.83164512206));
#522 = CARTESIAN_POINT('',(51.783393182847,1.11521875E+03,
    -30.29470803956));
#523 = CARTESIAN_POINT('',(49.932734816352,1.214078125E+03,
    -26.60014377432));
#524 = CARTESIAN_POINT('',(46.664296605027,1.3129375E+03,-22.81780249502
    ));
#525 = CARTESIAN_POINT('',(41.95582949273,1.411796875E+03,
    -18.99009266365));
#526 = CARTESIAN_POINT('',(35.725492717781,1.51065625E+03,
    -15.11950156736));
#527 = CARTESIAN_POINT('',(27.768978307246,1.609515625E+03,
    -11.15177545176));
#528 = CARTESIAN_POINT('',(21.164885888378,1.675421875E+03,
    -8.392485878206));
#529 = CARTESIAN_POINT('',(18.251946022199,1.708375E+03,-7.233069727804)
  );
#530 = CARTESIAN_POINT('',(26.720512003404,126.625,-53.97175494318));
#531 = CARTESIAN_POINT('',(27.252568628648,159.57812499999,
    -52.71253046266));
#532 = CARTESIAN_POINT('',(29.521519308005,225.484375,-51.53548540448));
#533 = CARTESIAN_POINT('',(32.703338549406,324.34375,-49.30169182478));
#534 = CARTESIAN_POINT('',(35.930407561198,423.203125,-47.49224139304));
#535 = CARTESIAN_POINT('',(38.273051921942,522.0625,-44.49017557469));
#536 = CARTESIAN_POINT('',(40.919302059668,620.921875,-41.76289141134));
#537 = CARTESIAN_POINT('',(43.84026152338,719.78125,-39.34536313688));
#538 = CARTESIAN_POINT('',(46.597525074037,818.640625,-36.81881032289));
#539 = CARTESIAN_POINT('',(48.546260046429,917.5,-34.00373538901));
#540 = CARTESIAN_POINT('',(49.357179646438,1.016359375E+03,
    -30.90855212099));
#541 = CARTESIAN_POINT('',(48.889587634191,1.11521875E+03,
    -27.60531987973));
#542 = CARTESIAN_POINT('',(47.10490606537,1.214078125E+03,
    -24.17473486742));
#543 = CARTESIAN_POINT('',(43.992306610276,1.3129375E+03,-20.68233923795
    ));
#544 = CARTESIAN_POINT('',(39.53157811211,1.411796875E+03,
    -17.16813483116));
#545 = CARTESIAN_POINT('',(33.646175349118,1.51065625E+03,
    -13.63562232887));
#546 = CARTESIAN_POINT('',(26.144143393862,1.609515625E+03,
    -10.03696376624));
#547 = CARTESIAN_POINT('',(19.924937541238,1.675421875E+03,
    -7.549687832919));
#548 = CARTESIAN_POINT('',(17.182590354383,1.708375E+03,-6.506546323704)
  );
#549 = CARTESIAN_POINT('',(25.705556924406,126.625,-49.86549091445));
#550 = CARTESIAN_POINT('',(26.182048724699,159.578125,-48.68456667068));
#551 = CARTESIAN_POINT('',(28.277559869537,225.48437499999,
    -47.5538745176));
#552 = CARTESIAN_POINT('',(31.20732512459,324.34375,-45.42507915895));
#553 = CARTESIAN_POINT('',(34.185664985855,423.203125,-43.69083919711));
#554 = CARTESIAN_POINT('',(36.322169463495,522.0625,-40.85917344196));
#555 = CARTESIAN_POINT('',(38.745620362623,620.921875,-38.27884511047));
#556 = CARTESIAN_POINT('',(41.429632814058,719.78125,-35.98286757225));
#557 = CARTESIAN_POINT('',(43.959524383309,818.64062499999,
    -33.58782235571));
#558 = CARTESIAN_POINT('',(45.731967179267,917.5,-30.93629041187));
#559 = CARTESIAN_POINT('',(46.440384998458,1.016359375E+03,
    -28.04109668707));
#560 = CARTESIAN_POINT('',(45.95482241508,1.11521875E+03,-24.97148990406
    ));
#561 = CARTESIAN_POINT('',(44.240569660788,1.214078125E+03,
    -21.80321635837));
#562 = CARTESIAN_POINT('',(41.28853389802,1.3129375E+03,-18.59748722706)
  );
#563 = CARTESIAN_POINT('',(37.080496057864,1.411796875E+03,
    -15.39186711363));
#564 = CARTESIAN_POINT('',(31.545213570106,1.51065625E+03,
    -12.19077616006));
#565 = CARTESIAN_POINT('',(24.503171480475,1.609515625E+03,
    -8.952565048472));
#566 = CARTESIAN_POINT('',(18.672812519791,1.675421875E+03,
    -6.730082898223));
#567 = CARTESIAN_POINT('',(16.102738876208,1.708375E+03,-5.800024473629)
  );
#568 = CARTESIAN_POINT('',(24.618790545897,126.625,-45.78784452198));
#569 = CARTESIAN_POINT('',(25.041273720898,159.578125,-44.68603120014));
#570 = CARTESIAN_POINT('',(26.96461714387,225.48437499999,
    -43.60471641439));
#571 = CARTESIAN_POINT('',(29.644858069514,324.34375,-41.58522075654));
#572 = CARTESIAN_POINT('',(32.376450844449,423.20312499999,
    -39.93050684774));
#573 = CARTESIAN_POINT('',(34.31041465756,522.0625,-37.27254824246));
#574 = CARTESIAN_POINT('',(36.514282637714,620.921875,-34.84284291915));
#575 = CARTESIAN_POINT('',(38.964139732038,719.78125,-32.67240280253));
#576 = CARTESIAN_POINT('',(41.269607358789,818.640625,-30.41265368021));
#577 = CARTESIAN_POINT('',(42.86915860307,917.5,-27.92744853127));
#578 = CARTESIAN_POINT('',(43.478951068655,1.016359375E+03,
    -25.23360129058));
#579 = CARTESIAN_POINT('',(42.979692467429,1.11521875E+03,-22.3973625935
    ));
#580 = CARTESIAN_POINT('',(41.340441941935,1.214078125E+03,
    -19.48947114291));
#581 = CARTESIAN_POINT('',(38.553759406723,1.3129375E+03,-16.56678652109
    ));
#582 = CARTESIAN_POINT('',(34.603368786415,1.411796875E+03,
    -13.66440610802));
#583 = CARTESIAN_POINT('',(29.423333582687,1.51065625E+03,
    -10.78757120931));
#584 = CARTESIAN_POINT('',(22.84665982967,1.609515625E+03,
    -7.900580495324));
#585 = CARTESIAN_POINT('',(17.40897189624,1.675421875E+03,
    -5.935191686336));
#586 = CARTESIAN_POINT('',(15.012789439833,1.708375E+03,-5.114815317689)
  );
#587 = CARTESIAN_POINT('',(23.456814208011,126.625,-41.74397654839));
#588 = CARTESIAN_POINT('',(23.82698405719,159.578125,-40.7220667967));
#589 = CARTESIAN_POINT('',(25.579653288005,225.48437499999,
    -39.69329393807));
#590 = CARTESIAN_POINT('',(28.013262129595,324.34375,-37.78756573934));
#591 = CARTESIAN_POINT('',(30.500417217938,423.203125,-36.21688571733));
#592 = CARTESIAN_POINT('',(32.23582680509,522.0625,-33.73599351585));
#593 = CARTESIAN_POINT('',(34.223706775459,620.921875,-31.46067166456));
#594 = CARTESIAN_POINT('',(36.442565532778,719.78125,-29.41988931274));
#595 = CARTESIAN_POINT('',(38.526923807412,818.64062499999,
    -27.29933829361));
#596 = CARTESIAN_POINT('',(39.957334390293,917.5,-24.98327069137));
#597 = CARTESIAN_POINT('',(40.472694120431,1.016359375E+03,
    -22.49203851938));
#598 = CARTESIAN_POINT('',(39.964282504733,1.11521875E+03,
    -19.88869814098));
#599 = CARTESIAN_POINT('',(38.404819185511,1.214078125E+03,
    -17.23892373933));
#600 = CARTESIAN_POINT('',(35.788427722208,1.3129375E+03,-14.59520511681
    ));
#601 = CARTESIAN_POINT('',(32.100721348553,1.411796875E+03,
    -11.9901427226));
#602 = CARTESIAN_POINT('',(27.281068786498,1.51065625E+03,
    -9.429694129015));
#603 = CARTESIAN_POINT('',(21.17507237686,1.609515625E+03,
    -6.883845853589));
#604 = CARTESIAN_POINT('',(16.133778074593,1.675421875E+03,
    -5.167170213939));
#605 = CARTESIAN_POINT('',(13.913054928858,1.708375E+03,-4.452777922011)
  );
#606 = CARTESIAN_POINT('',(22.217227341304,126.625,-37.73978606436));
#607 = CARTESIAN_POINT('',(22.536916168198,159.578125,-36.79852639213));
#608 = CARTESIAN_POINT('',(24.120656985217,225.484375,-35.82555717338));
#609 = CARTESIAN_POINT('',(26.31092590224,324.34375,-34.03815955275));
#610 = CARTESIAN_POINT('',(28.556322189285,423.203125,-32.55614994026));
#611 = CARTESIAN_POINT('',(30.097565912774,522.0625,-30.25565845549));
#612 = CARTESIAN_POINT('',(31.8734542304,620.921875,-28.13849890073));
#613 = CARTESIAN_POINT('',(33.864867847899,719.78125,-26.23155648278));
#614 = CARTESIAN_POINT('',(35.731824696034,818.640625,-24.25414679752));
#615 = CARTESIAN_POINT('',(36.997205013129,917.49999999999,
    -22.10998446967));
#616 = CARTESIAN_POINT('',(37.422626553047,1.016359375E+03,
    -19.8224831972));
#617 = CARTESIAN_POINT('',(36.909833706795,1.11521875E+03,
    -17.45130279728));
#618 = CARTESIAN_POINT('',(35.435089111406,1.214078125E+03,
    -15.05699860811));
#619 = CARTESIAN_POINT('',(32.993984915178,1.3129375E+03,-12.68767620413
    ));
#620 = CARTESIAN_POINT('',(29.57396539234,1.411796875E+03,
    -10.37341060001));
#621 = CARTESIAN_POINT('',(25.119697990689,1.51065625E+03,
    -8.120764922191));
#622 = CARTESIAN_POINT('',(19.489447008394,1.609515625E+03,
    -5.905134841579));
#623 = CARTESIAN_POINT('',(14.848029939329,1.675421875E+03,
    -4.428125396783));
#624 = CARTESIAN_POINT('',(12.804224594721,1.708375E+03,-3.815728935495)
  );
#625 = CARTESIAN_POINT('',(20.898754791114,126.625,-33.78155358528));
#626 = CARTESIAN_POINT('',(21.169921785109,159.578125,-32.92161935965));
#627 = CARTESIAN_POINT('',(22.586747502358,225.48437499999,
    -32.00776458406));
#628 = CARTESIAN_POINT('',(24.537381878067,324.34375,-30.3432804762));
#629 = CARTESIAN_POINT('',(26.544087590347,423.20312499999,
    -28.9546362363));
#630 = CARTESIAN_POINT('',(27.8959466174,522.0625,-26.83778025991));
#631 = CARTESIAN_POINT('',(29.464240038574,620.921875,-24.88250521324));
#632 = CARTESIAN_POINT('',(31.232164995926,719.78125,-23.11357224838));
#633 = CARTESIAN_POINT('',(32.885824977952,818.640625,-21.28321463232));
#634 = CARTESIAN_POINT('',(33.990632915597,917.5,-19.31361580385));
#635 = CARTESIAN_POINT('',(34.330880926811,1.016359375E+03,
    -17.23075397452));
#636 = CARTESIAN_POINT('',(33.818654846625,1.11521875E+03,
    -15.09068701909));
#637 = CARTESIAN_POINT('',(32.433634293647,1.214078125E+03,
    -12.94880137228));
#638 = CARTESIAN_POINT('',(30.172779762391,1.3129375E+03,-10.8488087357)
  );
#639 = CARTESIAN_POINT('',(27.025303989986,1.411796875E+03,
    -8.81823222996));
#640 = CARTESIAN_POINT('',(22.941159992487,1.51065625E+03,
    -6.864125123092));
#641 = CARTESIAN_POINT('',(17.791326660635,1.609515625E+03,
    -4.966996999912));
#642 = CARTESIAN_POINT('',(13.552909893855,1.675421875E+03,
    -3.719991908516));
#643 = CARTESIAN_POINT('',(11.687318366158,1.708375E+03,-3.205336414751)
  );
#644 = CARTESIAN_POINT('',(19.499180554823,126.625,-29.87849509285));
#645 = CARTESIAN_POINT('',(19.723976206813,159.578125,-29.10046321691));
#646 = CARTESIAN_POINT('',(20.976292993871,225.48437499999,
    -28.24912035676));
#647 = CARTESIAN_POINT('',(22.691607952345,324.34375,-26.71218377687));
#648 = CARTESIAN_POINT('',(24.463263719625,423.203125,-25.42170678484));
#649 = CARTESIAN_POINT('',(25.631105070359,522.0625,-23.49159472035));
#650 = CARTESIAN_POINT('',(26.996795166685,620.921875,-21.70186382851));
#651 = CARTESIAN_POINT('',(28.545784702225,719.78124999999,
    -20.07511240499));
#652 = CARTESIAN_POINT('',(29.990840357751,818.640625,-18.39569047823));
#653 = CARTESIAN_POINT('',(30.940053202627,917.5,-16.60316984286));
#654 = CARTESIAN_POINT('',(31.200302536464,1.016359375E+03,
    -14.7255638536));
#655 = CARTESIAN_POINT('',(30.693867931174,1.11521875E+03,
    -12.81511756005));
#656 = CARTESIAN_POINT('',(29.403707172968,1.214078125E+03,
    -10.92200429282));
#657 = CARTESIAN_POINT('',(27.328040940315,1.3129375E+03,-9.085539062131
    ));
#658 = CARTESIAN_POINT('',(24.457781378758,1.411796875E+03,
    -7.330669428952));
#659 = CARTESIAN_POINT('',(20.748144314048,1.51065625E+03,
    -5.664816092109));
#660 = CARTESIAN_POINT('',(16.082857499119,1.609515625E+03,
    -4.073282168319));
#661 = CARTESIAN_POINT('',(12.250063624624,1.675421875E+03,
    -3.045691742014));
#662 = CARTESIAN_POINT('',(10.563755835725,1.708375E+03,-2.624119698222)
  );
#663 = CARTESIAN_POINT('',(18.016400913127,126.625,-26.04281340563));
#664 = CARTESIAN_POINT('',(18.197216708651,159.578125,-25.34711612738));
#665 = CARTESIAN_POINT('',(19.287950248509,225.484375,-24.56176217119));
#666 = CARTESIAN_POINT('',(20.773060129311,324.34375,-23.15702178148));
#667 = CARTESIAN_POINT('',(22.314061879346,423.203125,-21.96960452295));
#668 = CARTESIAN_POINT('',(23.30400553077,522.06249999999,
    -20.22913010597));
#669 = CARTESIAN_POINT('',(24.472853951166,620.921875,-18.60847078495));
#670 = CARTESIAN_POINT('',(25.808239462491,719.78125,-17.12802550383));
#671 = CARTESIAN_POINT('',(27.050147516703,818.640625,-15.60333745055));
#672 = CARTESIAN_POINT('',(27.849407423823,917.5,-13.99017834703));
#673 = CARTESIAN_POINT('',(28.0353427719,1.016359375E+03,-12.31802880654
    ));
#674 = CARTESIAN_POINT('',(27.540247060413,1.11521875E+03,
    -10.63510508588));
#675 = CARTESIAN_POINT('',(26.350201240947,1.214078125E+03,
    -8.986331937801));
#676 = CARTESIAN_POINT('',(24.46456827109,1.3129375E+03,-7.406634435894)
  );
#677 = CARTESIAN_POINT('',(21.875882444974,1.411796875E+03,
    -5.91836511017));
#678 = CARTESIAN_POINT('',(18.544586501852,1.51065625E+03,
    -4.529180683042));
#679 = CARTESIAN_POINT('',(14.367165243078,1.609515625E+03,
    -3.228826209659));
#680 = CARTESIAN_POINT('',(10.941885380823,1.675421875E+03,
    -2.408893844319));
#681 = CARTESIAN_POINT('',(9.435602213405,1.708375E+03,-2.075242089002)
  );
#682 = CARTESIAN_POINT('',(16.448758805659,126.625,-22.29099367762));
#683 = CARTESIAN_POINT('',(16.588294238463,159.578125,-21.67784745213));
#684 = CARTESIAN_POINT('',(17.521071093059,225.48437499999,
    -20.96201652691));
#685 = CARTESIAN_POINT('',(18.782158308437,324.34375,-19.69406517303));
#686 = CARTESIAN_POINT('',(20.097918589445,423.20312499999,
    -18.61464984482));
#687 = CARTESIAN_POINT('',(20.917069226898,522.0625,-17.06634929611));
#688 = CARTESIAN_POINT('',(21.895852952559,620.92187499999,
    -15.61803985928));
#689 = CARTESIAN_POINT('',(23.023999947556,719.78125,-14.28788856189));
#690 = CARTESIAN_POINT('',(24.069229007086,818.64062499999,
    -12.92154647505));
#691 = CARTESIAN_POINT('',(24.725043696779,917.5,-11.48966076217));
#692 = CARTESIAN_POINT('',(24.842991012337,1.016359375E+03,
    -10.02256526023));
#693 = CARTESIAN_POINT('',(24.365155246076,1.11521875E+03,
    -8.564227705942));
#694 = CARTESIAN_POINT('',(23.280564729631,1.214078125E+03,
    -7.154301974547));
#695 = CARTESIAN_POINT('',(21.589594694467,1.3129375E+03,-5.823343653874
    ));
#696 = CARTESIAN_POINT('',(19.286313767575,1.411796875E+03,
    -4.591097143194));
#697 = CARTESIAN_POINT('',(16.336337350989,1.51065625E+03,
    -3.465313413445));
#698 = CARTESIAN_POINT('',(12.648877724681,1.609515625E+03,
    -2.439788667244));
#699 = CARTESIAN_POINT('',(9.631916681807,1.675421875E+03,
    -1.814269284612));
#700 = CARTESIAN_POINT('',(8.305912176881,1.708375E+03,-1.562730815026)
  );
#701 = CARTESIAN_POINT('',(14.794759610463,126.625,-18.64565932288));
#702 = CARTESIAN_POINT('',(14.896125319385,159.578125,-18.1149710595));
#703 = CARTESIAN_POINT('',(15.675533279285,225.48437499999,
    -17.47224263016));
#704 = CARTESIAN_POINT('',(16.720238373739,324.34375,-16.34554682542));
#705 = CARTESIAN_POINT('',(17.817562437413,423.203125,-15.37909602485));
#706 = CARTESIAN_POINT('',(18.474354743482,522.0625,-14.0249705186));
#707 = CARTESIAN_POINT('',(19.271227710191,620.921875,-12.75190106878));
#708 = CARTESIAN_POINT('',(20.199909591634,719.78124999999,
    -11.57579615219));
#709 = CARTESIAN_POINT('',(21.056303447673,818.640625,-10.37111025298));
#710 = CARTESIAN_POINT('',(21.576347038399,917.5,-9.121861220608));
#711 = CARTESIAN_POINT('',(21.633481066785,1.016359375E+03,
    -7.858562614079));
#712 = CARTESIAN_POINT('',(21.179298053459,1.11521875E+03,
    -6.620710809045));
#713 = CARTESIAN_POINT('',(20.205570117537,1.214078125E+03,
    -5.442685493904));
#714 = CARTESIAN_POINT('',(18.713538851163,1.3129375E+03,-4.350712519321
    ));
#715 = CARTESIAN_POINT('',(16.698705259932,1.411796875E+03,
    -3.361924262249));
#716 = CARTESIAN_POINT('',(14.131777570161,1.51065625E+03,-2.48401084664
    ));
#717 = CARTESIAN_POINT('',(10.934612498988,1.609515625E+03,
    -1.714376990651));
#718 = CARTESIAN_POINT('',(8.325219718028,1.675421875E+03,
    -1.268040656251));
#719 = CARTESIAN_POINT('',(7.179051952308,1.708375E+03,-1.091950711422)
  );
#720 = CARTESIAN_POINT('',(13.055921916161,126.625,-15.13879442337));
#721 = CARTESIAN_POINT('',(13.122755985377,159.578125,-14.68997096424));
#722 = CARTESIAN_POINT('',(13.754738884488,225.48437499999,
    -14.12383448314));
#723 = CARTESIAN_POINT('',(14.592728263966,324.34375,-13.14245042147));
#724 = CARTESIAN_POINT('',(15.480378865651,423.203125,-12.29373277958));
#725 = CARTESIAN_POINT('',(15.985028261408,522.06249999999,
    -11.13482014185));
#726 = CARTESIAN_POINT('',(16.610014502463,620.921875,-10.03911596922));
#727 = CARTESIAN_POINT('',(17.348942602359,719.78125,-9.020254434458));
#728 = CARTESIAN_POINT('',(18.026226459223,818.640625,-7.97989156498));
#729 = CARTESIAN_POINT('',(18.419722084212,917.5,-6.913686327908));
#730 = CARTESIAN_POINT('',(18.424271986991,1.016359375E+03,
    -5.851592451143));
#731 = CARTESIAN_POINT('',(18.000610462358,1.11521875E+03,
    -4.828417237644));
#732 = CARTESIAN_POINT('',(17.143013840354,1.214078125E+03,
    -3.873293971185));
#733 = CARTESIAN_POINT('',(15.853424922845,1.3129375E+03,-3.008188135055
    ));
#734 = CARTESIAN_POINT('',(14.12865677232,1.411796875E+03,
    -2.247631372963));
#735 = CARTESIAN_POINT('',(11.944392567105,1.51065625E+03,-1.59908326475
    ));
#736 = CARTESIAN_POINT('',(9.234967102956,1.609515625E+03,
    -1.063050215114));
#737 = CARTESIAN_POINT('',(7.029892302444,1.675421875E+03,
    -0.778130432014));
#738 = CARTESIAN_POINT('',(6.06200568139,1.708375E+03,-0.669731877884));
#739 = CARTESIAN_POINT('',(11.238980861356,126.625,-11.81499234095));
#740 = CARTESIAN_POINT('',(11.275588328535,159.57812499999,
    -11.44666391479));
#741 = CARTESIAN_POINT('',(11.767976953458,225.484375,-10.96028737445));
#742 = CARTESIAN_POINT('',(12.41169630059,324.34375,-10.12740452491));
#743 = CARTESIAN_POINT('',(13.10115086471,423.203125,-9.400634922199));
#744 = CARTESIAN_POINT('',(13.466228945265,522.06249999999,
    -8.436366730302));
#745 = CARTESIAN_POINT('',(13.931862466895,620.921875,-7.518812166772));
#746 = CARTESIAN_POINT('',(14.493383295157,719.78124999999,
    -6.659333693757));
#747 = CARTESIAN_POINT('',(15.003825677281,818.640625,-5.784788245439));
#748 = CARTESIAN_POINT('',(15.282029014639,917.5,-4.900471100731));
#749 = CARTESIAN_POINT('',(15.243508953157,1.016359375E+03,
    -4.034967425995));
#750 = CARTESIAN_POINT('',(14.857658310865,1.11521875E+03,
    -3.218197011181));
#751 = CARTESIAN_POINT('',(14.120972114793,1.214078125E+03,
    -2.474123263032));
#752 = CARTESIAN_POINT('',(13.035906539104,1.3129375E+03,-1.820564940058
    ));
#753 = CARTESIAN_POINT('',(11.600442834132,1.411796875E+03,
    -1.269488156977));
#754 = CARTESIAN_POINT('',(9.795065866285,1.51065625E+03,-0.827937273385
    ));
#755 = CARTESIAN_POINT('',(7.566296169891,1.609515625E+03,
    -0.498935608851));
#756 = CARTESIAN_POINT('',(5.758421359981,1.675421875E+03,
    -0.354472062711));
#757 = CARTESIAN_POINT('',(4.965542588945,1.708375E+03,-0.304637698141)
  );
#758 = CARTESIAN_POINT('',(9.362357079646,126.625,-8.740853470126));
#759 = CARTESIAN_POINT('',(9.373915173224,159.578125,-8.450346655576));
#760 = CARTESIAN_POINT('',(9.737351798244,225.484375,-8.046063115803));
#761 = CARTESIAN_POINT('',(10.203315718731,324.34375,-7.36304297366));
#762 = CARTESIAN_POINT('',(10.710079688882,423.203125,-6.761096255765));
#763 = CARTESIAN_POINT('',(10.951447776458,522.06249999999,
    -5.988028720637));
#764 = CARTESIAN_POINT('',(11.273834904883,620.921875,-5.246908094452));
#765 = CARTESIAN_POINT('',(11.674109750868,719.78125,-4.54686087282));
#766 = CARTESIAN_POINT('',(12.033633122259,818.640625,-3.837377452554));
#767 = CARTESIAN_POINT('',(12.210605236734,917.5,-3.131042728019));
#768 = CARTESIAN_POINT('',(12.140113351219,1.016359375E+03,
    -2.454202747948));
#769 = CARTESIAN_POINT('',(11.799551418461,1.11521875E+03,
    -1.831742076437));
#770 = CARTESIAN_POINT('',(11.187286705263,1.214078125E+03,
    -1.282613343489));
#771 = CARTESIAN_POINT('',(10.306074526581,1.3129375E+03,-0.820673731988
    ));
#772 = CARTESIAN_POINT('',(9.154889015787,1.411796875E+03,
    -0.455399728416));
#773 = CARTESIAN_POINT('',(7.718756455974,1.51065625E+03,-0.193223164822
    ));
#774 = CARTESIAN_POINT('',(5.955884848728,1.609515625E+03,
    -3.900403395133E-02));
#775 = CARTESIAN_POINT('',(4.531622992699,1.675421875E+03,
    -9.887053216969E-03));
#776 = CARTESIAN_POINT('',(3.907614652056,1.708375E+03,
    -7.720441487572E-03));
#777 = CARTESIAN_POINT('',(7.473225279973,126.625,-6.009706301093));
#778 = CARTESIAN_POINT('',(7.465816901836,159.578125,-5.792153546202));
#779 = CARTESIAN_POINT('',(7.714866518135,225.484375,-5.470219574714));
#780 = CARTESIAN_POINT('',(8.025082151896,324.34375,-4.934499088929));
#781 = CARTESIAN_POINT('',(8.370238196333,423.203125,-4.457061711193));
#782 = CARTESIAN_POINT('',(8.50778196312,522.0625,-3.866504611731));
#783 = CARTESIAN_POINT('',(8.707584504373,620.921875,-3.295328557177));
#784 = CARTESIAN_POINT('',(8.967811597193,719.78124999999,
    -2.750520965063));
#785 = CARTESIAN_POINT('',(9.197089555392,818.640625,-2.200917424587));
#786 = CARTESIAN_POINT('',(9.290234593924,917.5,-1.66374337979));
#787 = CARTESIAN_POINT('',(9.200232419294,1.016359375E+03,
    -1.162254564766));
#788 = CARTESIAN_POINT('',(8.911577471803,1.11521875E+03,-0.716279754752
    ));
#789 = CARTESIAN_POINT('',(8.424096979949,1.214078125E+03,
    -0.340060576712));
#790 = CARTESIAN_POINT('',(7.740613311607,1.3129375E+03,
    -4.379174745027E-02));
#791 = CARTESIAN_POINT('',(6.860883661721,1.411796875E+03,0.165394225261
    ));
#792 = CARTESIAN_POINT('',(5.774082599779,1.51065625E+03,0.281868161675)
  );
#793 = CARTESIAN_POINT('',(4.44927333211,1.609515625E+03,0.299693932213)
  );
#794 = CARTESIAN_POINT('',(3.384202790053,1.675421875E+03,0.242803094591
    ));
#795 = CARTESIAN_POINT('',(2.918150735586,1.708375E+03,0.209970093169));
#796 = CARTESIAN_POINT('',(5.650643462369,126.625,-3.738730862609));
#797 = CARTESIAN_POINT('',(5.631194839471,159.578125,-3.586168825491));
#798 = CARTESIAN_POINT('',(5.785331814729,225.48437499999,
    -3.343392448761));
#799 = CARTESIAN_POINT('',(5.968508243928,324.34375,-2.946215978598));
#800 = CARTESIAN_POINT('',(6.180079116608,423.20312499999,
    -2.587754732249));
#801 = CARTESIAN_POINT('',(6.238193523479,522.0625,-2.163300914023));
#802 = CARTESIAN_POINT('',(6.341374860844,620.921875,-1.748407246527));
#803 = CARTESIAN_POINT('',(6.488790029585,719.78124999999,
    -1.348109362841));
#804 = CARTESIAN_POINT('',(6.614118845601,818.640625,-0.946462906684));
#805 = CARTESIAN_POINT('',(6.64449249919,917.49999999999,-0.56246919527)
  );
#806 = CARTESIAN_POINT('',(6.548358641671,1.016359375E+03,
    -0.215565140374));
#807 = CARTESIAN_POINT('',(6.316106835542,1.11521875E+03,
    7.9285152523E-02));
#808 = CARTESIAN_POINT('',(5.948547524259,1.214078125E+03,0.312051491609
    ));
#809 = CARTESIAN_POINT('',(5.448333376941,1.3129375E+03,0.475746663268)
  );
#810 = CARTESIAN_POINT('',(4.815760340707,1.411796875E+03,0.5653371085)
  );
#811 = CARTESIAN_POINT('',(4.043581179954,1.51065625E+03,0.576154310998)
  );
#812 = CARTESIAN_POINT('',(3.110420542159,1.609515625E+03,0.501997708693
    ));
#813 = CARTESIAN_POINT('',(2.36487382355,1.675421875E+03,0.392276067085)
  );
#814 = CARTESIAN_POINT('',(2.039158072457,1.708375E+03,0.338679343861));
#815 = CARTESIAN_POINT('',(4.013784051193,126.625,-2.025888293078));
#816 = CARTESIAN_POINT('',(3.98913984206,159.578125,-1.926852891659));
#817 = CARTESIAN_POINT('',(4.071900288401,225.48437499999,
    -1.754906688252));
#818 = CARTESIAN_POINT('',(4.161829178462,324.34375,-1.478954838687));
#819 = CARTESIAN_POINT('',(4.273472179932,423.20312499999,-1.22631631634
    ));
#820 = CARTESIAN_POINT('',(4.278866723212,522.0625,-0.942082949704));
#821 = CARTESIAN_POINT('',(4.314702893602,620.921875,-0.660656324766));
#822 = CARTESIAN_POINT('',(4.380822027017,719.78125,-0.385419663356));
#823 = CARTESIAN_POINT('',(4.432281025969,818.64062499999,
    -0.111006436499));
#824 = CARTESIAN_POINT('',(4.422530116097,917.5,0.144411939717));
#825 = CARTESIAN_POINT('',(4.332282117838,1.016359375E+03,0.365579927274
    ));
#826 = CARTESIAN_POINT('',(4.156363507789,1.11521875E+03,0.541890694028)
  );
#827 = CARTESIAN_POINT('',(3.896085957119,1.214078125E+03,0.666796860623
    ));
#828 = CARTESIAN_POINT('',(3.553739321958,1.3129375E+03,0.735899278138)
  );
#829 = CARTESIAN_POINT('',(3.129908853847,1.411796875E+03,0.745903617921
    ));
#830 = CARTESIAN_POINT('',(2.620180314496,1.51065625E+03,0.693171360646)
  );
#831 = CARTESIAN_POINT('',(2.01094736709,1.609515625E+03,0.571959076859)
  );
#832 = CARTESIAN_POINT('',(1.528114883514,1.675421875E+03,0.441852599837
    ));
#833 = CARTESIAN_POINT('',(1.317613066102,1.708375E+03,0.381280456233));
#834 = CARTESIAN_POINT('',(2.636347817523,126.625,-0.891716918014));
#835 = CARTESIAN_POINT('',(2.612613691375,159.578125,-0.833172479325));
#836 = CARTESIAN_POINT('',(2.648346350747,225.484375,-0.720585085864));
#837 = CARTESIAN_POINT('',(2.679407588093,324.34375,-0.543634723885));
#838 = CARTESIAN_POINT('',(2.725807819814,423.203125,-0.379079097164));
#839 = CARTESIAN_POINT('',(2.704341757164,522.06249999999,
    -0.204421029782));
#840 = CARTESIAN_POINT('',(2.701775981304,620.921875,-2.882992553618E-02
    ));
#841 = CARTESIAN_POINT('',(2.718308118161,719.78124999999,0.145607033535
    ));
#842 = CARTESIAN_POINT('',(2.725927789508,818.640625,0.318261677111));
#843 = CARTESIAN_POINT('',(2.697691412436,917.49999999999,0.473940950404
    ));
#844 = CARTESIAN_POINT('',(2.623108723118,1.016359375E+03,0.60161478748)
  );
#845 = CARTESIAN_POINT('',(2.499933635672,1.11521875E+03,0.694332067112)
  );
#846 = CARTESIAN_POINT('',(2.329540616084,1.214078125E+03,0.748194648817
    ));
#847 = CARTESIAN_POINT('',(2.113716369002,1.3129375E+03,0.76070615363));
#848 = CARTESIAN_POINT('',(1.853106669872,1.411796875E+03,0.729898711372
    ));
#849 = CARTESIAN_POINT('',(1.545323433593,1.51065625E+03,0.653157795443)
  );
#850 = CARTESIAN_POINT('',(1.182528794172,1.609515625E+03,0.525777791965
    ));
#851 = CARTESIAN_POINT('',(0.897971837878,1.675421875E+03,0.403963406137
    ));
#852 = CARTESIAN_POINT('',(0.774248230046,1.708375E+03,0.348496691292));
#853 = CARTESIAN_POINT('',(1.406684455464,126.625,-0.135767308163));
#854 = CARTESIAN_POINT('',(1.388173954219,159.578125,-0.109568282869));
#855 = CARTESIAN_POINT('',(1.392810678363,225.48437499999,
    -4.976651710714E-02));
#856 = CARTESIAN_POINT('',(1.387688593373,324.34375,4.131735716956E-02)
  );
#857 = CARTESIAN_POINT('',(1.391585035971,423.20312499999,0.128048223966
    ));
#858 = CARTESIAN_POINT('',(1.360757359975,522.0625,0.211919409798));
#859 = CARTESIAN_POINT('',(1.339166501685,620.92187499999,0.298439363735
    ));
#860 = CARTESIAN_POINT('',(1.327151735409,719.78125,0.386599000018));
#861 = CARTESIAN_POINT('',(1.310936688038,818.64062499999,0.472845916088
    ));
#862 = CARTESIAN_POINT('',(1.278958124738,917.5,0.546549910487));
#863 = CARTESIAN_POINT('',(1.227305959728,1.016359375E+03,0.601043320879
    ));
#864 = CARTESIAN_POINT('',(1.155674165751,1.11521875E+03,0.632629374493)
  );
#865 = CARTESIAN_POINT('',(1.065193471797,1.214078125E+03,0.639539802754
    ));
#866 = CARTESIAN_POINT('',(0.957036193863,1.3129375E+03,0.620747116215)
  );
#867 = CARTESIAN_POINT('',(0.831749374566,1.411796875E+03,0.575353087255
    ));
#868 = CARTESIAN_POINT('',(0.688454876903,1.51065625E+03,0.501788636243)
  );
#869 = CARTESIAN_POINT('',(0.523822062169,1.609515625E+03,0.39682005678)
  );
#870 = CARTESIAN_POINT('',(0.397227892583,1.675421875E+03,0.303658209117
    ));
#871 = CARTESIAN_POINT('',(0.342475167699,1.708375E+03,0.261914674849));
#872 = CARTESIAN_POINT('',(0.399537548624,126.625,0.146308044088));
#873 = CARTESIAN_POINT('',(0.391101318383,159.578125,0.151009805605));
#874 = CARTESIAN_POINT('',(0.384573255137,225.48437499999,0.167847372318
    ));
#875 = CARTESIAN_POINT('',(0.37132283589,324.34375,0.191906109674));
#876 = CARTESIAN_POINT('',(0.361087393748,423.203125,0.215957474035));
#877 = CARTESIAN_POINT('',(0.341798079701,522.0625,0.234711141683));
#878 = CARTESIAN_POINT('',(0.324671303038,620.921875,0.255386565783));
#879 = CARTESIAN_POINT('',(0.309930555792,719.78124999999,0.277753996032
    ));
#880 = CARTESIAN_POINT('',(0.294298651944,818.640625,0.299055282141));
#881 = CARTESIAN_POINT('',(0.276020781096,917.5,0.314899101831));
#882 = CARTESIAN_POINT('',(0.254903701313,1.016359375E+03,0.322966317791
    ));
#883 = CARTESIAN_POINT('',(0.231345692765,1.11521875E+03,0.322213554339)
  );
#884 = CARTESIAN_POINT('',(0.205883948954,1.214078125E+03,0.312308027796
    ));
#885 = CARTESIAN_POINT('',(0.178970496222,1.3129375E+03,0.293123461829)
  );
#886 = CARTESIAN_POINT('',(0.150870792737,1.411796875E+03,0.264487253133
    ));
#887 = CARTESIAN_POINT('',(0.121550767814,1.51065625E+03,0.225859116771)
  );
#888 = CARTESIAN_POINT('',(9.05273432725E-02,1.609515625E+03,
    0.175927548532));
#889 = CARTESIAN_POINT('',(6.829256394735E-02,1.675421875E+03,
    0.134154031029));
#890 = CARTESIAN_POINT('',(5.886475762619E-02,1.708375E+03,
    0.115692988665));
#891 = CARTESIAN_POINT('',(-0.255042931474,126.625,-8.40246654634E-02));
#892 = CARTESIAN_POINT('',(-0.249818821925,159.578125,
    -8.716486810803E-02));
#893 = CARTESIAN_POINT('',(-0.246049299568,225.48437499999,
    -9.792054176321E-02));
#894 = CARTESIAN_POINT('',(-0.238188833635,324.34375,-0.113370149131));
#895 = CARTESIAN_POINT('',(-0.232229979787,423.203125,-0.128752756205));
#896 = CARTESIAN_POINT('',(-0.220450636623,522.0625,-0.140980955755));
#897 = CARTESIAN_POINT('',(-0.210075104357,620.921875,-0.154376625181));
#898 = CARTESIAN_POINT('',(-0.201239604384,719.78125,-0.16879022251));
#899 = CARTESIAN_POINT('',(-0.191819939539,818.640625,-0.18254975455));
#900 = CARTESIAN_POINT('',(-0.180618411358,917.49999999999,
    -0.192921585506));
#901 = CARTESIAN_POINT('',(-0.167465168477,1.016359375E+03,
    -0.198446863643));
#902 = CARTESIAN_POINT('',(-0.152589858095,1.11521875E+03,
    -0.198459219885));
#903 = CARTESIAN_POINT('',(-0.136324445131,1.214078125E+03,
    -0.192737634307));
#904 = CARTESIAN_POINT('',(-0.118951443968,1.3129375E+03,-0.181193107387
    ));
#905 = CARTESIAN_POINT('',(-0.100634728881,1.411796875E+03,
    -0.163711276048));
#906 = CARTESIAN_POINT('',(-8.134163594765E-02,1.51065625E+03,
    -0.139952048006));
#907 = CARTESIAN_POINT('',(-6.074033089479E-02,1.609515625E+03,
    -0.109098152547));
#908 = CARTESIAN_POINT('',(-4.585136947471E-02,1.675421875E+03,
    -8.320838206526E-02));
#909 = CARTESIAN_POINT('',(-3.952279514473E-02,1.708375E+03,
    -7.175863142628E-02));
#910 = CARTESIAN_POINT('',(-0.540439733862,126.625,-0.273584356615));
#911 = CARTESIAN_POINT('',(-0.52772709994,159.578125,-0.278822809751));
#912 = CARTESIAN_POINT('',(-0.515685366507,225.48437499999,
    -0.301537862659));
#913 = CARTESIAN_POINT('',(-0.49293332684,324.34375,-0.333339621107));
#914 = CARTESIAN_POINT('',(-0.474445167221,423.20312499999,
    -0.365634514585));
#915 = CARTESIAN_POINT('',(-0.44404123855,522.0625,-0.388927223739));
#916 = CARTESIAN_POINT('',(-0.416373788018,620.92187499999,
    -0.415298144651));
#917 = CARTESIAN_POINT('',(-0.391797166864,719.78125,-0.444459778173));
#918 = CARTESIAN_POINT('',(-0.366138673211,818.64062499999,
    -0.471965230657));
#919 = CARTESIAN_POINT('',(-0.337650748318,917.5,-0.491312855825));
#920 = CARTESIAN_POINT('',(-0.306447522525,1.016359375E+03,
    -0.499191525318));
#921 = CARTESIAN_POINT('',(-0.273266357912,1.11521875E+03,
    -0.494192609439));
#922 = CARTESIAN_POINT('',(-0.238922333107,1.214078125E+03,
    -0.475935332101));
#923 = CARTESIAN_POINT('',(-0.204075624621,1.3129375E+03,-0.444316657817
    ));
#924 = CARTESIAN_POINT('',(-0.169130371798,1.411796875E+03,
    -0.399136892418));
#925 = CARTESIAN_POINT('',(-0.134128642642,1.51065625E+03,
    -0.339626477342));
#926 = CARTESIAN_POINT('',(-9.86064957874E-02,1.609515625E+03,
    -0.263850492408));
#927 = CARTESIAN_POINT('',(-7.414739985978E-02,1.675421875E+03,
    -0.20107643255));
#928 = CARTESIAN_POINT('',(-6.390148500302E-02,1.708375E+03,
    -0.173401132884));
#929 = CARTESIAN_POINT('',(-0.819327759444,126.625,-0.636975857296));
#930 = CARTESIAN_POINT('',(-0.796234109954,159.57812499999,
    -0.641624720546));
#931 = CARTESIAN_POINT('',(-0.768548746103,225.484375,-0.675883975047));
#932 = CARTESIAN_POINT('',(-0.719877585092,324.34374999999,
    -0.721919139073));
#933 = CARTESIAN_POINT('',(-0.678215691574,423.203125,-0.77017916159));
#934 = CARTESIAN_POINT('',(-0.619461127972,522.06249999999,
    -0.799400040744));
#935 = CARTESIAN_POINT('',(-0.56430108438,620.921875,-0.834693253595));
#936 = CARTESIAN_POINT('',(-0.513425578326,719.78124999999,
    -0.875691283031));
#937 = CARTESIAN_POINT('',(-0.461272719657,818.640625,-0.913549983581));
#938 = CARTESIAN_POINT('',(-0.407031546462,917.49999999999,
    -0.936763418276));
#939 = CARTESIAN_POINT('',(-0.351977706354,1.016359375E+03,
    -0.93980053869));
#940 = CARTESIAN_POINT('',(-0.297812274344,1.11521875E+03,-0.92053375314
    ));
#941 = CARTESIAN_POINT('',(-0.246030613039,1.214078125E+03,
    -0.878589471723));
#942 = CARTESIAN_POINT('',(-0.197776679715,1.3129375E+03,-0.814010488943
    ));
#943 = CARTESIAN_POINT('',(-0.1537954837,1.411796875E+03,-0.726593246729
    ));
#944 = CARTESIAN_POINT('',(-0.114409643528,1.51065625E+03,
    -0.615057328914));
#945 = CARTESIAN_POINT('',(-7.947222553821E-02,1.609515625E+03,
    -0.475996889479));
#946 = CARTESIAN_POINT('',(-5.888435093847E-02,1.675421875E+03,
    -0.362422962287));
#947 = CARTESIAN_POINT('',(-5.071150971007E-02,1.708375E+03,
    -0.312527333842));
#948 = CARTESIAN_POINT('',(-0.989121361122,126.625,-1.238941527052));
#949 = CARTESIAN_POINT('',(-0.953161160704,159.578125,-1.237589672538));
#950 = CARTESIAN_POINT('',(-0.899795394133,225.484375,-1.27857292741));
#951 = CARTESIAN_POINT('',(-0.811051962416,324.34375,-1.329542840941));
#952 = CARTESIAN_POINT('',(-0.731923127782,423.203125,-1.386322958453));
#953 = CARTESIAN_POINT('',(-0.634215348039,522.06249999999,
    -1.408715735419));
#954 = CARTESIAN_POINT('',(-0.539675141403,620.921875,-1.441412090394));
#955 = CARTESIAN_POINT('',(-0.449458698251,719.78124999999,
    -1.484112884227));
#956 = CARTESIAN_POINT('',(-0.358467505136,818.640625,-1.521694547907));
#957 = CARTESIAN_POINT('',(-0.269610643293,917.5,-1.536778789569));
#958 = CARTESIAN_POINT('',(-0.186760089439,1.016359375E+03,
    -1.521607076731));
#959 = CARTESIAN_POINT('',(-0.11320288099,1.11521875E+03,-1.473627710928
    ));
#960 = CARTESIAN_POINT('',(-5.129346015494E-02,1.214078125E+03,
    -1.392820453902));
#961 = CARTESIAN_POINT('',(-2.715507515717E-03,1.3129375E+03,
    -1.279657840907));
#962 = CARTESIAN_POINT('',(3.135173117543E-02,1.411796875E+03,
    -1.134103901338));
#963 = CARTESIAN_POINT('',(4.997134657603E-02,1.51065625E+03,
    -0.954372329166));
#964 = CARTESIAN_POINT('',(5.214393243837E-02,1.609515625E+03,
    -0.735352306573));
#965 = CARTESIAN_POINT('',(4.211661249292E-02,1.675421875E+03,
    -0.559314415382));
#966 = CARTESIAN_POINT('',(3.641647851509E-02,1.708375E+03,
    -0.482288644787));
#967 = CARTESIAN_POINT('',(-1.033629213078,126.625,-2.23183772951));
#968 = CARTESIAN_POINT('',(-0.979937174339,159.578125,-2.216537936685));
#969 = CARTESIAN_POINT('',(-0.88440187362,225.48437499999,
    -2.258616099365));
#970 = CARTESIAN_POINT('',(-0.731870597477,324.34375,-2.302696013481));
#971 = CARTESIAN_POINT('',(-0.591685263869,423.203125,-2.359077670008));
#972 = CARTESIAN_POINT('',(-0.436184693079,522.0625,-2.356786782032));
#973 = CARTESIAN_POINT('',(-0.281657434753,620.921875,-2.371191227735));
#974 = CARTESIAN_POINT('',(-0.129956149235,719.78125,-2.402266634477));
#975 = CARTESIAN_POINT('',(2.10246509197E-02,818.64062499999,
    -2.425341973464));
#976 = CARTESIAN_POINT('',(0.160491748208,917.5,-2.415301743974));
#977 = CARTESIAN_POINT('',(0.279748774516,1.016359375E+03,
    -2.361882176473));
#978 = CARTESIAN_POINT('',(0.372901192181,1.11521875E+03,-2.262450263978
    ));
#979 = CARTESIAN_POINT('',(0.436393484401,1.214078125E+03,
    -2.117843857866));
#980 = CARTESIAN_POINT('',(0.46786268745,1.3129375E+03,-1.929396014164)
  );
#981 = CARTESIAN_POINT('',(0.465518457492,1.411796875E+03,
    -1.697487448109));
#982 = CARTESIAN_POINT('',(0.427290095212,1.51065625E+03,-1.419771810771
    ));
#983 = CARTESIAN_POINT('',(0.349786596673,1.609515625E+03,
    -1.088915893191));
#984 = CARTESIAN_POINT('',(0.269750697908,1.675421875E+03,
    -0.827331860365));
#985 = CARTESIAN_POINT('',(0.232752688276,1.708375E+03,-0.713359311034)
  );
#986 = CARTESIAN_POINT('',(-0.900862787647,126.625,-3.872161841713));
#987 = CARTESIAN_POINT('',(-0.820933684859,159.578125,-3.830272071388));
#988 = CARTESIAN_POINT('',(-0.655896712669,225.48437499999,
    -3.865404830591));
#989 = CARTESIAN_POINT('',(-0.400005674172,324.34375,-3.884939341871));
#990 = CARTESIAN_POINT('',(-0.159601481617,423.20312499999,
    -3.92800602712));
#991 = CARTESIAN_POINT('',(8.572077515961E-02,522.0625,-3.873182031216)
  );
#992 = CARTESIAN_POINT('',(0.334999739065,620.921875,-3.845098529998));
#993 = CARTESIAN_POINT('',(0.585295587559,719.78125,-3.844326944444));
#994 = CARTESIAN_POINT('',(0.83181725246,818.640625,-3.831132632649));
#995 = CARTESIAN_POINT('',(1.049215380957,917.49999999999,
    -3.769324495738));
#996 = CARTESIAN_POINT('',(1.220348789031,1.016359375E+03,-3.64552361184
    ));
#997 = CARTESIAN_POINT('',(1.33502256901,1.11521875E+03,-3.457504082387)
  );
#998 = CARTESIAN_POINT('',(1.387886050251,1.214078125E+03,-3.20776244768
    ));
#999 = CARTESIAN_POINT('',(1.375638800028,1.3129375E+03,-2.89918625021)
  );
#1000 = CARTESIAN_POINT('',(1.295572985997,1.411796875E+03,
    -2.532967436621));
#1001 = CARTESIAN_POINT('',(1.143639230398,1.51065625E+03,
    -2.106074736529));
#1002 = CARTESIAN_POINT('',(0.912056871465,1.609515625E+03,
    -1.608019985154));
#1003 = CARTESIAN_POINT('',(0.699274874279,1.675421875E+03,
    -1.22042039696));
#1004 = CARTESIAN_POINT('',(0.603200695378,1.708375E+03,-1.052242754061)
  );
#1005 = CARTESIAN_POINT('',(-0.487615553903,126.625,-6.309907402328));
#1006 = CARTESIAN_POINT('',(-0.371894471038,159.57812499999,
    -6.224788358007));
#1007 = CARTESIAN_POINT('',(-0.103741165292,225.484375,-6.240435874799)
  );
#1008 = CARTESIAN_POINT('',(0.303640518163,324.34374999999,
    -6.209714640497));
#1009 = CARTESIAN_POINT('',(0.692303087916,423.203125,-6.219745206136));
#1010 = CARTESIAN_POINT('',(1.065192826214,522.06249999999,
    -6.07454624453));
#1011 = CARTESIAN_POINT('',(1.45073191646,620.921875,-5.97047781242));
#1012 = CARTESIAN_POINT('',(1.844431278167,719.78124999999,
    -5.909145254849));
#1013 = CARTESIAN_POINT('',(2.229207492666,818.640625,-5.829169862974));
#1014 = CARTESIAN_POINT('',(2.556476172795,917.5,-5.679687193879));
#1015 = CARTESIAN_POINT('',(2.796049169501,1.016359375E+03,
    -5.443760278333));
#1016 = CARTESIAN_POINT('',(2.931348359884,1.11521875E+03,
    -5.120334977702));
#1017 = CARTESIAN_POINT('',(2.954553161177,1.214078125E+03,
    -4.714625211422));
#1018 = CARTESIAN_POINT('',(2.861163316243,1.3129375E+03,-4.231967765103
    ));
#1019 = CARTESIAN_POINT('',(2.647203865605,1.411796875E+03,
    -3.674888768917));
#1020 = CARTESIAN_POINT('',(2.305574320684,1.51065625E+03,
    -3.039590600327));
#1021 = CARTESIAN_POINT('',(1.821511294379,1.609515625E+03,
    -2.311437111225));
#1022 = CARTESIAN_POINT('',(1.393564079934,1.675421875E+03,
    -1.752588672034));
#1023 = CARTESIAN_POINT('',(1.201979970266,1.708375E+03,-1.511007441464)
  );
#1024 = CARTESIAN_POINT('',(0.210237493236,126.625,-9.490401671052));
#1025 = CARTESIAN_POINT('',(0.370304278427,159.57812499999,
    -9.346153296721));
#1026 = CARTESIAN_POINT('',(0.772865222158,225.484375,-9.329644395686));
#1027 = CARTESIAN_POINT('',(1.376339618994,324.34374999999,
    -9.223229639218));
#1028 = CARTESIAN_POINT('',(1.957932798721,423.203125,-9.180422160323));
#1029 = CARTESIAN_POINT('',(2.492907619523,522.06249999999,
    -8.908270160972));
#1030 = CARTESIAN_POINT('',(3.052876828451,620.921875,-8.695627469993));
#1031 = CARTESIAN_POINT('',(3.631378856604,719.78124999999,
    -8.545557508539));
#1032 = CARTESIAN_POINT('',(4.193791106714,818.640625,-8.368988524351));
#1033 = CARTESIAN_POINT('',(4.660036963907,917.5,-8.097224876793));
#1034 = CARTESIAN_POINT('',(4.982540962836,1.016359375E+03,
    -7.709474909973));
#1035 = CARTESIAN_POINT('',(5.136402559164,1.11521875E+03,
    -7.206629767976));
#1036 = CARTESIAN_POINT('',(5.110724170189,1.214078125E+03,
    -6.59763414629));
#1037 = CARTESIAN_POINT('',(4.899582262282,1.3129375E+03,-5.891122524872
    ));
#1038 = CARTESIAN_POINT('',(4.497419506966,1.411796875E+03,
    -5.09145622213));
#1039 = CARTESIAN_POINT('',(3.893073446435,1.51065625E+03,
    -4.194022621041));
#1040 = CARTESIAN_POINT('',(3.062333031969,1.609515625E+03,
    -3.179171128478));
#1041 = CARTESIAN_POINT('',(2.340517748842,1.675421875E+03,
    -2.408675312538));
#1042 = CARTESIAN_POINT('',(2.018653516048,1.708375E+03,-2.076581889992)
  );
#1043 = CARTESIAN_POINT('',(1.135892803767,126.625,-13.18125913927));
#1044 = CARTESIAN_POINT('',(1.345705016768,159.578125,-12.96640168762));
#1045 = CARTESIAN_POINT('',(1.904148943396,225.484375,-12.90766146251));
#1046 = CARTESIAN_POINT('',(2.734047418881,324.34375,-12.7060170014));
#1047 = CARTESIAN_POINT('',(3.539165126701,423.203125,-12.59478693044));
#1048 = CARTESIAN_POINT('',(4.259059143077,522.06249999999,
    -12.16871103769));
#1049 = CARTESIAN_POINT('',(5.019006194842,620.921875,-11.82318361334));
#1050 = CARTESIAN_POINT('',(5.810291327507,719.78125,-11.5630397728));
#1051 = CARTESIAN_POINT('',(6.576842465041,818.640625,-11.26746916665));
#1052 = CARTESIAN_POINT('',(7.201177730025,917.5,-10.84804185113));
#1053 = CARTESIAN_POINT('',(7.615277785751,1.016359375E+03,
    -10.28006763944));
#1054 = CARTESIAN_POINT('',(7.784588337102,1.11521875E+03,
    -9.566999087414));
#1055 = CARTESIAN_POINT('',(7.694747207755,1.214078125E+03,
    -8.722245676697));
#1056 = CARTESIAN_POINT('',(7.338282921416,1.3129375E+03,-7.758343339565
    ));
#1057 = CARTESIAN_POINT('',(6.707853560592,1.411796875E+03,
    -6.681852035586));
#1058 = CARTESIAN_POINT('',(5.78752360704,1.51065625E+03,-5.487348286386
    ));
#1059 = CARTESIAN_POINT('',(4.541872077059,1.609515625E+03,
    -4.149652417664));
#1060 = CARTESIAN_POINT('',(3.469439200115,1.675421875E+03,
    -3.142143340493));
#1061 = CARTESIAN_POINT('',(2.992251403917,1.708375E+03,-2.708849882133)
  );
#1062 = CARTESIAN_POINT('',(2.209953351561,126.625,-17.14043698039));
#1063 = CARTESIAN_POINT('',(2.471925470154,159.57812499999,-16.848442602
    ));
#1064 = CARTESIAN_POINT('',(3.197520015927,225.484375,-16.74095889988));
#1065 = CARTESIAN_POINT('',(4.269508450762,324.34374999999,
    -16.4319863576));
#1066 = CARTESIAN_POINT('',(5.314144997008,423.203125,-16.24238311586));
#1067 = CARTESIAN_POINT('',(6.230177970829,522.06249999999,
    -15.64657175697));
#1068 = CARTESIAN_POINT('',(7.202930457613,620.921875,-15.15367529253));
#1069 = CARTESIAN_POINT('',(8.221295245616,719.78124999999,
    -14.77048510957));
#1070 = CARTESIAN_POINT('',(9.205423986299,818.640625,-14.34242381516));
#1071 = CARTESIAN_POINT('',(9.997108242784,917.49999999999,
    -13.76056355811));
#1072 = CARTESIAN_POINT('',(10.506211949669,1.016359375E+03,
    -12.99643468054));
#1073 = CARTESIAN_POINT('',(10.687828146793,1.11521875E+03,
    -12.05645024226));
#1074 = CARTESIAN_POINT('',(10.523952540552,1.214078125E+03,
    -10.95890388008));
#1075 = CARTESIAN_POINT('',(10.005525817537,1.3129375E+03,
    -9.720568844558));
#1076 = CARTESIAN_POINT('',(9.123327938832,1.411796875E+03,
    -8.35041187336));
#1077 = CARTESIAN_POINT('',(7.856261815132,1.51065625E+03,
    -6.842234160414));
#1078 = CARTESIAN_POINT('',(6.156709134119,1.609515625E+03,
    -5.165128097206));
#1079 = CARTESIAN_POINT('',(4.701450696427,1.675421875E+03,
    -3.909395497929));
#1080 = CARTESIAN_POINT('',(4.05474971254,1.708375E+03,-3.370231570856)
  );
#1081 = CARTESIAN_POINT('',(3.370805554954,126.625,-21.22305285396));
#1082 = CARTESIAN_POINT('',(3.685773905979,159.578125,-20.85060004878));
#1083 = CARTESIAN_POINT('',(4.583687825403,225.48437499999,
    -20.69059114445));
#1084 = CARTESIAN_POINT('',(5.904791667999,324.34375,-20.26754316091));
#1085 = CARTESIAN_POINT('',(7.196246707231,423.203125,-19.99385288646));
#1086 = CARTESIAN_POINT('',(8.313072478754,522.0625,-19.21997692544));
#1087 = CARTESIAN_POINT('',(9.504141054698,620.921875,-18.57194670173));
#1088 = CARTESIAN_POINT('',(10.755894775354,719.78125,-18.05860752197));
#1089 = CARTESIAN_POINT('',(11.963463378861,818.640625,-17.49074546393)
  );
#1090 = CARTESIAN_POINT('',(12.926246495151,917.5,-16.73873669551));
#1091 = CARTESIAN_POINT('',(13.531179141233,1.016359375E+03,
    -15.77047875381));
#1092 = CARTESIAN_POINT('',(13.722680825812,1.11521875E+03,
    -14.59557740591));
#1093 = CARTESIAN_POINT('',(13.479040445115,1.214078125E+03,
    -13.23742501149));
#1094 = CARTESIAN_POINT('',(12.789609080513,1.3129375E+03,
    -11.71719857754));
#1095 = CARTESIAN_POINT('',(11.643253809325,1.411796875E+03,
    -10.04637839867));
#1096 = CARTESIAN_POINT('',(10.013527762029,1.51065625E+03,
    -8.218028260175));
#1097 = CARTESIAN_POINT('',(7.840121684397,1.609515625E+03,
    -6.195467511679));
#1098 = CARTESIAN_POINT('',(5.985686763834,1.675421875E+03,
    -4.687728776853));
#1099 = CARTESIAN_POINT('',(5.162283172979,1.708375E+03,-4.041159217961)
  );
#1100 = CARTESIAN_POINT('',(4.587399522122,126.625,-25.36338971343));
#1101 = CARTESIAN_POINT('',(4.955530576912,159.578125,-24.90866469472));
#1102 = CARTESIAN_POINT('',(6.02816871888,225.484375,-24.69371901716));
#1103 = CARTESIAN_POINT('',(7.601524616135,324.34375,-24.15247335893));
#1104 = CARTESIAN_POINT('',(9.143163780034,423.203125,-23.79109427191));
#1105 = CARTESIAN_POINT('',(10.462543016206,522.06249999999,
    -22.83439530493));
#1106 = CARTESIAN_POINT('',(11.874184882862,620.921875,-22.02669905131)
  );
#1107 = CARTESIAN_POINT('',(13.362058723373,719.78125,-21.3789608216));
#1108 = CARTESIAN_POINT('',(14.795546476984,818.640625,-20.66697570159)
  );
#1109 = CARTESIAN_POINT('',(15.93076460227,917.5,-19.74045665452));
#1110 = CARTESIAN_POINT('',(16.631304537926,1.016359375E+03,
    -18.56381220496));
#1111 = CARTESIAN_POINT('',(16.830762762982,1.11521875E+03,
    -17.14998918847));
#1112 = CARTESIAN_POINT('',(16.503705005512,1.214078125E+03,
    -15.52759673407));
#1113 = CARTESIAN_POINT('',(15.637905488688,1.3129375E+03,-13.7223031946
    ));
#1114 = CARTESIAN_POINT('',(14.220308916293,1.411796875E+03,
    -11.74816137797));
#1115 = CARTESIAN_POINT('',(12.219022872023,1.51065625E+03,
    -9.597533047829));
#1116 = CARTESIAN_POINT('',(9.560784116182,1.609515625E+03,
    -7.22798137249));
#1117 = CARTESIAN_POINT('',(7.298271368245,1.675421875E+03,
    -5.467592702443));
#1118 = CARTESIAN_POINT('',(6.294261813732,1.708375E+03,-4.713401702989)
  );
#1119 = CARTESIAN_POINT('',(5.84302586699,126.625,-29.53390148162));
#1120 = CARTESIAN_POINT('',(6.264260065307,159.578125,-28.99578596262));
#1121 = CARTESIAN_POINT('',(7.512871708632,225.484375,-28.72422303289));
#1122 = CARTESIAN_POINT('',(9.340022473888,324.34375,-28.06199354402));
#1123 = CARTESIAN_POINT('',(11.133574044993,423.203125,-27.61043583131)
  );
#1124 = CARTESIAN_POINT('',(12.65615598609,522.06249999999,
    -26.46786266968));
#1125 = CARTESIAN_POINT('',(14.289342532958,620.921875,-25.49754274727)
  );
#1126 = CARTESIAN_POINT('',(16.014621286491,719.78125,-24.71257750033));
#1127 = CARTESIAN_POINT('',(17.675153318602,818.640625,-23.8536197344));
#1128 = CARTESIAN_POINT('',(18.983232585606,917.5,-22.74981818266));
#1129 = CARTESIAN_POINT('',(19.77886741573,1.016359375E+03,
    -21.36221661302));
#1130 = CARTESIAN_POINT('',(19.984753458432,1.11521875E+03,
    -19.70720645112));
#1131 = CARTESIAN_POINT('',(19.571733789399,1.214078125E+03,
    -17.81868686642));
#1132 = CARTESIAN_POINT('',(18.526021296259,1.3129375E+03,
    -15.72686971743));
#1133 = CARTESIAN_POINT('',(16.832637763728,1.411796875E+03,
    -13.44841703653));
#1134 = CARTESIAN_POINT('',(14.454190101515,1.51065625E+03,
    -10.97501858781));
#1135 = CARTESIAN_POINT('',(11.304302541509,1.609515625E+03,
    -8.258514942602));
#1136 = CARTESIAN_POINT('',(8.628239216076,1.675421875E+03,
    -6.245873996854));
#1137 = CARTESIAN_POINT('',(7.441229722568,1.708375E+03,-5.384276398558)
  );
#1138 = CARTESIAN_POINT('',(7.126123505659,126.625,-33.72395927138));
#1139 = CARTESIAN_POINT('',(7.600389847299,159.578125,-33.10169125584));
#1140 = CARTESIAN_POINT('',(9.02578247254,225.484375,-32.77232969185));
#1141 = CARTESIAN_POINT('',(11.107706035599,324.34375,-31.98717202786));
#1142 = CARTESIAN_POINT('',(13.154282626995,423.203125,-31.44368866962)
  );
#1143 = CARTESIAN_POINT('',(14.880427846643,522.0625,-30.11314022911));
#1144 = CARTESIAN_POINT('',(16.73574216117,620.921875,-28.97815069602));
#1145 = CARTESIAN_POINT('',(18.699226436871,719.78125,-28.05399253489));
#1146 = CARTESIAN_POINT('',(20.587493744749,818.640625,-27.04608579575)
  );
#1147 = CARTESIAN_POINT('',(22.068649946189,917.49999999999,
    -25.76309719325));
#1148 = CARTESIAN_POINT('',(22.958960066718,1.016359375E+03,
    -24.1627970822));
#1149 = CARTESIAN_POINT('',(23.170168608995,1.11521875E+03,
    -22.26509427715));
#1150 = CARTESIAN_POINT('',(22.669398335754,1.214078125E+03,
    -20.10922800647));
#1151 = CARTESIAN_POINT('',(21.441312813254,1.3129375E+03,-17.7299888302
    ));
#1152 = CARTESIAN_POINT('',(19.469011530309,1.411796875E+03,
    -15.14667308783));
#1153 = CARTESIAN_POINT('',(16.709563893802,1.51065625E+03,
    -12.35032053943));
#1154 = CARTESIAN_POINT('',(13.063374258513,1.609515625E+03,
    -9.287076391977));
#1155 = CARTESIAN_POINT('',(9.970034124749,1.675421875E+03,
    -7.022603139944));
#1156 = CARTESIAN_POINT('',(8.598395815546,1.708375E+03,-6.053810574601)
  );
#1157 = CARTESIAN_POINT('',(8.428813779958,126.625,-37.92902482852));
#1158 = CARTESIAN_POINT('',(8.956079981801,159.57812499999,
    -37.22204503944));
#1159 = CARTESIAN_POINT('',(10.558874785697,225.484375,-36.83404142137)
  );
#1160 = CARTESIAN_POINT('',(12.896336719673,324.34374999999,
    -35.92455840751));
#1161 = CARTESIAN_POINT('',(15.196797342745,423.203125,-35.28790005813)
  );
#1162 = CARTESIAN_POINT('',(17.126823824987,522.06249999999,
    -33.76784857322));
#1163 = CARTESIAN_POINT('',(19.204745250706,620.921875,-32.46670774413)
  );
#1164 = CARTESIAN_POINT('',(21.407071457132,719.78125,-31.40193915267));
#1165 = CARTESIAN_POINT('',(23.523630530836,818.640625,-30.24365546606)
  );
#1166 = CARTESIAN_POINT('',(25.178070664724,917.5,-28.78009209154));
#1167 = CARTESIAN_POINT('',(26.162794035075,1.016359375E+03,
    -26.96580866151));
#1168 = CARTESIAN_POINT('',(26.378555309672,1.11521875E+03,
    -24.82428333792));
#1169 = CARTESIAN_POINT('',(25.788757359375,1.214078125E+03,
    -22.40013205997));
#1170 = CARTESIAN_POINT('',(24.376522310182,1.3129375E+03,
    -19.73275014701));
#1171 = CARTESIAN_POINT('',(22.123027163812,1.411796875E+03,
    -16.84408661113));
#1172 = CARTESIAN_POINT('',(18.979776314414,1.51065625E+03,
    -13.72454634928));
#1173 = CARTESIAN_POINT('',(14.833875005194,1.609515625E+03,
    -10.31459635708));
#1174 = CARTESIAN_POINT('',(11.320521270431,1.675421875E+03,
    -7.79850190316));
#1175 = CARTESIAN_POINT('',(9.763057066199,1.708375E+03,-6.722627170721)
  );
#1176 = CARTESIAN_POINT('',(9.745679482769,126.625,-42.14688149375));
#1177 = CARTESIAN_POINT('',(10.32595542232,159.57812499999,
    -41.35475664756));
#1178 = CARTESIAN_POINT('',(12.10668386773,225.484375,-40.90749920914));
#1179 = CARTESIAN_POINT('',(14.700361397461,324.34374999999,
    -39.87266103728));
#1180 = CARTESIAN_POINT('',(17.255446139285,423.203125,-39.14191769382)
  );
#1181 = CARTESIAN_POINT('',(19.389694077922,522.06249999999,
    -37.4312048256));
#1182 = CARTESIAN_POINT('',(21.690684373158,620.921875,-35.96279992778)
  );
#1183 = CARTESIAN_POINT('',(24.132431396906,719.78124999999,
    -34.75636738139));
#1184 = CARTESIAN_POINT('',(26.477800145532,818.640625,-33.44664018931)
  );
#1185 = CARTESIAN_POINT('',(28.305770113776,917.5,-31.80144479614));
#1186 = CARTESIAN_POINT('',(29.384784544811,1.016359375E+03,
    -29.77217102201));
#1187 = CARTESIAN_POINT('',(29.604575207501,1.11521875E+03,
    -27.38590403785));
#1188 = CARTESIAN_POINT('',(28.924823126771,1.214078125E+03,
    -24.69266478326));
#1189 = CARTESIAN_POINT('',(27.327113445637,1.3129375E+03,
    -21.73647392087));
#1190 = CARTESIAN_POINT('',(24.790699389446,1.411796875E+03,
    -18.54194728577));
#1191 = CARTESIAN_POINT('',(21.261498184481,1.51065625E+03,
    -15.09886487704));
#1192 = CARTESIAN_POINT('',(16.613253795679,1.609515625E+03,
    -11.34202377988));
#1193 = CARTESIAN_POINT('',(12.677762906271,1.675421875E+03,
    -8.574300758206));
#1194 = CARTESIAN_POINT('',(10.933542687598,1.708375E+03,-7.391356416052
    ));
#1195 = CARTESIAN_POINT('',(11.071572767916,126.625,-46.37547060611));
#1196 = CARTESIAN_POINT('',(11.704909208473,159.578125,-45.49788643984)
  );
#1197 = CARTESIAN_POINT('',(13.66401951375,225.48437499999,
    -44.9909835116));
#1198 = CARTESIAN_POINT('',(16.514508957294,324.34375,-43.83010900539));
#1199 = CARTESIAN_POINT('',(19.324847825266,423.20312499999,
    -43.00469298375));
#1200 = CARTESIAN_POINT('',(21.663681241834,522.0625,-41.10251014102));
#1201 = CARTESIAN_POINT('',(24.188188295548,620.921875,-39.46607796321)
  );
#1202 = CARTESIAN_POINT('',(26.86988328917,719.78124999999,
    -38.11727313935));
#1203 = CARTESIAN_POINT('',(29.444545808947,818.640625,-36.65537850353)
  );
#1204 = CARTESIAN_POINT('',(31.446330859357,917.5,-34.82780657191));
#1205 = CARTESIAN_POINT('',(32.61964872558,1.016359375E+03,
    -32.58279745507));
#1206 = CARTESIAN_POINT('',(32.843180432497,1.11521875E+03,
    -29.95106741012));
#1207 = CARTESIAN_POINT('',(32.072880892173,1.214078125E+03,
    -26.98806276399));
#1208 = CARTESIAN_POINT('',(30.288799437566,1.3129375E+03,
    -23.74244494773));
#1209 = CARTESIAN_POINT('',(27.468263156438,1.411796875E+03,
    -20.24150678553));
#1210 = CARTESIAN_POINT('',(23.551584984936,1.51065625E+03,
    -16.4744084011));
#1211 = CARTESIAN_POINT('',(18.399101542507,1.609515625E+03,
    -12.37027675674));
#1212 = CARTESIAN_POINT('',(14.039929145341,1.675421875E+03,
    -9.350706236682));
#1213 = CARTESIAN_POINT('',(12.108274896047,1.708375E+03,-8.060607877041
    ));
#1214 = CARTESIAN_POINT('',(12.397989772815,126.625,-50.61010142762));
#1215 = CARTESIAN_POINT('',(13.084482837476,159.578125,-49.64695940717)
  );
#1216 = CARTESIAN_POINT('',(15.22223096628,225.484375,-49.08038393462));
#1217 = CARTESIAN_POINT('',(18.329912682431,324.34375,-47.79338047282));
#1218 = CARTESIAN_POINT('',(21.395874697383,423.203125,-46.87324060127)
  );
#1219 = CARTESIAN_POINT('',(23.939623475279,522.0625,-44.77939231432));
#1220 = CARTESIAN_POINT('',(26.687995548879,620.921875,-42.97477429897)
  );
#1221 = CARTESIAN_POINT('',(29.610001158188,719.78125,-41.48347777064));
#1222 = CARTESIAN_POINT('',(32.414308749252,818.640625,-39.86928003103)
  );
#1223 = CARTESIAN_POINT('',(34.590194964932,917.5,-37.85913916091));
#1224 = CARTESIAN_POINT('',(35.858005948266,1.016359375E+03,
    -35.39813425972));
#1225 = CARTESIAN_POINT('',(36.085356142095,1.11521875E+03,
    -32.52061426127));
#1226 = CARTESIAN_POINT('',(35.224467765453,1.214078125E+03,
    -29.28745702975));
#1227 = CARTESIAN_POINT('',(33.253850919401,1.3129375E+03,
    -25.75197051255));
#1228 = CARTESIAN_POINT('',(30.148903190273,1.411796875E+03,
    -21.94412753157));
#1229 = CARTESIAN_POINT('',(25.844325918369,1.51065625E+03,
    -17.85246585286));
#1230 = CARTESIAN_POINT('',(20.187032135684,1.609515625E+03,
    -13.40043078226));
#1231 = CARTESIAN_POINT('',(15.403686419895,1.675421875E+03,
    -10.12855119433));
#1232 = CARTESIAN_POINT('',(13.284379308181,1.708375E+03,-8.731100316455
    ));
#1233 = CARTESIAN_POINT('',(13.722618308923,126.625,-54.84425241236));
#1234 = CARTESIAN_POINT('',(14.462286249574,159.578125,-53.79559039991)
  );
#1235 = CARTESIAN_POINT('',(16.778653269684,225.48437499999,
    -53.16941866107));
#1236 = CARTESIAN_POINT('',(20.143514168462,324.34375,-51.75640505897));
#1237 = CARTESIAN_POINT('',(23.465075527772,423.20312499999,
    -50.74165257597));
#1238 = CARTESIAN_POINT('',(26.213761356862,522.0625,-48.4562539015));
#1239 = CARTESIAN_POINT('',(29.186007630396,620.921875,-46.4835665296));
#1240 = CARTESIAN_POINT('',(32.348320305529,719.78124999999,
    -44.84989482459));
#1241 = CARTESIAN_POINT('',(35.382275259892,818.640625,-43.08350894606)
  );
#1242 = CARTESIAN_POINT('',(37.73228801802,917.49999999999,
    -40.89090130421));
#1243 = CARTESIAN_POINT('',(39.094647076566,1.016359375E+03,
    -38.21398221682));
#1244 = CARTESIAN_POINT('',(39.325901491732,1.11521875E+03,
    -35.09072858334));
#1245 = CARTESIAN_POINT('',(38.374539710921,1.214078125E+03,
    -31.5874472754));
#1246 = CARTESIAN_POINT('',(36.217531310649,1.3129375E+03,
    -27.76209117527));
#1247 = CARTESIAN_POINT('',(32.828343863254,1.411796875E+03,
    -23.6473118234));
#1248 = CARTESIAN_POINT('',(28.136068587521,1.51065625E+03,
    -19.23102279048));
#1249 = CARTESIAN_POINT('',(21.974199931876,1.609515625E+03,
    -14.43098426772));
#1250 = CARTESIAN_POINT('',(16.766864652925,1.675421875E+03,
    -10.90670261274));
#1251 = CARTESIAN_POINT('',(14.459984467978,1.708375E+03,-9.401857119487
    ));
#1252 = CARTESIAN_POINT('',(15.041103453818,126.625,-59.0744168844));
#1253 = CARTESIAN_POINT('',(15.83396876039,159.57812499999,
    -57.94039958627));
#1254 = CARTESIAN_POINT('',(18.328790414051,225.484375,-57.25489546557)
  );
#1255 = CARTESIAN_POINT('',(21.950636337969,324.34375,-55.7163027675));
#1256 = CARTESIAN_POINT('',(25.52757182173,423.203125,-54.60732714628));
#1257 = CARTESIAN_POINT('',(28.481135978005,522.0625,-52.13083740636));
#1258 = CARTESIAN_POINT('',(31.677148925704,620.921875,-49.99053010111)
  );
#1259 = CARTESIAN_POINT('',(35.079613191076,719.78125,-48.21491729308));
#1260 = CARTESIAN_POINT('',(38.343083917733,818.64062499999,
    -46.29677859416));
#1261 = CARTESIAN_POINT('',(40.867194087678,917.5,-43.92211950499));
#1262 = CARTESIAN_POINT('',(42.324208466712,1.016359375E+03,
    -41.02966024986));
#1263 = CARTESIAN_POINT('',(42.559620967533,1.11521875E+03,
    -37.66098942762));
#1264 = CARTESIAN_POINT('',(41.518185293361,1.214078125E+03,
    -33.88783208426));
#1265 = CARTESIAN_POINT('',(39.175327561798,1.3129375E+03,
    -29.77277851042));
#1266 = CARTESIAN_POINT('',(35.502584962834,1.411796875E+03,
    -25.35115352758));
#1267 = CARTESIAN_POINT('',(30.423446381809,1.51065625E+03,
    -20.61024139541));
#1268 = CARTESIAN_POINT('',(23.758010726986,1.609515625E+03,
    -15.46211028283));
#1269 = CARTESIAN_POINT('',(18.127490637399,1.675421875E+03,
    -11.68530079024));
#1270 = CARTESIAN_POINT('',(15.63338890638,1.708375E+03,-10.07299961578)
  );
#1271 = CARTESIAN_POINT('',(16.351458718202,126.625,-63.30142484636));
#1272 = CARTESIAN_POINT('',(17.19758758884,159.57812499999,
    -62.08223882606));
#1273 = CARTESIAN_POINT('',(19.870736427952,225.484375,-61.33774984181)
  );
#1274 = CARTESIAN_POINT('',(23.749445644267,324.34374999999,
    -59.67412770641));
#1275 = CARTESIAN_POINT('',(27.581587215362,423.203125,-58.47143767966)
  );
#1276 = CARTESIAN_POINT('',(30.740072724515,522.06249999999,
    -55.80440662737));
#1277 = CARTESIAN_POINT('',(34.159836073982,620.921875,-53.49702944668)
  );
#1278 = CARTESIAN_POINT('',(37.802376029324,719.78125,-51.5800193369));
#1279 = CARTESIAN_POINT('',(41.295314775931,818.640625,-49.51066727283)
  );
#1280 = CARTESIAN_POINT('',(43.993589205412,917.5,-46.95444801183));
#1281 = CARTESIAN_POINT('',(45.545474720117,1.016359375E+03,
    -43.84685860617));
#1282 = CARTESIAN_POINT('',(45.785418082957,1.11521875E+03,
    -40.23307790396));
#1283 = CARTESIAN_POINT('',(44.654434489652,1.214078125E+03,
    -36.19023673179));
#1284 = CARTESIAN_POINT('',(42.126401351002,1.3129375E+03,-31.7855547263
    ));
#1285 = CARTESIAN_POINT('',(38.170923725381,1.411796875E+03,
    -27.05702373998));
#1286 = CARTESIAN_POINT('',(32.705896002684,1.51065625E+03,
    -21.99129086703));
#1287 = CARTESIAN_POINT('',(25.538046739444,1.609515625E+03,
    -16.4947186077));
#1288 = CARTESIAN_POINT('',(19.485249529939,1.675421875E+03,
    -12.46503931478));
#1289 = CARTESIAN_POINT('',(16.804321257571,1.708375E+03,-10.74512594134
    ));
#1290 = CARTESIAN_POINT('',(17.653397874672,126.625,-67.52609560791));
#1291 = CARTESIAN_POINT('',(18.552874836555,159.578125,-66.22192020953)
  );
#1292 = CARTESIAN_POINT('',(21.404258409586,225.48437499999,
    -65.41880537122));
#1293 = CARTESIAN_POINT('',(25.539764266436,324.34375,-63.63071369108));
#1294 = CARTESIAN_POINT('',(29.626995056135,423.203125,-62.33483297008)
  );
#1295 = CARTESIAN_POINT('',(32.990499472727,522.0625,-59.47780420614));
#1296 = CARTESIAN_POINT('',(36.634051712805,620.92187499999,
    -57.00390695199));
#1297 = CARTESIAN_POINT('',(40.516645800015,719.78125,-54.94604903743));
#1298 = CARTESIAN_POINT('',(44.239058628251,818.64062499999,
    -52.72602597446));
#1299 = CARTESIAN_POINT('',(47.111612796818,917.5,-49.98872949481));
#1300 = CARTESIAN_POINT('',(48.758625305103,1.016359375E+03,
    -46.66639709492));
#1301 = CARTESIAN_POINT('',(49.003501599384,1.11521875E+03,
    -42.80777570005));
#1302 = CARTESIAN_POINT('',(47.783513384784,1.214078125E+03,
    -38.49538994021));
#1303 = CARTESIAN_POINT('',(45.070983333445,1.3129375E+03,
    -33.80108128498));
#1304 = CARTESIAN_POINT('',(40.833582007233,1.411796875E+03,
    -28.76550256318));
#1305 = CARTESIAN_POINT('',(34.98361633072,1.51065625E+03,
    -23.37465509635));
#1306 = CARTESIAN_POINT('',(27.314468254123,1.609515625E+03,
    -17.52917961098));
#1307 = CARTESIAN_POINT('',(20.840264512753,1.675421875E+03,
    -13.2461994462));
#1308 = CARTESIAN_POINT('',(17.972887791383,1.708375E+03,-11.41847860427
    ));
#1309 = CARTESIAN_POINT('',(18.945158303723,126.625,-71.74896180001));
#1310 = CARTESIAN_POINT('',(19.898103161688,159.578125,-70.35999878212)
  );
#1311 = CARTESIAN_POINT('',(22.927653028698,225.48437499999,
    -69.49869147087));
#1312 = CARTESIAN_POINT('',(27.319940131386,324.34375,-67.58679738294));
#1313 = CARTESIAN_POINT('',(31.662181503857,423.203125,-66.19835614074)
  );
#1314 = CARTESIAN_POINT('',(35.230881051445,522.0625,-63.1519590936));
#1315 = CARTESIAN_POINT('',(39.098329518277,620.921875,-60.51218516012)
  );
#1316 = CARTESIAN_POINT('',(43.221014296473,719.78124999999,
    -58.31412924594));
#1317 = CARTESIAN_POINT('',(47.172969500927,818.640625,-55.94407347424)
  );
#1318 = CARTESIAN_POINT('',(50.219993911793,917.5,-53.02625573311));
#1319 = CARTESIAN_POINT('',(51.962478498362,1.016359375E+03,
    -49.48960760771));
#1320 = CARTESIAN_POINT('',(52.212791762488,1.11521875E+03,
    -45.38641732132));
#1321 = CARTESIAN_POINT('',(50.904454697536,1.214078125E+03,
    -40.80458975863));
#1322 = CARTESIAN_POINT('',(48.008227283616,1.3129375E+03,
    -35.82058005099));
#1323 = CARTESIAN_POINT('',(43.489842117266,1.411796875E+03,
    -30.47769513703));
#1324 = CARTESIAN_POINT('',(37.256025969604,1.51065625E+03,
    -24.76127963259));
#1325 = CARTESIAN_POINT('',(29.086840343631,1.609515625E+03,
    -18.56623083941));
#1326 = CARTESIAN_POINT('',(22.192207124929,1.675421875E+03,
    -14.02934378688));
#1327 = CARTESIAN_POINT('',(19.138805376341,1.708375E+03,-12.09354279426
    ));
#1328 = CARTESIAN_POINT('',(20.225245475175,126.625,-75.97022469522));
#1329 = CARTESIAN_POINT('',(21.231803641517,159.578125,-74.49669853145)
  );
#1330 = CARTESIAN_POINT('',(24.439461098492,225.48437499999,
    -73.57769538846));
#1331 = CARTESIAN_POINT('',(29.088541540056,324.34375,-71.54275941576));
#1332 = CARTESIAN_POINT('',(33.685731917962,423.20312499999,
    -70.0624788836));
#1333 = CARTESIAN_POINT('',(37.459855259666,522.0625,-66.82742261841));
#1334 = CARTESIAN_POINT('',(41.551350776865,620.921875,-64.02250003619)
  );
#1335 = CARTESIAN_POINT('',(45.914196742489,719.78125,-61.68498459809));
#1336 = CARTESIAN_POINT('',(50.095800453518,818.64062499999,
    -59.16562006891));
#1337 = CARTESIAN_POINT('',(53.317536770909,917.5,-56.06790581674));
#1338 = CARTESIAN_POINT('',(55.155905446506,1.016359375E+03,
    -52.31741328105));
#1339 = CARTESIAN_POINT('',(55.412241828258,1.11521875E+03,
    -47.9699412887));
#1340 = CARTESIAN_POINT('',(54.016307371503,1.214078125E+03,
    -43.11875986834));
#1341 = CARTESIAN_POINT('',(50.937289942907,1.3129375E+03,-37.8449288597
    ));
#1342 = CARTESIAN_POINT('',(46.138979917916,1.411796875E+03,
    -32.19440164459));
#1343 = CARTESIAN_POINT('',(39.522531756554,1.51065625E+03,
    -26.15185335624));
#1344 = CARTESIAN_POINT('',(30.854715347164,1.609515625E+03,
    -19.60641205033));
#1345 = CARTESIAN_POINT('',(23.540738560253,1.675421875E+03,
    -14.81488449479));
#1346 = CARTESIAN_POINT('',(20.301781933498,1.708375E+03,-12.77067397484
    ));
#1347 = CARTESIAN_POINT('',(21.49219474383,126.625,-80.18958391513));
#1348 = CARTESIAN_POINT('',(22.552528169838,159.578125,-78.63174871402)
  );
#1349 = CARTESIAN_POINT('',(25.938222937042,225.48437499999,
    -77.65560877345));
#1350 = CARTESIAN_POINT('',(30.844103997584,324.34375,-75.49848783415));
#1351 = CARTESIAN_POINT('',(35.696167990578,423.203125,-73.92718004894)
  );
#1352 = CARTESIAN_POINT('',(39.675966827038,522.06249999999,
    -70.50426531716));
#1353 = CARTESIAN_POINT('',(43.991673241819,620.921875,-67.53501555518)
  );
#1354 = CARTESIAN_POINT('',(48.594753657087,719.78124999999,
    -65.05887315965));
#1355 = CARTESIAN_POINT('',(53.006119403802,818.640625,-62.39101637327)
  );
#1356 = CARTESIAN_POINT('',(56.402834678943,917.49999999999,
    -59.11411147972));
#1357 = CARTESIAN_POINT('',(58.337547689805,1.016359375E+03,
    -55.15030896183));
#1358 = CARTESIAN_POINT('',(58.600565156934,1.11521875E+03,
    -50.55888370084));
#1359 = CARTESIAN_POINT('',(57.117879179876,1.214078125E+03,
    -45.43845377174));
#1360 = CARTESIAN_POINT('',(53.857094972231,1.3129375E+03,
    -39.87467355701));
#1361 = CARTESIAN_POINT('',(48.780055957687,1.411796875E+03,
    -33.9161342088));
#1362 = CARTESIAN_POINT('',(41.782353227091,1.51065625E+03,
    -27.54682704848));
#1363 = CARTESIAN_POINT('',(32.61749775274,1.609515625E+03,
    -20.65008203552));
#1364 = CARTESIAN_POINT('',(24.885406919707,1.675421875E+03,
    -15.6030965328));
#1365 = CARTESIAN_POINT('',(21.461427839741,1.708375E+03,-13.45010932641
    ));
#1366 = CARTESIAN_POINT('',(22.74415198802,126.625,-84.40665858968));
#1367 = CARTESIAN_POINT('',(23.858443551425,159.578125,-82.76480598429)
  );
#1368 = CARTESIAN_POINT('',(27.422090669081,225.484375,-81.7321672652));
#1369 = CARTESIAN_POINT('',(32.58477349665,324.34375,-79.45384031193));
#1370 = CARTESIAN_POINT('',(37.691618190479,423.203125,-77.79243226506)
  );
#1371 = CARTESIAN_POINT('',(41.877373350898,522.0625,-74.18257590249));
#1372 = CARTESIAN_POINT('',(46.417470960691,620.921875,-71.04993872806)
  );
#1373 = CARTESIAN_POINT('',(51.260862551353,719.78125,-68.43612106177));
#1374 = CARTESIAN_POINT('',(55.902113192379,818.640625,-65.62070568863)
  );
#1375 = CARTESIAN_POINT('',(59.474106583761,917.5,-62.16541873066));
#1376 = CARTESIAN_POINT('',(61.505685216874,1.016359375E+03,
    -57.98892057909));
#1377 = CARTESIAN_POINT('',(61.776132644674,1.11521875E+03,
    -53.15392274051));
#1378 = CARTESIAN_POINT('',(60.207660538719,1.214078125E+03,
    -47.76437172284));
#1379 = CARTESIAN_POINT('',(56.766279504745,1.3129375E+03,
    -41.91050475053));
#1380 = CARTESIAN_POINT('',(51.411880683213,1.411796875E+03,
    -35.64354079917));
#1381 = CARTESIAN_POINT('',(44.034502130363,1.51065625E+03,
    -28.94677108421));
#1382 = CARTESIAN_POINT('',(34.374433496707,1.609515625E+03,
    -21.69769478571));
#1383 = CARTESIAN_POINT('',(26.225639987648,1.675421875E+03,
    -16.39432782203));
#1384 = CARTESIAN_POINT('',(22.617249736047,1.708375E+03,-14.13214896261
    ));
#1385 = CARTESIAN_POINT('',(23.978121978076,126.625,-88.62119907063));
#1386 = CARTESIAN_POINT('',(25.146594648839,159.578125,-86.89567589474)
  );
#1387 = CARTESIAN_POINT('',(28.888100957871,225.48437499999,
    -85.80730371954));
#1388 = CARTESIAN_POINT('',(34.30760012328,324.34375,-83.40894326182));
#1389 = CARTESIAN_POINT('',(39.669126726714,423.20312499999,
    -81.65854649498));
#1390 = CARTESIAN_POINT('',(44.061186928268,522.0625,-77.86284284175));
#1391 = CARTESIAN_POINT('',(48.825904349021,620.92187499999,
    -74.56794141596));
#1392 = CARTESIAN_POINT('',(53.90971184035,719.78125,-71.81758731233));
#1393 = CARTESIAN_POINT('',(58.781007113033,818.64062499999,
    -68.85572998534));
#1394 = CARTESIAN_POINT('',(62.52864783218,917.5,-65.22302539067));
#1395 = CARTESIAN_POINT('',(64.657724731854,1.016359375E+03,
    -60.83456040497));
#1396 = CARTESIAN_POINT('',(64.93650420535,1.11521875E+03,
    -55.75643586105));
#1397 = CARTESIAN_POINT('',(63.283403970308,1.214078125E+03,
    -50.09790335733));
#1398 = CARTESIAN_POINT('',(59.662825548215,1.3129375E+03,-43.953769107)
  );
#1399 = CARTESIAN_POINT('',(54.032701276537,1.411796875E+03,
    -37.3778680672));
#1400 = CARTESIAN_POINT('',(46.277528335346,1.51065625E+03,
    -30.35277169214));
#1401 = CARTESIAN_POINT('',(36.124419640742,1.609515625E+03,
    -22.75010873004));
#1402 = CARTESIAN_POINT('',(27.560601453351,1.675421875E+03,
    -17.18923515688));
#1403 = CARTESIAN_POINT('',(23.768526589408,1.708375E+03,-14.81735938503
    ));
#1404 = CARTESIAN_POINT('',(25.191938450823,126.625,-92.83323508873));
#1405 = CARTESIAN_POINT('',(26.414847810864,159.57812499999,
    -91.02442498325));
#1406 = CARTESIAN_POINT('',(30.33412314572,225.484375,-89.88117657686));
#1407 = CARTESIAN_POINT('',(36.0104763449,324.34374999999,
    -87.36409305117));
#1408 = CARTESIAN_POINT('',(41.626594717726,423.203125,-85.52595191709)
  );
#1409 = CARTESIAN_POINT('',(46.225369758276,522.0625,-81.5456179263));
#1410 = CARTESIAN_POINT('',(51.214983057598,620.921875,-78.08970361289)
  );
#1411 = CARTESIAN_POINT('',(56.539344310814,719.78125,-75.20408421715));
#1412 = CARTESIAN_POINT('',(61.640883166874,818.640625,-72.09703026006)
  );
#1413 = CARTESIAN_POINT('',(65.56460154952,917.49999999999,
    -68.28797938363));
#1414 = CARTESIAN_POINT('',(67.791897230578,1.016359375E+03,
    -63.68835070942));
#1415 = CARTESIAN_POINT('',(68.080025296109,1.11521875E+03,
    -58.36758141293));
#1416 = CARTESIAN_POINT('',(66.343593963545,1.214078125E+03,
    -52.4402023365));
#1417 = CARTESIAN_POINT('',(62.545379234602,1.3129375E+03,
    -46.00557346032));
#1418 = CARTESIAN_POINT('',(56.641347139354,1.411796875E+03,
    -39.12013260455));
#1419 = CARTESIAN_POINT('',(48.510467214268,1.51065625E+03,
    -31.76570926833));
#1420 = CARTESIAN_POINT('',(37.866724759544,1.609515625E+03,
    -23.80801662797));
#1421 = CARTESIAN_POINT('',(28.889737118732,1.675421875E+03,
    -17.98834804876));
#1422 = CARTESIAN_POINT('',(24.914780609585,1.708375E+03,-15.50619728916
    ));
#1423 = CARTESIAN_POINT('',(26.382518957871,126.625,-97.04365862955));
#1424 = CARTESIAN_POINT('',(27.66018160355,159.57812499999,
    -95.15198501849));
#1425 = CARTESIAN_POINT('',(31.757176114799,225.484375,-93.95484769764)
  );
#1426 = CARTESIAN_POINT('',(37.690508163029,324.34374999999,
    -91.32053947497));
#1427 = CARTESIAN_POINT('',(43.561192604516,423.203125,-89.39608462985)
  );
#1428 = CARTESIAN_POINT('',(48.36722760826,522.06249999999,
    -85.23248843127));
#1429 = CARTESIAN_POINT('',(53.582130905603,620.921875,-81.61697709925)
  );
#1430 = CARTESIAN_POINT('',(59.14728299785,719.78124999999,
    -78.5975395451));
#1431 = CARTESIAN_POINT('',(64.479370866851,818.640625,-75.34670271451)
  );
#1432 = CARTESIAN_POINT('',(68.579726485916,917.5,-71.3625056666));
#1433 = CARTESIAN_POINT('',(70.906116125521,1.016359375E+03,
    -66.55258817991));
#1434 = CARTESIAN_POINT('',(71.204786965637,1.11521875E+03,
    -60.98966273094));
#1435 = CARTESIAN_POINT('',(69.386518309434,1.214078125E+03,
    -54.79351077486));
#1436 = CARTESIAN_POINT('',(65.412440868424,1.3129375E+03,
    -48.06802965087));
#1437 = CARTESIAN_POINT('',(59.236544953861,1.411796875E+03,
    -40.87224548629));
#1438 = CARTESIAN_POINT('',(50.732286229857,1.51065625E+03,
    -33.18721958416));
#1439 = CARTESIAN_POINT('',(39.600575819108,1.609515625E+03,
    -24.872694794));
#1440 = CARTESIAN_POINT('',(30.212463066918,1.675421875E+03,
    -18.79264014114));
#1441 = CARTESIAN_POINT('',(26.055508458771,1.708375E+03,-16.1995023503)
  );
#1442 = CARTESIAN_POINT('',(27.547352180309,126.625,-101.2538111382));
#1443 = CARTESIAN_POINT('',(28.880144987353,159.578125,-99.27972074815)
  );
#1444 = CARTESIAN_POINT('',(33.154867758082,225.48437499999,
    -98.02978732593));
#1445 = CARTESIAN_POINT('',(39.345413670982,324.34375,-95.27989986646));
#1446 = CARTESIAN_POINT('',(45.470728695245,423.203125,-93.27071181353)
  );
#1447 = CARTESIAN_POINT('',(50.48471406461,522.0625,-88.92532785049));
#1448 = CARTESIAN_POINT('',(55.925434216692,620.921875,-85.15175643002)
  );
#1449 = CARTESIAN_POINT('',(61.73173272658,719.78125,-82.00008234559));
#1450 = CARTESIAN_POINT('',(67.294798452266,818.640625,-78.60700299813)
  );
#1451 = CARTESIAN_POINT('',(71.572486747749,917.49999999999,
    -74.44894786216));
#1452 = CARTESIAN_POINT('',(73.998992964611,1.016359375E+03,
    -69.42965023767));
#1453 = CARTESIAN_POINT('',(74.309556167383,1.11521875E+03,
    -63.62503031737));
#1454 = CARTESIAN_POINT('',(72.41110346142,1.214078125E+03,
    -57.16008983306));
#1455 = CARTESIAN_POINT('',(68.263097384708,1.3129375E+03,
    -50.14324665902));
#1456 = CARTESIAN_POINT('',(61.817541198532,1.411796875E+03,
    -42.6360997772));
#1457 = CARTESIAN_POINT('',(52.942390188697,1.51065625E+03,
    -34.61891244171));
#1458 = CARTESIAN_POINT('',(41.325536718969,1.609515625E+03,
    -25.94539327997));
#1459 = CARTESIAN_POINT('',(31.528451647314,1.675421875E+03,
    -19.60306397619));
#1460 = CARTESIAN_POINT('',(27.190427773506,1.708375E+03,-16.89809600262
    ));
#1461 = CARTESIAN_POINT('',(28.684632508657,126.625,-105.4643117791));
#1462 = CARTESIAN_POINT('',(30.072969755395,159.578125,-103.408273208));
#1463 = CARTESIAN_POINT('',(34.52545758673,225.484375,-102.1067126242));
#1464 = CARTESIAN_POINT('',(40.973509579627,324.34375,-99.24300052753));
#1465 = CARTESIAN_POINT('',(47.353563378169,423.203125,-97.15076859661)
  );
#1466 = CARTESIAN_POINT('',(52.57627429357,522.0625,-92.62515721736));
#1467 = CARTESIAN_POINT('',(58.243413057232,620.921875,-88.69515696252)
  );
#1468 = CARTESIAN_POINT('',(64.291277604521,719.78125,-85.41292966757));
#1469 = CARTESIAN_POINT('',(70.085818167777,818.640625,-81.87924515226)
  );
#1470 = CARTESIAN_POINT('',(74.541615091028,917.5,-77.54869277127));
#1471 = CARTESIAN_POINT('',(77.06935447132,1.016359375E+03,
    -72.3209618265));
#1472 = CARTESIAN_POINT('',(77.393265358793,1.11521875E+03,
    -66.27510792527));
#1473 = CARTESIAN_POINT('',(75.416396998856,1.214078125E+03,
    -59.54132119738));
#1474 = CARTESIAN_POINT('',(71.096518856899,1.3129375E+03,-52.2325226199
    ));
#1475 = CARTESIAN_POINT('',(64.383634638444,1.411796875E+03,
    -44.41286777815));
#1476 = CARTESIAN_POINT('',(55.140212947979,1.51065625E+03,
    -36.06178960421));
#1477 = CARTESIAN_POINT('',(43.041185097333,1.609515625E+03,
    -27.02689277053));
#1478 = CARTESIAN_POINT('',(32.837384102782,1.675421875E+03,
    -20.4202149357));
#1479 = CARTESIAN_POINT('',(28.31926379569,1.708375E+03,-17.60249169972)
  );
#1480 = CARTESIAN_POINT('',(29.793448825868,126.625,-109.6741847458));
#1481 = CARTESIAN_POINT('',(31.237741513558,159.57812499999,
    -107.5366967176));
#1482 = CARTESIAN_POINT('',(35.867990526299,225.484375,-106.1847173559)
  );
#1483 = CARTESIAN_POINT('',(42.57378748166,324.34375,-103.2090029176));
#1484 = CARTESIAN_POINT('',(49.208631249617,423.203125,-101.0354754127)
  );
#1485 = CARTESIAN_POINT('',(54.640812270238,522.06249999999,
    -96.33127562967));
#1486 = CARTESIAN_POINT('',(60.534932584435,620.921875,-92.24655255792)
  );
#1487 = CARTESIAN_POINT('',(66.824736165149,719.78124999999,
    -88.83552530817));
#1488 = CARTESIAN_POINT('',(72.851206093312,818.640625,-85.1629441823));
#1489 = CARTESIAN_POINT('',(77.48586414744,917.5,-80.66132758423));
#1490 = CARTESIAN_POINT('',(80.115955772621,1.016359375E+03,
    -75.22618102226));
#1491 = CARTESIAN_POINT('',(80.454700634135,1.11521875E+03,
    -68.93962079058));
#1492 = CARTESIAN_POINT('',(78.401244760477,1.214078125E+03,
    -61.93699157918));
#1493 = CARTESIAN_POINT('',(73.911639457845,1.3129375E+03,
    -54.33569857502));
#1494 = CARTESIAN_POINT('',(66.933876544572,1.411796875E+03,
    -46.20243673739));
#1495 = CARTESIAN_POINT('',(57.324953243827,1.51065625E+03,
    -37.51577584144));
#1496 = CARTESIAN_POINT('',(44.746901903,1.609515625E+03,-28.11714666489
    ));
#1497 = CARTESIAN_POINT('',(34.138789277707,1.675421875E+03,
    -21.24405962064));
#1498 = CARTESIAN_POINT('',(29.441610242483,1.708375E+03,-18.31266072537
    ));
#1499 = CARTESIAN_POINT('',(30.871438498302,126.625,-113.882927134));
#1500 = CARTESIAN_POINT('',(32.372123991717,159.578125,-111.6645364492)
  );
#1501 = CARTESIAN_POINT('',(37.180110854606,225.484375,-110.2634473547)
  );
#1502 = CARTESIAN_POINT('',(44.143882719597,324.34375,-107.1777085463));
#1503 = CARTESIAN_POINT('',(51.033544243733,423.203125,-104.9247803087)
  );
#1504 = CARTESIAN_POINT('',(56.675976044664,522.0625,-100.0437795378));
#1505 = CARTESIAN_POINT('',(62.797660764919,620.921875,-95.80619078023)
  );
#1506 = CARTESIAN_POINT('',(69.329779711495,719.78124999999,
    -92.2682688756));
#1507 = CARTESIAN_POINT('',(75.588644371798,818.640625,-88.45864930556)
  );
#1508 = CARTESIAN_POINT('',(80.402956098701,917.49999999999,
    -83.7875328781));
#1509 = CARTESIAN_POINT('',(83.13659621914,1.016359375E+03,
    -78.14609094599));
#1510 = CARTESIAN_POINT('',(83.491776878473,1.11521875E+03,
    -71.6194195437));
#1511 = CARTESIAN_POINT('',(81.363713953379,1.214078125E+03,
    -64.34798086174));
#1512 = CARTESIAN_POINT('',(76.706713712288,1.3129375E+03,
    -56.45364343215));
#1513 = CARTESIAN_POINT('',(69.466742999802,1.411796875E+03,
    -48.00562272741));
#1514 = CARTESIAN_POINT('',(59.495344752845,1.51065625E+03,
    -38.98159003618));
#1515 = CARTESIAN_POINT('',(46.441720724215,1.609515625E+03,
    -29.21672745482));
#1516 = CARTESIAN_POINT('',(35.431933786597,1.675421875E+03,
    -22.07503681836));
#1517 = CARTESIAN_POINT('',(30.556834794447,1.708375E+03,-19.02898157567
    ));
#1518 = CARTESIAN_POINT('',(31.915194232917,126.625,-118.0983720566));
#1519 = CARTESIAN_POINT('',(33.472895073808,159.57812499999,
    -115.7995680274));
#1520 = CARTESIAN_POINT('',(38.45893158095,225.484375,-114.3508165724));
#1521 = CARTESIAN_POINT('',(45.681441483656,324.34374999999,
    -111.1571720076));
#1522 = CARTESIAN_POINT('',(52.82643986646,423.203125,-108.8269222371));
#1523 = CARTESIAN_POINT('',(58.680442841871,522.06249999999,
    -103.7708872933));
#1524 = CARTESIAN_POINT('',(65.030812521241,620.921875,-99.38232742589)
  );
#1525 = CARTESIAN_POINT('',(71.806152407604,719.78124999999,
    -95.71951172363));
#1526 = CARTESIAN_POINT('',(78.298403256551,818.640625,-91.77477971511)
  );
#1527 = CARTESIAN_POINT('',(83.293644617967,917.5,-86.93568164284));
#1528 = CARTESIAN_POINT('',(86.132439205465,1.016359375E+03,
    -81.08886941312));
#1529 = CARTESIAN_POINT('',(86.505972829167,1.11521875E+03,
    -74.32232919159));
#1530 = CARTESIAN_POINT('',(84.305492002249,1.214078125E+03,
    -66.78160680781));
#1531 = CARTESIAN_POINT('',(79.4835229809,1.3129375E+03,-58.59301809469)
  );
#1532 = CARTESIAN_POINT('',(71.983988364244,1.411796875E+03,
    -49.82828164469));
#1533 = CARTESIAN_POINT('',(61.652986517642,1.51065625E+03,
    -40.46412695209));
#1534 = CARTESIAN_POINT('',(48.126944599003,1.609515625E+03,
    -30.32938745987));
#1535 = CARTESIAN_POINT('',(36.717821504216,1.675421875E+03,
    -22.91599712554));
#1536 = CARTESIAN_POINT('',(31.665803598023,1.708375E+03,-19.75391213823
    ));
#1537 = CARTESIAN_POINT('',(32.919817362867,126.625,-122.3269481426));
#1538 = CARTESIAN_POINT('',(34.535339220553,159.578125,-119.9482090484)
  );
#1539 = CARTESIAN_POINT('',(39.700013883911,225.48437499999,
    -118.4534453426));
#1540 = CARTESIAN_POINT('',(47.182483134929,324.34375,-115.1542631973));
#1541 = CARTESIAN_POINT('',(54.583747326691,423.203125,-112.7490513772)
  );
#1542 = CARTESIAN_POINT('',(60.65114245105,522.0625,-107.5198519519));
#1543 = CARTESIAN_POINT('',(67.231803265244,620.921875,-102.9823713079)
  );
#1544 = CARTESIAN_POINT('',(74.25173440294,719.78124999999,
    -99.19686991157));
#1545 = CARTESIAN_POINT('',(80.978830993722,818.640625,-95.11913253586)
  );
#1546 = CARTESIAN_POINT('',(86.156732578062,917.49999999999,
    -90.11363764912));
#1547 = CARTESIAN_POINT('',(89.102708132484,1.016359375E+03,
    -84.0622933223));
#1548 = CARTESIAN_POINT('',(89.496881269102,1.11521875E+03,
    -77.05587361618));
#1549 = CARTESIAN_POINT('',(87.226477923372,1.214078125E+03,
    -69.24497430598));
#1550 = CARTESIAN_POINT('',(82.242200837744,1.3129375E+03,
    -60.76034508368));
#1551 = CARTESIAN_POINT('',(74.485903079562,1.411796875E+03,
    -51.67619022096));
#1552 = CARTESIAN_POINT('',(63.798243176244,1.51065625E+03,
    -41.96824511334));
#1553 = CARTESIAN_POINT('',(49.802924007946,1.609515625E+03,
    -31.45886864444));
#1554 = CARTESIAN_POINT('',(37.996731524232,1.675421875E+03,
    -23.76978642515));
#1555 = CARTESIAN_POINT('',(32.768757820978,1.708375E+03,-20.48990636485
    ));
#1556 = CARTESIAN_POINT('',(33.841001608565,126.625,-126.3803195321));
#1557 = CARTESIAN_POINT('',(35.512568374134,159.57812499999,
    -123.9256763277));
#1558 = CARTESIAN_POINT('',(40.848513019442,225.484375,-122.3885812066)
  );
#1559 = CARTESIAN_POINT('',(48.580580345677,324.34374999999,
    -118.9909022016));
#1560 = CARTESIAN_POINT('',(56.227624133828,423.203125,-116.5163996368)
  );
#1561 = CARTESIAN_POINT('',(62.500716123257,522.06249999999,
    -111.1235929834));
#1562 = CARTESIAN_POINT('',(69.30300810207,620.921875,-106.4458485783));
#1563 = CARTESIAN_POINT('',(76.558000654643,719.78124999999,
    -102.5453070015));
#1564 = CARTESIAN_POINT('',(83.51093520596,818.640625,-98.34256908242));
#1565 = CARTESIAN_POINT('',(88.865080055152,917.5,-93.17965152364));
#1566 = CARTESIAN_POINT('',(91.915471785036,1.016359375E+03,
    -86.93370763257));
#1567 = CARTESIAN_POINT('',(92.33162866007,1.11521875E+03,
    -79.69807411024));
#1568 = CARTESIAN_POINT('',(89.996884297516,1.214078125E+03,
    -71.62813857786));
#1569 = CARTESIAN_POINT('',(84.86015603445,1.3129375E+03,-62.85887394807
    ));
#1570 = CARTESIAN_POINT('',(76.86129449037,1.411796875E+03,
    -53.4668422829));
#1571 = CARTESIAN_POINT('',(65.835765148015,1.51065625E+03,
    -43.4267773614));
#1572 = CARTESIAN_POINT('',(51.395162719249,1.609515625E+03,
    -32.55472706918));
#1573 = CARTESIAN_POINT('',(39.211816304938,1.675421875E+03,
    -24.59827231775));
#1574 = CARTESIAN_POINT('',(33.816671123344,1.708375E+03,-21.20409283502
    ));
#1575 = CARTESIAN_POINT('',(34.609417373429,126.625,-129.889458628));
#1576 = CARTESIAN_POINT('',(36.329935073494,159.57812499999,
    -127.3696027856));
#1577 = CARTESIAN_POINT('',(41.814177119149,225.484375,-125.7970941442)
  );
#1578 = CARTESIAN_POINT('',(49.762614850885,324.34374999999,
    -122.3159988331));
#1579 = CARTESIAN_POINT('',(57.622529909686,423.203125,-119.7832933321)
  );
#1580 = CARTESIAN_POINT('',(64.074497875885,522.0625,-114.2505035761));
#1581 = CARTESIAN_POINT('',(71.069276708775,620.921875,-109.4530578102)
  );
#1582 = CARTESIAN_POINT('',(78.528190208475,719.78125,-105.4547042914));
#1583 = CARTESIAN_POINT('',(85.677142914893,818.640625,-101.1454839245)
  );
#1584 = CARTESIAN_POINT('',(91.184668248743,917.5,-95.84772689081));
#1585 = CARTESIAN_POINT('',(94.326622381486,1.016359375E+03,
    -89.43432582247));
#1586 = CARTESIAN_POINT('',(94.763341133606,1.11521875E+03,
    -82.00075965083));
#1587 = CARTESIAN_POINT('',(92.374761753457,1.214078125E+03,
    -73.70653047111));
#1588 = CARTESIAN_POINT('',(87.108229846752,1.3129375E+03,
    -64.69024864904));
#1589 = CARTESIAN_POINT('',(78.901849464942,1.411796875E+03,
    -55.03050014597));
#1590 = CARTESIAN_POINT('',(67.586605184706,1.51065625E+03,
    -44.70111772953));
#1591 = CARTESIAN_POINT('',(52.763671106306,1.609515625E+03,
    -33.51261281612));
#1592 = CARTESIAN_POINT('',(40.25621900567,1.675421875E+03,
    -25.32252602339));
#1593 = CARTESIAN_POINT('',(34.717386960127,1.708375E+03,-21.82843034524
    ));
#1594 = CARTESIAN_POINT('',(35.185143264896,126.625,-132.6091620874));
#1595 = CARTESIAN_POINT('',(36.943893365613,159.578125,-130.0391050493)
  );
#1596 = CARTESIAN_POINT('',(42.543086843561,225.48437499999,
    -128.4399908983));
#1597 = CARTESIAN_POINT('',(50.659413331057,324.34375,-124.8955098712));
#1598 = CARTESIAN_POINT('',(58.684373415418,423.203125,-122.3189112598)
  );
#1599 = CARTESIAN_POINT('',(65.275519841969,522.06249999999,
    -116.6787592346));
#1600 = CARTESIAN_POINT('',(72.419900640149,620.921875,-111.7897196751)
  );
#1601 = CARTESIAN_POINT('',(80.03714643079,719.78124999999,
    -107.7167732118));
#1602 = CARTESIAN_POINT('',(87.338362558482,818.640625,-103.3262075955)
  );
#1603 = CARTESIAN_POINT('',(92.965308837458,917.49999999999,
    -97.92493127795));
#1604 = CARTESIAN_POINT('',(96.17902156768,1.016359375E+03,
    -91.38243636056));
#1605 = CARTESIAN_POINT('',(96.63271915099,1.11521875E+03,
    -83.79581005087));
#1606 = CARTESIAN_POINT('',(94.20368836328,1.214078125E+03,
    -75.32772013844));
#1607 = CARTESIAN_POINT('',(88.838038912244,1.3129375E+03,
    -66.11958337441));
#1608 = CARTESIAN_POINT('',(80.472512350967,1.411796875E+03,
    -56.25154250803));
#1609 = CARTESIAN_POINT('',(68.934630545821,1.51065625E+03,
    -45.69670890161));
#1610 = CARTESIAN_POINT('',(53.817533408839,1.609515625E+03,
    -34.2612533812));
#1611 = CARTESIAN_POINT('',(41.060530196586,1.675421875E+03,
    -25.88862242977));
#1612 = CARTESIAN_POINT('',(35.411044084825,1.708375E+03,-22.31643167019
    ));
#1613 = CARTESIAN_POINT('',(35.60221982441,126.625,-134.6087351275));
#1614 = CARTESIAN_POINT('',(37.389171027126,159.57812499999,
    -132.001876029));
#1615 = CARTESIAN_POINT('',(43.072883749443,225.484375,-130.3834644469)
  );
#1616 = CARTESIAN_POINT('',(51.312705780859,324.34374999999,
    -126.7927771869));
#1617 = CARTESIAN_POINT('',(59.459029385238,423.203125,-124.1842884184)
  );
#1618 = CARTESIAN_POINT('',(66.152672386935,522.06249999999,
    -118.4655554583));
#1619 = CARTESIAN_POINT('',(73.407174037262,620.921875,-113.5095436975)
  );
#1620 = CARTESIAN_POINT('',(81.14091819331,719.78124999999,
    -109.3821355603));
#1621 = CARTESIAN_POINT('',(88.55418830428,818.640625,-104.9321337244));
#1622 = CARTESIAN_POINT('',(94.269105832788,917.5,-99.45505696649));
#1623 = CARTESIAN_POINT('',(97.535825533672,1.016359375E+03,
    -92.81786645909));
#1624 = CARTESIAN_POINT('',(98.00233273748,1.11521875E+03,
    -85.11881555147));
#1625 = CARTESIAN_POINT('',(95.543959857415,1.214078125E+03,
    -76.522892253));
#1626 = CARTESIAN_POINT('',(90.105902388837,1.3129375E+03,
    -67.17357262056));
#1627 = CARTESIAN_POINT('',(81.623897381877,1.411796875E+03,
    -57.15214028472));
#1628 = CARTESIAN_POINT('',(69.922924035364,1.51065625E+03,
    -46.43116898783));
#1629 = CARTESIAN_POINT('',(54.590228583674,1.609515625E+03,
    -34.81362273623));
#1630 = CARTESIAN_POINT('',(41.650265215252,1.675421875E+03,
    -26.30632145628));
#1631 = CARTESIAN_POINT('',(35.919646075508,1.708375E+03,-22.67650824287
    ));
#1632 = CARTESIAN_POINT('',(35.840305510412,126.625,-135.7414170758));
#1633 = CARTESIAN_POINT('',(37.643204479184,159.578125,-133.1136795858)
  );
#1634 = CARTESIAN_POINT('',(43.374792672243,225.48437499999,
    -131.4842591847));
#1635 = CARTESIAN_POINT('',(51.684552313931,324.34375,-127.8672812375));
#1636 = CARTESIAN_POINT('',(59.899617968736,423.20312499999,
    -125.2406157765));
#1637 = CARTESIAN_POINT('',(66.651271270036,522.0625,-119.4772655727));
#1638 = CARTESIAN_POINT('',(73.968113643955,620.921875,-114.4832079161)
  );
#1639 = CARTESIAN_POINT('',(81.767823265544,719.78124999999,
    -110.3248373197));
#1640 = CARTESIAN_POINT('',(89.244536099491,818.640625,-105.841058118));
#1641 = CARTESIAN_POINT('',(95.009235665706,917.5,-100.3209523919));
#1642 = CARTESIAN_POINT('',(98.305908533219,1.016359375E+03,
    -93.6300567082));
#1643 = CARTESIAN_POINT('',(98.779575762413,1.11521875E+03,
    -85.86728978792));
#1644 = CARTESIAN_POINT('',(96.304464369779,1.214078125E+03,
    -77.19895609239));
#1645 = CARTESIAN_POINT('',(90.825253621016,1.3129375E+03,
    -67.76969937376));
#1646 = CARTESIAN_POINT('',(82.277112369409,1.411796875E+03,
    -57.66145061674));
#1647 = CARTESIAN_POINT('',(70.483578554016,1.51065625E+03,
    -46.84648115148));
#1648 = CARTESIAN_POINT('',(55.028555979568,1.609515625E+03,
    -35.12594301967));
#1649 = CARTESIAN_POINT('',(41.984801262281,1.675421875E+03,
    -26.542491786));
#1650 = CARTESIAN_POINT('',(36.208158055989,1.708375E+03,-22.88009818735
    ));
#1651 = CARTESIAN_POINT('',(35.947731639481,126.625,-136.2483454498));
#1652 = CARTESIAN_POINT('',(37.757755066809,159.578125,-133.6112489122)
  );
#1653 = CARTESIAN_POINT('',(43.51076908491,225.48437499999,
    -131.9768645609));
#1654 = CARTESIAN_POINT('',(51.851820550971,324.34375,-128.3480646838));
#1655 = CARTESIAN_POINT('',(60.09764875531,423.203125,-125.7132108245));
#1656 = CARTESIAN_POINT('',(66.875240496038,522.0625,-119.9298426469));
#1657 = CARTESIAN_POINT('',(74.21996489102,620.921875,-114.9187058299));
#1658 = CARTESIAN_POINT('',(82.049184557517,719.78125,-110.7464246698));
#1659 = CARTESIAN_POINT('',(89.554275925378,818.640625,-106.2474765246)
  );
#1660 = CARTESIAN_POINT('',(95.341231293227,917.5,-100.7080699623));
#1661 = CARTESIAN_POINT('',(98.651274671904,1.016359375E+03,
    -93.99310829684));
#1662 = CARTESIAN_POINT('',(99.12810050283,1.11521875E+03,
    -86.20181032184));
#1663 = CARTESIAN_POINT('',(96.645441884466,1.214078125E+03,
    -77.50107069125));
#1664 = CARTESIAN_POINT('',(91.147747826049,1.3129375E+03,
    -68.03605631704));
#1665 = CARTESIAN_POINT('',(82.569933275137,1.411796875E+03,
    -57.88898842429));
#1666 = CARTESIAN_POINT('',(70.734890693226,1.51065625E+03,
    -47.03200401475));
#1667 = CARTESIAN_POINT('',(55.225026137723,1.609515625E+03,
    -35.26544637336));
#1668 = CARTESIAN_POINT('',(42.134747721026,1.675421875E+03,
    -26.64797915106));
#1669 = CARTESIAN_POINT('',(36.337475444073,1.708375E+03,-22.97103317001
    ));
#1670 = DEFINITIONAL_REPRESENTATION('',(#1671),#1674);
#1671 = B_SPLINE_CURVE_WITH_KNOTS('',1,(#1672,#1673),.UNSPECIFIED.,.F.,
  .F.,(2,2),(0.,1.),.PIECEWISE_BEZIER_KNOTS.);
#1672 = CARTESIAN_POINT('',(0.,0.));
#1673 = CARTESIAN_POINT('',(1.,0.));
#1674 = ( GEOMETRIC_REPRESENTATION_CONTEXT(2) 
PARAMETRIC_REPRESENTATION_CONTEXT() REPRESENTATION_CONTEXT('2D SPACE',''
  ) );
#1675 = PCURVE('',#1676,#1681);
#1676 = PLANE('',#1677);
#1677 = AXIS2_PLACEMENT_3D('',#1678,#1679,#1680);
#1678 = CARTESIAN_POINT('',(36.220080386211,126.625,-136.1758915162));
#1679 = DIRECTION('',(0.,1.,0.));
#1680 = DIRECTION('',(-0.259105085601,0.,0.965849136571));
#1681 = DEFINITIONAL_REPRESENTATION('',(#1682),#1765);
#1682 = B_SPLINE_CURVE_WITH_KNOTS('',3,(#1683,#1684,#1685,#1686,#1687,
    #1688,#1689,#1690,#1691,#1692,#1693,#1694,#1695,#1696,#1697,#1698,
    #1699,#1700,#1701,#1702,#1703,#1704,#1705,#1706,#1707,#1708,#1709,
    #1710,#1711,#1712,#1713,#1714,#1715,#1716,#1717,#1718,#1719,#1720,
    #1721,#1722,#1723,#1724,#1725,#1726,#1727,#1728,#1729,#1730,#1731,
    #1732,#1733,#1734,#1735,#1736,#1737,#1738,#1739,#1740,#1741,#1742,
    #1743,#1744,#1745,#1746,#1747,#1748,#1749,#1750,#1751,#1752,#1753,
    #1754,#1755,#1756,#1757,#1758,#1759,#1760,#1761,#1762,#1763,#1764),
  .UNSPECIFIED.,.F.,.F.,(4,1,1,1,1,1,1,1,1,1,1,1,1,1,1,1,1,1,1,1,1,1,1,1
    ,1,1,1,1,1,1,1,1,1,1,1,1,1,1,1,1,1,1,1,1,1,1,1,1,1,1,1,1,1,1,1,1,1,1
    ,1,1,1,1,1,1,1,1,1,1,1,1,1,1,1,1,1,1,1,1,1,4),(0.,5.422953820372E-03
    ,1.21023233868E-02,2.1299610926E-02,3.425028129778E-02,
    4.9266910042E-02,6.473802001361E-02,8.020007180571E-02,
    9.557346416021E-02,0.110848789233,0.126024443304,0.141094973543,
    0.156054263154,0.170915111786,0.185706903516,0.200474995931,
    0.215244528094,0.230032628107,0.244838382823,0.259654203416,
    0.274468857681,0.289261310735,0.304025960956,0.318759256188,
    0.3334482663,0.348081851503,0.362649150863,0.377132316467,
    0.391496866462,0.405706467275,0.419705364592,0.433407303148,
    0.446685601738,0.459359111535,0.471104142513,0.481440231542,
    0.489807137904,0.49590881265,0.499975170628,0.505115060436,
    0.505838362159,0.507193738157,0.508641923865,0.510535725782,
    0.513632491309,0.519015716851,0.527735896464,0.539504984117,
    0.553105924154,0.567577641218,0.582460494653,0.597550872241,
    0.612765663891,0.628068104915,0.643438035672,0.658863469361,
    0.674337924049,0.689843360692,0.705330806255,0.720794867955,
    0.736241271163,0.751671877873,0.767086525902,0.782483566852,
    0.797862487049,0.813218294608,0.828547471939,0.843847641278,
    0.859119355479,0.874365447795,0.889590205865,0.904789326753,
    0.919952227565,0.935084281155,0.950263728412,0.965463481984,
    0.978610849496,0.987879943172,0.994573825702,1.),.UNSPECIFIED.);
#1683 = CARTESIAN_POINT('',(0.,0.));
#1684 = CARTESIAN_POINT('',(0.508547500257,9.786528947132E-02));
#1685 = CARTESIAN_POINT('',(1.643800323345,0.314512828738));
#1686 = CARTESIAN_POINT('',(3.642442741088,0.692428480444));
#1687 = CARTESIAN_POINT('',(6.345885263871,1.212109716183));
#1688 = CARTESIAN_POINT('',(9.828768106576,1.894666601864));
#1689 = CARTESIAN_POINT('',(13.895244947186,2.714356263852));
#1690 = CARTESIAN_POINT('',(18.194744948102,3.591605875303));
#1691 = CARTESIAN_POINT('',(22.527906393348,4.474312006391));
#1692 = CARTESIAN_POINT('',(26.845501263137,5.3397262815));
#1693 = CARTESIAN_POINT('',(31.140876518875,6.176540149506));
#1694 = CARTESIAN_POINT('',(35.412924631832,6.981515356677));
#1695 = CARTESIAN_POINT('',(39.662863642359,7.739997955337));
#1696 = CARTESIAN_POINT('',(43.891668996948,8.444193944837));
#1697 = CARTESIAN_POINT('',(48.102165600436,9.094583400803));
#1698 = CARTESIAN_POINT('',(52.302992888042,9.685626449467));
#1699 = CARTESIAN_POINT('',(56.503256834761,10.215047689515));
#1700 = CARTESIAN_POINT('',(60.710480961896,10.682612074912));
#1701 = CARTESIAN_POINT('',(64.927067916628,11.095083259638));
#1702 = CARTESIAN_POINT('',(69.15347592222,11.448440003908));
#1703 = CARTESIAN_POINT('',(73.387123481489,11.740374239823));
#1704 = CARTESIAN_POINT('',(77.623522137577,11.966875539134));
#1705 = CARTESIAN_POINT('',(81.858180810725,12.124359923216));
#1706 = CARTESIAN_POINT('',(86.087192400042,12.208020329174));
#1707 = CARTESIAN_POINT('',(90.307170342981,12.214906878408));
#1708 = CARTESIAN_POINT('',(94.514010712173,12.140399793201));
#1709 = CARTESIAN_POINT('',(98.702637895053,11.980652006416));
#1710 = CARTESIAN_POINT('',(102.8673162603,11.732804597545));
#1711 = CARTESIAN_POINT('',(106.9997187375,11.392329334643));
#1712 = CARTESIAN_POINT('',(111.08860432924,10.95403252989));
#1713 = CARTESIAN_POINT('',(115.11848021656,10.412042325725));
#1714 = CARTESIAN_POINT('',(119.06788285866,9.759053301186));
#1715 = CARTESIAN_POINT('',(122.90552698355,8.988244945486));
#1716 = CARTESIAN_POINT('',(126.58659702253,8.09456801959));
#1717 = CARTESIAN_POINT('',(130.04199416222,7.078557575631));
#1718 = CARTESIAN_POINT('',(133.16935395395,5.96159537907));
#1719 = CARTESIAN_POINT('',(135.83501383825,4.789677589593));
#1720 = CARTESIAN_POINT('',(137.91347995296,3.65252456122));
#1721 = CARTESIAN_POINT('',(139.36581912953,2.61599853547));
#1722 = CARTESIAN_POINT('',(140.41456443818,1.624199627322));
#1723 = CARTESIAN_POINT('',(140.94796355911,0.724534815242));
#1724 = CARTESIAN_POINT('',(140.89510204179,3.262844729754E-02));
#1725 = CARTESIAN_POINT('',(140.78596374068,-0.292137687871));
#1726 = CARTESIAN_POINT('',(140.50724367925,-0.65565803247));
#1727 = CARTESIAN_POINT('',(139.96983004257,-0.975625402438));
#1728 = CARTESIAN_POINT('',(139.02237431351,-1.275877728351));
#1729 = CARTESIAN_POINT('',(137.40366823002,-1.572661710489));
#1730 = CARTESIAN_POINT('',(134.94209932524,-1.805159498744));
#1731 = CARTESIAN_POINT('',(131.68940440841,-1.955220975463));
#1732 = CARTESIAN_POINT('',(127.88475091105,-2.017497533269));
#1733 = CARTESIAN_POINT('',(123.78248786149,-2.005960193992));
#1734 = CARTESIAN_POINT('',(119.53851413552,-1.942578631055));
#1735 = CARTESIAN_POINT('',(115.22434767068,-1.8403147347));
#1736 = CARTESIAN_POINT('',(110.87092330874,-1.708169922352));
#1737 = CARTESIAN_POINT('',(106.49150248682,-1.554556458196));
#1738 = CARTESIAN_POINT('',(102.0925098742,-1.385908052685));
#1739 = CARTESIAN_POINT('',(97.677490055254,-1.206882562943));
#1740 = CARTESIAN_POINT('',(93.249765219015,-1.02191862223));
#1741 = CARTESIAN_POINT('',(88.816069304768,-0.838014284811));
#1742 = CARTESIAN_POINT('',(84.383300241808,-0.655713010282));
#1743 = CARTESIAN_POINT('',(79.955973332599,-0.478312399139));
#1744 = CARTESIAN_POINT('',(75.533801629316,-0.307946158252));
#1745 = CARTESIAN_POINT('',(71.116067965388,-0.145103027416));
#1746 = CARTESIAN_POINT('',(66.702714603342,8.376561452209E-03));
#1747 = CARTESIAN_POINT('',(62.293934384628,0.150996966927));
#1748 = CARTESIAN_POINT('',(57.890396926485,0.281421392279));
#1749 = CARTESIAN_POINT('',(53.492950504294,0.397957721069));
#1750 = CARTESIAN_POINT('',(49.102612319825,0.497777698435));
#1751 = CARTESIAN_POINT('',(44.719914947459,0.578781337568));
#1752 = CARTESIAN_POINT('',(40.344795541765,0.637760340357));
#1753 = CARTESIAN_POINT('',(35.976609164612,0.671941576343));
#1754 = CARTESIAN_POINT('',(31.615225639184,0.679420670519));
#1755 = CARTESIAN_POINT('',(27.261823522495,0.659570457722));
#1756 = CARTESIAN_POINT('',(22.917500714436,0.610239295305));
#1757 = CARTESIAN_POINT('',(18.575574456691,0.52610665285));
#1758 = CARTESIAN_POINT('',(14.231104932989,0.400775466749));
#1759 = CARTESIAN_POINT('',(10.077476153469,0.240251334247));
#1760 = CARTESIAN_POINT('',(6.489076755008,7.318925142762E-02));
#1761 = CARTESIAN_POINT('',(3.713080010688,-7.543539103839E-02));
#1762 = CARTESIAN_POINT('',(1.673727458706,-0.190701899878));
#1763 = CARTESIAN_POINT('',(0.518038364912,-0.254230698787));
#1764 = CARTESIAN_POINT('',(5.873761732289E-04,-0.28182098453));
#1765 = ( GEOMETRIC_REPRESENTATION_CONTEXT(2) 
PARAMETRIC_REPRESENTATION_CONTEXT() REPRESENTATION_CONTEXT('2D SPACE',''
  ) );
#1766 = ORIENTED_EDGE('',*,*,#1767,.T.);
#1767 = EDGE_CURVE('',#24,#1768,#1770,.T.);
#1768 = VERTEX_POINT('',#1769);
#1769 = CARTESIAN_POINT('',(36.337475444073,1.708375E+03,-22.97103317001
    ));
#1770 = SURFACE_CURVE('',#1771,(#1791,#1797),.PCURVE_S1.);
#1771 = ( BOUNDED_CURVE() B_SPLINE_CURVE(3,(#1772,#1773,#1774,#1775,
    #1776,#1777,#1778,#1779,#1780,#1781,#1782,#1783,#1784,#1785,#1786,
    #1787,#1788,#1789,#1790),.UNSPECIFIED.,.F.,.F.) 
B_SPLINE_CURVE_WITH_KNOTS((4,1,1,1,1,1,1,1,1,1,1,1,1,1,1,1,4),(0.,
    6.25E-02,0.125,0.1875,0.25,0.3125,0.375,0.4375,0.5,0.5625,0.625,
0.6875,0.75,0.8125,0.875,0.9375,1.),.QUASI_UNIFORM_KNOTS.) CURVE() 
GEOMETRIC_REPRESENTATION_ITEM() RATIONAL_B_SPLINE_CURVE((1.,1.,1.,1.,1.,
1.,1.,1.,1.,1.,1.,1.,1.,1.,1.,1.,1.,1.,1.)) REPRESENTATION_ITEM('') );
#1772 = CARTESIAN_POINT('',(35.947731639481,126.625,-136.2483454498));
#1773 = CARTESIAN_POINT('',(37.757755066809,159.578125,-133.6112489122)
  );
#1774 = CARTESIAN_POINT('',(43.51076908491,225.48437499999,
    -131.9768645609));
#1775 = CARTESIAN_POINT('',(51.851820550971,324.34375,-128.3480646838));
#1776 = CARTESIAN_POINT('',(60.09764875531,423.203125,-125.7132108245));
#1777 = CARTESIAN_POINT('',(66.875240496038,522.0625,-119.9298426469));
#1778 = CARTESIAN_POINT('',(74.21996489102,620.921875,-114.9187058299));
#1779 = CARTESIAN_POINT('',(82.049184557517,719.78125,-110.7464246698));
#1780 = CARTESIAN_POINT('',(89.554275925378,818.640625,-106.2474765246)
  );
#1781 = CARTESIAN_POINT('',(95.341231293227,917.5,-100.7080699623));
#1782 = CARTESIAN_POINT('',(98.651274671904,1.016359375E+03,
    -93.99310829684));
#1783 = CARTESIAN_POINT('',(99.12810050283,1.11521875E+03,
    -86.20181032184));
#1784 = CARTESIAN_POINT('',(96.645441884466,1.214078125E+03,
    -77.50107069125));
#1785 = CARTESIAN_POINT('',(91.147747826049,1.3129375E+03,
    -68.03605631704));
#1786 = CARTESIAN_POINT('',(82.569933275137,1.411796875E+03,
    -57.88898842429));
#1787 = CARTESIAN_POINT('',(70.734890693226,1.51065625E+03,
    -47.03200401475));
#1788 = CARTESIAN_POINT('',(55.225026137723,1.609515625E+03,
    -35.26544637336));
#1789 = CARTESIAN_POINT('',(42.134747721026,1.675421875E+03,
    -26.64797915106));
#1790 = CARTESIAN_POINT('',(36.337475444073,1.708375E+03,-22.97103317001
    ));
#1791 = PCURVE('',#111,#1792);
#1792 = DEFINITIONAL_REPRESENTATION('',(#1793),#1796);
#1793 = B_SPLINE_CURVE_WITH_KNOTS('',1,(#1794,#1795),.UNSPECIFIED.,.F.,
  .F.,(2,2),(0.,1.),.PIECEWISE_BEZIER_KNOTS.);
#1794 = CARTESIAN_POINT('',(1.,0.));
#1795 = CARTESIAN_POINT('',(1.,1.));
#1796 = ( GEOMETRIC_REPRESENTATION_CONTEXT(2) 
PARAMETRIC_REPRESENTATION_CONTEXT() REPRESENTATION_CONTEXT('2D SPACE',''
  ) );
#1797 = PCURVE('',#1798,#1875);
#1798 = ( BOUNDED_SURFACE() B_SPLINE_SURFACE(3,3,(
    (#1799,#1800,#1801,#1802,#1803,#1804,#1805,#1806,#1807,#1808,#1809
      ,#1810,#1811,#1812,#1813,#1814,#1815,#1816,#1817)
    ,(#1818,#1819,#1820,#1821,#1822,#1823,#1824,#1825,#1826,#1827,#1828
      ,#1829,#1830,#1831,#1832,#1833,#1834,#1835,#1836)
    ,(#1837,#1838,#1839,#1840,#1841,#1842,#1843,#1844,#1845,#1846,#1847
      ,#1848,#1849,#1850,#1851,#1852,#1853,#1854,#1855)
    ,(#1856,#1857,#1858,#1859,#1860,#1861,#1862,#1863,#1864,#1865,#1866
      ,#1867,#1868,#1869,#1870,#1871,#1872,#1873,#1874
)),.UNSPECIFIED.,.F.,.F.,.F.) B_SPLINE_SURFACE_WITH_KNOTS((4,4),(4,1,1,1
    ,1,1,1,1,1,1,1,1,1,1,1,1,4),(1.,2.),(0.,6.25E-02,0.125,0.1875,0.25,
    0.3125,0.375,0.4375,0.5,0.5625,0.625,0.6875,0.75,0.8125,0.875,0.9375
,1.),.UNSPECIFIED.) GEOMETRIC_REPRESENTATION_ITEM() 
RATIONAL_B_SPLINE_SURFACE((
    (1.,1.,1.,1.,1.,1.,1.,1.,1.,1.,1.,1.,1.,1.,1.,1.,1.,1.,1.)
    ,(1.,1.,1.,1.,1.,1.,1.,1.,1.,1.,1.,1.,1.,1.,1.,1.,1.,1.,1.)
    ,(1.,1.,1.,1.,1.,1.,1.,1.,1.,1.,1.,1.,1.,1.,1.,1.,1.,1.,1.)
    ,(1.,1.,1.,1.,1.,1.,1.,1.,1.,1.,1.,1.,1.,1.,1.,1.,1.,1.,1.
))) REPRESENTATION_ITEM('') SURFACE() );
#1799 = CARTESIAN_POINT('',(35.947731639481,126.625,-136.2483454498));
#1800 = CARTESIAN_POINT('',(37.757755066809,159.578125,-133.6112489122)
  );
#1801 = CARTESIAN_POINT('',(43.51076908491,225.48437499999,
    -131.9768645609));
#1802 = CARTESIAN_POINT('',(51.851820550971,324.34375,-128.3480646838));
#1803 = CARTESIAN_POINT('',(60.09764875531,423.203125,-125.7132108245));
#1804 = CARTESIAN_POINT('',(66.875240496038,522.0625,-119.9298426469));
#1805 = CARTESIAN_POINT('',(74.21996489102,620.921875,-114.9187058299));
#1806 = CARTESIAN_POINT('',(82.049184557517,719.78125,-110.7464246698));
#1807 = CARTESIAN_POINT('',(89.554275925378,818.640625,-106.2474765246)
  );
#1808 = CARTESIAN_POINT('',(95.341231293227,917.5,-100.7080699623));
#1809 = CARTESIAN_POINT('',(98.651274671904,1.016359375E+03,
    -93.99310829684));
#1810 = CARTESIAN_POINT('',(99.12810050283,1.11521875E+03,
    -86.20181032184));
#1811 = CARTESIAN_POINT('',(96.645441884466,1.214078125E+03,
    -77.50107069125));
#1812 = CARTESIAN_POINT('',(91.147747826049,1.3129375E+03,
    -68.03605631704));
#1813 = CARTESIAN_POINT('',(82.569933275137,1.411796875E+03,
    -57.88898842429));
#1814 = CARTESIAN_POINT('',(70.734890693226,1.51065625E+03,
    -47.03200401475));
#1815 = CARTESIAN_POINT('',(55.225026137723,1.609515625E+03,
    -35.26544637336));
#1816 = CARTESIAN_POINT('',(42.134747721026,1.675421875E+03,
    -26.64797915106));
#1817 = CARTESIAN_POINT('',(36.337475444073,1.708375E+03,-22.97103317001
    ));
#1818 = CARTESIAN_POINT('',(36.038514555058,126.625,-136.2241941386));
#1819 = CARTESIAN_POINT('',(37.846777447934,159.578125,-133.5858945253)
  );
#1820 = CARTESIAN_POINT('',(43.598694016258,225.48437499999,
    -131.9476770727));
#1821 = CARTESIAN_POINT('',(51.937314887934,324.34375,-128.3133214654));
#1822 = CARTESIAN_POINT('',(60.181375257347,423.203125,-125.6729739995)
  );
#1823 = CARTESIAN_POINT('',(66.955102164495,522.0625,-119.8850953407));
#1824 = CARTESIAN_POINT('',(74.296475770667,620.921875,-114.8690688994)
  );
#1825 = CARTESIAN_POINT('',(82.12290322217,719.78125,-110.6915739723));
#1826 = CARTESIAN_POINT('',(89.624985040468,818.640625,-106.1876285916)
  );
#1827 = CARTESIAN_POINT('',(95.408239569349,917.5,-100.6443716375));
#1828 = CARTESIAN_POINT('',(98.713801792371,1.016359375E+03,
    -93.9272124581));
#1829 = CARTESIAN_POINT('',(99.185432783634,1.11521875E+03,
    -86.13560724795));
#1830 = CARTESIAN_POINT('',(96.696977077037,1.214078125E+03,
    -77.43653461072));
#1831 = CARTESIAN_POINT('',(91.192980535481,1.3129375E+03,
    -67.97519829387));
#1832 = CARTESIAN_POINT('',(82.608413009509,1.411796875E+03,
    -57.83386280008));
#1833 = CARTESIAN_POINT('',(70.766148627372,1.51065625E+03,
    -46.98478324062));
#1834 = CARTESIAN_POINT('',(55.248460912982,1.609515625E+03,
    -35.22858156868));
#1835 = CARTESIAN_POINT('',(42.152455419944,1.675421875E+03,
    -26.61985295796));
#1836 = CARTESIAN_POINT('',(36.352739773626,1.708375E+03,-22.94677684232
    ));
#1837 = CARTESIAN_POINT('',(36.129297470634,126.625,-136.2000428274));
#1838 = CARTESIAN_POINT('',(37.93579982906,159.578125,-133.5605401383));
#1839 = CARTESIAN_POINT('',(43.686618947605,225.48437499999,
    -131.9184895846));
#1840 = CARTESIAN_POINT('',(52.022809224897,324.34375,-128.2785782471));
#1841 = CARTESIAN_POINT('',(60.265101759385,423.203125,-125.6327371746)
  );
#1842 = CARTESIAN_POINT('',(67.034963832952,522.0625,-119.8403480344));
#1843 = CARTESIAN_POINT('',(74.372986650315,620.921875,-114.8194319688)
  );
#1844 = CARTESIAN_POINT('',(82.196621886824,719.78125,-110.6367232747));
#1845 = CARTESIAN_POINT('',(89.695694155558,818.640625,-106.1277806587)
  );
#1846 = CARTESIAN_POINT('',(95.47524784547,917.5,-100.5806733127));
#1847 = CARTESIAN_POINT('',(98.776328912838,1.016359375E+03,
    -93.86131661936));
#1848 = CARTESIAN_POINT('',(99.242765064437,1.11521875E+03,
    -86.06940417407));
#1849 = CARTESIAN_POINT('',(96.748512269609,1.214078125E+03,
    -77.37199853018));
#1850 = CARTESIAN_POINT('',(91.238213244912,1.3129375E+03,
    -67.91434027071));
#1851 = CARTESIAN_POINT('',(82.646892743881,1.411796875E+03,
    -57.77873717587));
#1852 = CARTESIAN_POINT('',(70.797406561517,1.51065625E+03,
    -46.93756246649));
#1853 = CARTESIAN_POINT('',(55.271895688242,1.609515625E+03,
    -35.191716764));
#1854 = CARTESIAN_POINT('',(42.170163118861,1.675421875E+03,
    -26.59172676486));
#1855 = CARTESIAN_POINT('',(36.368004103179,1.708375E+03,-22.92252051464
    ));
#1856 = CARTESIAN_POINT('',(36.220080386211,126.625,-136.1758915162));
#1857 = CARTESIAN_POINT('',(38.024822210187,159.578125,-133.5351857513)
  );
#1858 = CARTESIAN_POINT('',(43.774543878953,225.48437499999,
    -131.8893020965));
#1859 = CARTESIAN_POINT('',(52.10830356186,324.34375,-128.2438350287));
#1860 = CARTESIAN_POINT('',(60.348828261422,423.203125,-125.5925003497)
  );
#1861 = CARTESIAN_POINT('',(67.114825501408,522.0625,-119.7956007282));
#1862 = CARTESIAN_POINT('',(74.449497529962,620.921875,-114.7697950382)
  );
#1863 = CARTESIAN_POINT('',(82.270340551477,719.78125,-110.5818725772));
#1864 = CARTESIAN_POINT('',(89.766403270648,818.640625,-106.0679327257)
  );
#1865 = CARTESIAN_POINT('',(95.542256121592,917.5,-100.5169749879));
#1866 = CARTESIAN_POINT('',(98.838856033305,1.016359375E+03,
    -93.79542078061));
#1867 = CARTESIAN_POINT('',(99.300097345241,1.11521875E+03,
    -86.00320110019));
#1868 = CARTESIAN_POINT('',(96.800047462179,1.214078125E+03,
    -77.30746244965));
#1869 = CARTESIAN_POINT('',(91.283445954344,1.3129375E+03,
    -67.85348224754));
#1870 = CARTESIAN_POINT('',(82.685372478253,1.411796875E+03,
    -57.72361155166));
#1871 = CARTESIAN_POINT('',(70.828664495663,1.51065625E+03,
    -46.89034169235));
#1872 = CARTESIAN_POINT('',(55.2953304635,1.609515625E+03,
    -35.15485195932));
#1873 = CARTESIAN_POINT('',(42.187870817779,1.675421875E+03,
    -26.56360057176));
#1874 = CARTESIAN_POINT('',(36.383268432732,1.708375E+03,-22.89826418696
    ));
#1875 = DEFINITIONAL_REPRESENTATION('',(#1876),#1879);
#1876 = B_SPLINE_CURVE_WITH_KNOTS('',1,(#1877,#1878),.UNSPECIFIED.,.F.,
  .F.,(2,2),(0.,1.),.PIECEWISE_BEZIER_KNOTS.);
#1877 = CARTESIAN_POINT('',(1.,0.));
#1878 = CARTESIAN_POINT('',(1.,1.));
#1879 = ( GEOMETRIC_REPRESENTATION_CONTEXT(2) 
PARAMETRIC_REPRESENTATION_CONTEXT() REPRESENTATION_CONTEXT('2D SPACE',''
  ) );
#1880 = ORIENTED_EDGE('',*,*,#1881,.F.);
#1881 = EDGE_CURVE('',#1882,#1768,#1884,.T.);
#1882 = VERTEX_POINT('',#1883);
#1883 = CARTESIAN_POINT('',(36.383268432732,1.708375E+03,-22.89826418696
    ));
#1884 = SURFACE_CURVE('',#1885,(#1968,#1974),.PCURVE_S1.);
#1885 = B_SPLINE_CURVE_WITH_KNOTS('',3,(#1886,#1887,#1888,#1889,#1890,
    #1891,#1892,#1893,#1894,#1895,#1896,#1897,#1898,#1899,#1900,#1901,
    #1902,#1903,#1904,#1905,#1906,#1907,#1908,#1909,#1910,#1911,#1912,
    #1913,#1914,#1915,#1916,#1917,#1918,#1919,#1920,#1921,#1922,#1923,
    #1924,#1925,#1926,#1927,#1928,#1929,#1930,#1931,#1932,#1933,#1934,
    #1935,#1936,#1937,#1938,#1939,#1940,#1941,#1942,#1943,#1944,#1945,
    #1946,#1947,#1948,#1949,#1950,#1951,#1952,#1953,#1954,#1955,#1956,
    #1957,#1958,#1959,#1960,#1961,#1962,#1963,#1964,#1965,#1966,#1967),
  .UNSPECIFIED.,.F.,.F.,(4,1,1,1,1,1,1,1,1,1,1,1,1,1,1,1,1,1,1,1,1,1,1,1
    ,1,1,1,1,1,1,1,1,1,1,1,1,1,1,1,1,1,1,1,1,1,1,1,1,1,1,1,1,1,1,1,1,1,1
    ,1,1,1,1,1,1,1,1,1,1,1,1,1,1,1,1,1,1,1,1,1,4),(0.,5.422953820372E-03
    ,1.21023233868E-02,2.1299610926E-02,3.425028129778E-02,
    4.9266910042E-02,6.473802001361E-02,8.020007180571E-02,
    9.557346416021E-02,0.110848789233,0.126024443304,0.141094973543,
    0.156054263154,0.170915111786,0.185706903516,0.200474995931,
    0.215244528094,0.230032628107,0.244838382823,0.259654203416,
    0.274468857681,0.289261310735,0.304025960956,0.318759256188,
    0.3334482663,0.348081851503,0.362649150863,0.377132316467,
    0.391496866462,0.405706467275,0.419705364592,0.433407303148,
    0.446685601738,0.459359111535,0.471104142513,0.481440231542,
    0.489807137904,0.49590881265,0.499975170628,0.505115060436,
    0.505838362159,0.507193738157,0.508641923865,0.510535725782,
    0.513632491309,0.519015716851,0.527735896464,0.539504984117,
    0.553105924154,0.567577641218,0.582460494653,0.597550872241,
    0.612765663891,0.628068104915,0.643438035672,0.658863469361,
    0.674337924049,0.689843360692,0.705330806255,0.720794867955,
    0.736241271163,0.751671877873,0.767086525902,0.782483566852,
    0.797862487049,0.813218294608,0.828547471939,0.843847641278,
    0.859119355479,0.874365447795,0.889590205865,0.904789326753,
    0.919952227565,0.935084281155,0.950263728412,0.965463481984,
    0.978610849496,0.987879943172,0.994573825702,1.),.UNSPECIFIED.);
#1886 = CARTESIAN_POINT('',(36.383268432732,1.708375E+03,-22.89826418696
    ));
#1887 = CARTESIAN_POINT('',(36.267634109884,1.708375E+03,-22.79060170503
    ));
#1888 = CARTESIAN_POINT('',(36.009203573092,1.708375E+03,-22.55073296375
    ));
#1889 = CARTESIAN_POINT('',(35.553663315161,1.708375E+03,-22.12934215098
    ));
#1890 = CARTESIAN_POINT('',(34.938857801677,1.708375E+03,-21.5571552857)
  );
#1891 = CARTESIAN_POINT('',(34.148907783517,1.708375E+03,-20.8166263734)
  );
#1892 = CARTESIAN_POINT('',(33.230279758203,1.708375E+03,-19.94612863117
    ));
#1893 = CARTESIAN_POINT('',(32.260726056791,1.708375E+03,-19.02301062925
    ));
#1894 = CARTESIAN_POINT('',(31.283352960863,1.708375E+03,-18.09303036119
    ));
#1895 = CARTESIAN_POINT('',(30.307204134691,1.708375E+03,-17.17004187795
    ));
#1896 = CARTESIAN_POINT('',(29.332168276224,1.708375E+03,-16.25804644177
    ));
#1897 = CARTESIAN_POINT('',(28.358007296568,1.708375E+03,-15.35806066014
    ));
#1898 = CARTESIAN_POINT('',(27.382033056409,1.708375E+03,-14.47367601195
    ));
#1899 = CARTESIAN_POINT('',(26.402731112134,1.708375E+03,-13.60674964221
    ));
#1900 = CARTESIAN_POINT('',(25.419448840293,1.708375E+03,-12.75669993308
    ));
#1901 = CARTESIAN_POINT('',(24.429055349776,1.708375E+03,-11.92356004189
    ));
#1902 = CARTESIAN_POINT('',(23.42882781059,1.708375E+03,-11.10644354832)
  );
#1903 = CARTESIAN_POINT('',(22.416782969278,1.708375E+03,-10.30419278292
    ));
#1904 = CARTESIAN_POINT('',(21.393395006371,1.708375E+03,-9.514669909352
    ));
#1905 = CARTESIAN_POINT('',(20.357894206533,1.708375E+03,-8.73884039947)
  );
#1906 = CARTESIAN_POINT('',(19.310574216026,1.708375E+03,-7.97771907389)
  );
#1907 = CARTESIAN_POINT('',(18.251946022199,1.708375E+03,-7.233069727804
    ));
#1908 = CARTESIAN_POINT('',(17.182590354383,1.708375E+03,-6.506546323704
    ));
#1909 = CARTESIAN_POINT('',(16.102738876208,1.708375E+03,-5.800024473629
    ));
#1910 = CARTESIAN_POINT('',(15.012789439833,1.708375E+03,-5.114815317689
    ));
#1911 = CARTESIAN_POINT('',(13.913054928858,1.708375E+03,-4.452777922011
    ));
#1912 = CARTESIAN_POINT('',(12.804224594721,1.708375E+03,-3.815728935495
    ));
#1913 = CARTESIAN_POINT('',(11.687318366158,1.708375E+03,-3.205336414751
    ));
#1914 = CARTESIAN_POINT('',(10.563755835725,1.708375E+03,-2.624119698222
    ));
#1915 = CARTESIAN_POINT('',(9.435602213405,1.708375E+03,-2.075242089002)
  );
#1916 = CARTESIAN_POINT('',(8.305912176881,1.708375E+03,-1.562730815026)
  );
#1917 = CARTESIAN_POINT('',(7.179051952308,1.708375E+03,-1.091950711422)
  );
#1918 = CARTESIAN_POINT('',(6.06200568139,1.708375E+03,-0.669731877884)
  );
#1919 = CARTESIAN_POINT('',(4.965542588945,1.708375E+03,-0.304637698141)
  );
#1920 = CARTESIAN_POINT('',(3.907614652056,1.708375E+03,
    -7.720441487572E-03));
#1921 = CARTESIAN_POINT('',(2.918150735586,1.708375E+03,0.209970093169)
  );
#1922 = CARTESIAN_POINT('',(2.039158072457,1.708375E+03,0.338679343861)
  );
#1923 = CARTESIAN_POINT('',(1.317613066102,1.708375E+03,0.381280456233)
  );
#1924 = CARTESIAN_POINT('',(0.774248230046,1.708375E+03,0.348496691292)
  );
#1925 = CARTESIAN_POINT('',(0.342475167699,1.708375E+03,0.261914674849)
  );
#1926 = CARTESIAN_POINT('',(5.886475762619E-02,1.708375E+03,
    0.115692988665));
#1927 = CARTESIAN_POINT('',(-3.952279514473E-02,1.708375E+03,
    -7.175863142628E-02));
#1928 = CARTESIAN_POINT('',(-6.390148500302E-02,1.708375E+03,
    -0.173401132884));
#1929 = CARTESIAN_POINT('',(-5.071150971007E-02,1.708375E+03,
    -0.312527333842));
#1930 = CARTESIAN_POINT('',(3.641647851509E-02,1.708375E+03,
    -0.482288644787));
#1931 = CARTESIAN_POINT('',(0.232752688276,1.708375E+03,-0.713359311034)
  );
#1932 = CARTESIAN_POINT('',(0.603200695378,1.708375E+03,-1.052242754061)
  );
#1933 = CARTESIAN_POINT('',(1.201979970266,1.708375E+03,-1.511007441464)
  );
#1934 = CARTESIAN_POINT('',(2.018653516048,1.708375E+03,-2.076581889992)
  );
#1935 = CARTESIAN_POINT('',(2.992251403917,1.708375E+03,-2.708849882133)
  );
#1936 = CARTESIAN_POINT('',(4.05474971254,1.708375E+03,-3.370231570856)
  );
#1937 = CARTESIAN_POINT('',(5.162283172979,1.708375E+03,-4.041159217961)
  );
#1938 = CARTESIAN_POINT('',(6.294261813732,1.708375E+03,-4.713401702989)
  );
#1939 = CARTESIAN_POINT('',(7.441229722568,1.708375E+03,-5.384276398558)
  );
#1940 = CARTESIAN_POINT('',(8.598395815546,1.708375E+03,-6.053810574601)
  );
#1941 = CARTESIAN_POINT('',(9.763057066199,1.708375E+03,-6.722627170721)
  );
#1942 = CARTESIAN_POINT('',(10.933542687598,1.708375E+03,-7.391356416052
    ));
#1943 = CARTESIAN_POINT('',(12.108274896047,1.708375E+03,-8.060607877041
    ));
#1944 = CARTESIAN_POINT('',(13.284379308181,1.708375E+03,-8.731100316455
    ));
#1945 = CARTESIAN_POINT('',(14.459984467978,1.708375E+03,-9.401857119487
    ));
#1946 = CARTESIAN_POINT('',(15.63338890638,1.708375E+03,-10.07299961578)
  );
#1947 = CARTESIAN_POINT('',(16.804321257571,1.708375E+03,-10.74512594134
    ));
#1948 = CARTESIAN_POINT('',(17.972887791383,1.708375E+03,-11.41847860427
    ));
#1949 = CARTESIAN_POINT('',(19.138805376341,1.708375E+03,-12.09354279426
    ));
#1950 = CARTESIAN_POINT('',(20.301781933498,1.708375E+03,-12.77067397484
    ));
#1951 = CARTESIAN_POINT('',(21.461427839741,1.708375E+03,-13.45010932641
    ));
#1952 = CARTESIAN_POINT('',(22.617249736047,1.708375E+03,-14.13214896261
    ));
#1953 = CARTESIAN_POINT('',(23.768526589408,1.708375E+03,-14.81735938503
    ));
#1954 = CARTESIAN_POINT('',(24.914780609585,1.708375E+03,-15.50619728916
    ));
#1955 = CARTESIAN_POINT('',(26.055508458771,1.708375E+03,-16.1995023503)
  );
#1956 = CARTESIAN_POINT('',(27.190427773506,1.708375E+03,-16.89809600262
    ));
#1957 = CARTESIAN_POINT('',(28.31926379569,1.708375E+03,-17.60249169972)
  );
#1958 = CARTESIAN_POINT('',(29.441610242483,1.708375E+03,-18.31266072537
    ));
#1959 = CARTESIAN_POINT('',(30.556834794447,1.708375E+03,-19.02898157567
    ));
#1960 = CARTESIAN_POINT('',(31.665803598023,1.708375E+03,-19.75391213823
    ));
#1961 = CARTESIAN_POINT('',(32.768757820978,1.708375E+03,-20.48990636485
    ));
#1962 = CARTESIAN_POINT('',(33.816671123344,1.708375E+03,-21.20409283502
    ));
#1963 = CARTESIAN_POINT('',(34.717386960127,1.708375E+03,-21.82843034524
    ));
#1964 = CARTESIAN_POINT('',(35.411044084825,1.708375E+03,-22.31643167019
    ));
#1965 = CARTESIAN_POINT('',(35.919646075508,1.708375E+03,-22.67650824287
    ));
#1966 = CARTESIAN_POINT('',(36.208158055989,1.708375E+03,-22.88009818735
    ));
#1967 = CARTESIAN_POINT('',(36.337475444073,1.708375E+03,-22.97103317001
    ));
#1968 = PCURVE('',#111,#1969);
#1969 = DEFINITIONAL_REPRESENTATION('',(#1970),#1973);
#1970 = B_SPLINE_CURVE_WITH_KNOTS('',1,(#1971,#1972),.UNSPECIFIED.,.F.,
  .F.,(2,2),(0.,1.),.PIECEWISE_BEZIER_KNOTS.);
#1971 = CARTESIAN_POINT('',(0.,1.));
#1972 = CARTESIAN_POINT('',(1.,1.));
#1973 = ( GEOMETRIC_REPRESENTATION_CONTEXT(2) 
PARAMETRIC_REPRESENTATION_CONTEXT() REPRESENTATION_CONTEXT('2D SPACE',''
  ) );
#1974 = PCURVE('',#1975,#1980);
#1975 = PLANE('',#1976);
#1976 = AXIS2_PLACEMENT_3D('',#1977,#1978,#1979);
#1977 = CARTESIAN_POINT('',(36.383268432732,1.708375E+03,-22.89826418696
    ));
#1978 = DIRECTION('',(-3.165413758057E-14,1.,-5.053448140346E-14));
#1979 = DIRECTION('',(-0.847469629824,6.310887241768E-30,0.5308438815));
#1980 = DEFINITIONAL_REPRESENTATION('',(#1981),#2064);
#1981 = B_SPLINE_CURVE_WITH_KNOTS('',3,(#1982,#1983,#1984,#1985,#1986,
    #1987,#1988,#1989,#1990,#1991,#1992,#1993,#1994,#1995,#1996,#1997,
    #1998,#1999,#2000,#2001,#2002,#2003,#2004,#2005,#2006,#2007,#2008,
    #2009,#2010,#2011,#2012,#2013,#2014,#2015,#2016,#2017,#2018,#2019,
    #2020,#2021,#2022,#2023,#2024,#2025,#2026,#2027,#2028,#2029,#2030,
    #2031,#2032,#2033,#2034,#2035,#2036,#2037,#2038,#2039,#2040,#2041,
    #2042,#2043,#2044,#2045,#2046,#2047,#2048,#2049,#2050,#2051,#2052,
    #2053,#2054,#2055,#2056,#2057,#2058,#2059,#2060,#2061,#2062,#2063),
  .UNSPECIFIED.,.F.,.F.,(4,1,1,1,1,1,1,1,1,1,1,1,1,1,1,1,1,1,1,1,1,1,1,1
    ,1,1,1,1,1,1,1,1,1,1,1,1,1,1,1,1,1,1,1,1,1,1,1,1,1,1,1,1,1,1,1,1,1,1
    ,1,1,1,1,1,1,1,1,1,1,1,1,1,1,1,1,1,1,1,1,1,4),(0.,5.422953820372E-03
    ,1.21023233868E-02,2.1299610926E-02,3.425028129778E-02,
    4.9266910042E-02,6.473802001361E-02,8.020007180571E-02,
    9.557346416021E-02,0.110848789233,0.126024443304,0.141094973543,
    0.156054263154,0.170915111786,0.185706903516,0.200474995931,
    0.215244528094,0.230032628107,0.244838382823,0.259654203416,
    0.274468857681,0.289261310735,0.304025960956,0.318759256188,
    0.3334482663,0.348081851503,0.362649150863,0.377132316467,
    0.391496866462,0.405706467275,0.419705364592,0.433407303148,
    0.446685601738,0.459359111535,0.471104142513,0.481440231542,
    0.489807137904,0.49590881265,0.499975170628,0.505115060436,
    0.505838362159,0.507193738157,0.508641923865,0.510535725782,
    0.513632491309,0.519015716851,0.527735896464,0.539504984117,
    0.553105924154,0.567577641218,0.582460494653,0.597550872241,
    0.612765663891,0.628068104915,0.643438035672,0.658863469361,
    0.674337924049,0.689843360692,0.705330806255,0.720794867955,
    0.736241271163,0.751671877873,0.767086525902,0.782483566852,
    0.797862487049,0.813218294608,0.828547471939,0.843847641278,
    0.859119355479,0.874365447795,0.889590205865,0.904789326753,
    0.919952227565,0.935084281155,0.950263728412,0.965463481984,
    0.978610849496,0.987879943172,0.994573825702,1.),.UNSPECIFIED.);
#1982 = CARTESIAN_POINT('',(0.,0.));
#1983 = CARTESIAN_POINT('',(0.155148546581,2.985691093658E-02));
#1984 = CARTESIAN_POINT('',(0.501493431601,9.595211506328E-02));
#1985 = CARTESIAN_POINT('',(1.111242700039,0.211247272473));
#1986 = CARTESIAN_POINT('',(1.936013597473,0.369792518235));
#1987 = CARTESIAN_POINT('',(2.998577489114,0.578028147589));
#1988 = CARTESIAN_POINT('',(4.239185241992,0.828100480342));
#1989 = CARTESIAN_POINT('',(5.550884101645,1.095733301536));
#1990 = CARTESIAN_POINT('',(6.872852452665,1.365030807132));
#1991 = CARTESIAN_POINT('',(8.190071726055,1.629052883547));
#1992 = CARTESIAN_POINT('',(9.500512201351,1.884349498542));
#1993 = CARTESIAN_POINT('',(10.803835991781,2.129932720096));
#1994 = CARTESIAN_POINT('',(12.100414699193,2.361331896633));
#1995 = CARTESIAN_POINT('',(13.39054591448,2.57616922102));
#1996 = CARTESIAN_POINT('',(14.675091464473,2.774591155556));
#1997 = CARTESIAN_POINT('',(15.956687082935,2.954907586018));
#1998 = CARTESIAN_POINT('',(17.23811083639,3.116424329058));
#1999 = CARTESIAN_POINT('',(18.521658013665,3.259069676426));
#2000 = CARTESIAN_POINT('',(19.808061618496,3.384907095319));
#2001 = CARTESIAN_POINT('',(21.097461446426,3.492709778983));
#2002 = CARTESIAN_POINT('',(22.38906992985,3.58177357809));
#2003 = CARTESIAN_POINT('',(23.681517722627,3.650874984289));
#2004 = CARTESIAN_POINT('',(24.973434678414,3.698920591213));
#2005 = CARTESIAN_POINT('',(26.263628812147,3.724443851841));
#2006 = CARTESIAN_POINT('',(27.551066945497,3.726544812133));
#2007 = CARTESIAN_POINT('',(28.834497045238,3.703814062352));
#2008 = CARTESIAN_POINT('',(30.112370634754,3.655077932636));
#2009 = CARTESIAN_POINT('',(31.382937877772,3.579464218596));
#2010 = CARTESIAN_POINT('',(32.643658337318,3.475591439437));
#2011 = CARTESIAN_POINT('',(33.891102590557,3.341875095941));
#2012 = CARTESIAN_POINT('',(35.120544061615,3.176523791698));
#2013 = CARTESIAN_POINT('',(36.325434616527,2.977308776307));
#2014 = CARTESIAN_POINT('',(37.496229690677,2.742149236601));
#2015 = CARTESIAN_POINT('',(38.619256873234,2.469504742044));
#2016 = CARTESIAN_POINT('',(39.673435379296,2.159538527263));
#2017 = CARTESIAN_POINT('',(40.627535686694,1.818773778061));
#2018 = CARTESIAN_POINT('',(41.440779791757,1.461243081995));
#2019 = CARTESIAN_POINT('',(42.074881811042,1.114318479076));
#2020 = CARTESIAN_POINT('',(42.517963946482,0.798093335295));
#2021 = CARTESIAN_POINT('',(42.83791697012,0.495513617526));
#2022 = CARTESIAN_POINT('',(43.000647291905,0.221042328347));
#2023 = CARTESIAN_POINT('',(42.984520209229,9.954342854592E-03));
#2024 = CARTESIAN_POINT('',(42.951224108499,-8.912586858032E-02));
#2025 = CARTESIAN_POINT('',(42.866191712486,-0.200029280924));
#2026 = CARTESIAN_POINT('',(42.702236635326,-0.297645476812));
#2027 = CARTESIAN_POINT('',(42.413185210948,-0.389246973132));
#2028 = CARTESIAN_POINT('',(41.919347573227,-0.479790341163));
#2029 = CARTESIAN_POINT('',(41.168367895436,-0.550721166529));
#2030 = CARTESIAN_POINT('',(40.176030132371,-0.5965021801));
#2031 = CARTESIAN_POINT('',(39.015299895645,-0.615501619532));
#2032 = CARTESIAN_POINT('',(37.763774424553,-0.61198178821));
#2033 = CARTESIAN_POINT('',(36.469015616423,-0.59264523191));
#2034 = CARTESIAN_POINT('',(35.152842286713,-0.561446386416));
#2035 = CARTESIAN_POINT('',(33.824692090196,-0.521131419645));
#2036 = CARTESIAN_POINT('',(32.488610848927,-0.474266759634));
#2037 = CARTESIAN_POINT('',(31.14655861207,-0.42281521384));
#2038 = CARTESIAN_POINT('',(29.799616767524,-0.368197809329));
#2039 = CARTESIAN_POINT('',(28.448798854438,-0.311768691976));
#2040 = CARTESIAN_POINT('',(27.096159274596,-0.25566284022));
#2041 = CARTESIAN_POINT('',(25.743802460141,-0.200046053649));
#2042 = CARTESIAN_POINT('',(24.393105947317,-0.145924369898));
#2043 = CARTESIAN_POINT('',(23.04398219359,-9.39487439301E-02));
#2044 = CARTESIAN_POINT('',(21.696212404547,-4.42682813241E-02));
#2045 = CARTESIAN_POINT('',(20.34977896554,2.555535783776E-03));
#2046 = CARTESIAN_POINT('',(19.004740708971,4.606641453354E-02));
#2047 = CARTESIAN_POINT('',(17.66130192282,8.585652267836E-02));
#2048 = CARTESIAN_POINT('',(16.3197214004,0.121409626423));
#2049 = CARTESIAN_POINT('',(14.980309471377,0.151862876906));
#2050 = CARTESIAN_POINT('',(13.643228614461,0.176575606539));
#2051 = CARTESIAN_POINT('',(12.308459656658,0.194569022212));
#2052 = CARTESIAN_POINT('',(10.975805839134,0.204997092512));
#2053 = CARTESIAN_POINT('',(9.645227447322,0.207278827435));
#2054 = CARTESIAN_POINT('',(8.317084037424,0.201222890352));
#2055 = CARTESIAN_POINT('',(6.991710558629,0.186172854424));
#2056 = CARTESIAN_POINT('',(5.667068223527,0.160505523073));
#2057 = CARTESIAN_POINT('',(4.341649984471,0.122269269124));
#2058 = CARTESIAN_POINT('',(3.074453768083,7.32962905211E-02));
#2059 = CARTESIAN_POINT('',(1.97969870402,2.232870278313E-02));
#2060 = CARTESIAN_POINT('',(1.132792839815,-2.301395892114E-02));
#2061 = CARTESIAN_POINT('',(0.510623653561,-5.817966380991E-02));
#2062 = CARTESIAN_POINT('',(0.158044035904,-7.756113911302E-02));
#2063 = CARTESIAN_POINT('',(1.79197733793E-04,-8.597843097003E-02));
#2064 = ( GEOMETRIC_REPRESENTATION_CONTEXT(2) 
PARAMETRIC_REPRESENTATION_CONTEXT() REPRESENTATION_CONTEXT('2D SPACE',''
  ) );
#2065 = ORIENTED_EDGE('',*,*,#2066,.F.);
#2066 = EDGE_CURVE('',#22,#1882,#2067,.T.);
#2067 = SURFACE_CURVE('',#2068,(#2088,#2094),.PCURVE_S1.);
#2068 = ( BOUNDED_CURVE() B_SPLINE_CURVE(3,(#2069,#2070,#2071,#2072,
    #2073,#2074,#2075,#2076,#2077,#2078,#2079,#2080,#2081,#2082,#2083,
    #2084,#2085,#2086,#2087),.UNSPECIFIED.,.F.,.F.) 
B_SPLINE_CURVE_WITH_KNOTS((4,1,1,1,1,1,1,1,1,1,1,1,1,1,1,1,4),(0.,
    6.25E-02,0.125,0.1875,0.25,0.3125,0.375,0.4375,0.5,0.5625,0.625,
0.6875,0.75,0.8125,0.875,0.9375,1.),.QUASI_UNIFORM_KNOTS.) CURVE() 
GEOMETRIC_REPRESENTATION_ITEM() RATIONAL_B_SPLINE_CURVE((1.,1.,1.,1.,1.,
1.,1.,1.,1.,1.,1.,1.,1.,1.,1.,1.,1.,1.,1.)) REPRESENTATION_ITEM('') );
#2069 = CARTESIAN_POINT('',(36.220080386211,126.625,-136.1758915162));
#2070 = CARTESIAN_POINT('',(38.024822210187,159.578125,-133.5351857513)
  );
#2071 = CARTESIAN_POINT('',(43.774543878952,225.484375,-131.8893020965)
  );
#2072 = CARTESIAN_POINT('',(52.10830356186,324.34375,-128.2438350287));
#2073 = CARTESIAN_POINT('',(60.348828261422,423.203125,-125.5925003497)
  );
#2074 = CARTESIAN_POINT('',(67.114825501408,522.0625,-119.7956007282));
#2075 = CARTESIAN_POINT('',(74.449497529962,620.921875,-114.7697950382)
  );
#2076 = CARTESIAN_POINT('',(82.270340551477,719.78125,-110.5818725772));
#2077 = CARTESIAN_POINT('',(89.766403270648,818.640625,-106.0679327257)
  );
#2078 = CARTESIAN_POINT('',(95.542256121592,917.5,-100.5169749879));
#2079 = CARTESIAN_POINT('',(98.838856033305,1.016359375E+03,
    -93.79542078061));
#2080 = CARTESIAN_POINT('',(99.300097345241,1.11521875E+03,
    -86.00320110019));
#2081 = CARTESIAN_POINT('',(96.800047462179,1.214078125E+03,
    -77.30746244965));
#2082 = CARTESIAN_POINT('',(91.283445954344,1.3129375E+03,
    -67.85348224754));
#2083 = CARTESIAN_POINT('',(82.685372478253,1.411796875E+03,
    -57.72361155166));
#2084 = CARTESIAN_POINT('',(70.828664495663,1.51065625E+03,
    -46.89034169235));
#2085 = CARTESIAN_POINT('',(55.295330463501,1.609515625E+03,
    -35.15485195932));
#2086 = CARTESIAN_POINT('',(42.187870817779,1.675421875E+03,
    -26.56360057176));
#2087 = CARTESIAN_POINT('',(36.383268432732,1.708375E+03,-22.89826418696
    ));
#2088 = PCURVE('',#111,#2089);
#2089 = DEFINITIONAL_REPRESENTATION('',(#2090),#2093);
#2090 = B_SPLINE_CURVE_WITH_KNOTS('',1,(#2091,#2092),.UNSPECIFIED.,.F.,
  .F.,(2,2),(0.,1.),.PIECEWISE_BEZIER_KNOTS.);
#2091 = CARTESIAN_POINT('',(0.,0.));
#2092 = CARTESIAN_POINT('',(0.,1.));
#2093 = ( GEOMETRIC_REPRESENTATION_CONTEXT(2) 
PARAMETRIC_REPRESENTATION_CONTEXT() REPRESENTATION_CONTEXT('2D SPACE',''
  ) );
#2094 = PCURVE('',#1798,#2095);
#2095 = DEFINITIONAL_REPRESENTATION('',(#2096),#2099);
#2096 = B_SPLINE_CURVE_WITH_KNOTS('',1,(#2097,#2098),.UNSPECIFIED.,.F.,
  .F.,(2,2),(0.,1.),.PIECEWISE_BEZIER_KNOTS.);
#2097 = CARTESIAN_POINT('',(2.,0.));
#2098 = CARTESIAN_POINT('',(2.,1.));
#2099 = ( GEOMETRIC_REPRESENTATION_CONTEXT(2) 
PARAMETRIC_REPRESENTATION_CONTEXT() REPRESENTATION_CONTEXT('2D SPACE',''
  ) );
#2100 = ADVANCED_FACE('',(#2101),#1798,.F.);
#2101 = FACE_BOUND('',#2102,.F.);
#2102 = EDGE_LOOP('',(#2103,#2125,#2126,#2148));
#2103 = ORIENTED_EDGE('',*,*,#2104,.T.);
#2104 = EDGE_CURVE('',#24,#22,#2105,.T.);
#2105 = SURFACE_CURVE('',#2106,(#2111,#2117),.PCURVE_S1.);
#2106 = B_SPLINE_CURVE_WITH_KNOTS('',3,(#2107,#2108,#2109,#2110),
  .UNSPECIFIED.,.F.,.F.,(4,4),(1.,2.),.PIECEWISE_BEZIER_KNOTS.);
#2107 = CARTESIAN_POINT('',(35.947731639481,126.625,-136.2483454498));
#2108 = CARTESIAN_POINT('',(36.038514555058,126.625,-136.2241941386));
#2109 = CARTESIAN_POINT('',(36.129297470634,126.625,-136.2000428274));
#2110 = CARTESIAN_POINT('',(36.220080386211,126.625,-136.1758915162));
#2111 = PCURVE('',#1798,#2112);
#2112 = DEFINITIONAL_REPRESENTATION('',(#2113),#2116);
#2113 = B_SPLINE_CURVE_WITH_KNOTS('',1,(#2114,#2115),.UNSPECIFIED.,.F.,
  .F.,(2,2),(1.,2.),.PIECEWISE_BEZIER_KNOTS.);
#2114 = CARTESIAN_POINT('',(1.,0.));
#2115 = CARTESIAN_POINT('',(2.,0.));
#2116 = ( GEOMETRIC_REPRESENTATION_CONTEXT(2) 
PARAMETRIC_REPRESENTATION_CONTEXT() REPRESENTATION_CONTEXT('2D SPACE',''
  ) );
#2117 = PCURVE('',#1676,#2118);
#2118 = DEFINITIONAL_REPRESENTATION('',(#2119),#2124);
#2119 = B_SPLINE_CURVE_WITH_KNOTS('',3,(#2120,#2121,#2122,#2123),
  .UNSPECIFIED.,.F.,.F.,(4,4),(1.,2.),.PIECEWISE_BEZIER_KNOTS.);
#2120 = CARTESIAN_POINT('',(5.873761732289E-04,-0.28182098453));
#2121 = CARTESIAN_POINT('',(3.915841154196E-04,-0.187880656353));
#2122 = CARTESIAN_POINT('',(1.95792057724E-04,-9.394032817669E-02));
#2123 = CARTESIAN_POINT('',(-2.84217094304E-14,0.));
#2124 = ( GEOMETRIC_REPRESENTATION_CONTEXT(2) 
PARAMETRIC_REPRESENTATION_CONTEXT() REPRESENTATION_CONTEXT('2D SPACE',''
  ) );
#2125 = ORIENTED_EDGE('',*,*,#2066,.T.);
#2126 = ORIENTED_EDGE('',*,*,#2127,.F.);
#2127 = EDGE_CURVE('',#1768,#1882,#2128,.T.);
#2128 = SURFACE_CURVE('',#2129,(#2134,#2140),.PCURVE_S1.);
#2129 = B_SPLINE_CURVE_WITH_KNOTS('',3,(#2130,#2131,#2132,#2133),
  .UNSPECIFIED.,.F.,.F.,(4,4),(1.,2.),.PIECEWISE_BEZIER_KNOTS.);
#2130 = CARTESIAN_POINT('',(36.337475444073,1.708375E+03,-22.97103317001
    ));
#2131 = CARTESIAN_POINT('',(36.352739773626,1.708375E+03,-22.94677684232
    ));
#2132 = CARTESIAN_POINT('',(36.368004103179,1.708375E+03,-22.92252051464
    ));
#2133 = CARTESIAN_POINT('',(36.383268432732,1.708375E+03,-22.89826418696
    ));
#2134 = PCURVE('',#1798,#2135);
#2135 = DEFINITIONAL_REPRESENTATION('',(#2136),#2139);
#2136 = B_SPLINE_CURVE_WITH_KNOTS('',1,(#2137,#2138),.UNSPECIFIED.,.F.,
  .F.,(2,2),(1.,2.),.PIECEWISE_BEZIER_KNOTS.);
#2137 = CARTESIAN_POINT('',(1.,1.));
#2138 = CARTESIAN_POINT('',(2.,1.));
#2139 = ( GEOMETRIC_REPRESENTATION_CONTEXT(2) 
PARAMETRIC_REPRESENTATION_CONTEXT() REPRESENTATION_CONTEXT('2D SPACE',''
  ) );
#2140 = PCURVE('',#1975,#2141);
#2141 = DEFINITIONAL_REPRESENTATION('',(#2142),#2147);
#2142 = B_SPLINE_CURVE_WITH_KNOTS('',3,(#2143,#2144,#2145,#2146),
  .UNSPECIFIED.,.F.,.F.,(4,4),(1.,2.),.PIECEWISE_BEZIER_KNOTS.);
#2143 = CARTESIAN_POINT('',(1.79197733793E-04,-8.597843097003E-02));
#2144 = CARTESIAN_POINT('',(1.19465155862E-04,-5.731895398002E-02));
#2145 = CARTESIAN_POINT('',(5.973257793102E-05,-2.865947699001E-02));
#2146 = CARTESIAN_POINT('',(7.105427357601E-15,-3.552713678801E-15));
#2147 = ( GEOMETRIC_REPRESENTATION_CONTEXT(2) 
PARAMETRIC_REPRESENTATION_CONTEXT() REPRESENTATION_CONTEXT('2D SPACE',''
  ) );
#2148 = ORIENTED_EDGE('',*,*,#1767,.F.);
#2149 = ADVANCED_FACE('',(#2150),#1676,.F.);
#2150 = FACE_BOUND('',#2151,.F.);
#2151 = EDGE_LOOP('',(#2152,#2153));
#2152 = ORIENTED_EDGE('',*,*,#21,.F.);
#2153 = ORIENTED_EDGE('',*,*,#2104,.F.);
#2154 = ADVANCED_FACE('',(#2155),#1975,.T.);
#2155 = FACE_BOUND('',#2156,.F.);
#2156 = EDGE_LOOP('',(#2157,#2158));
#2157 = ORIENTED_EDGE('',*,*,#1881,.T.);
#2158 = ORIENTED_EDGE('',*,*,#2127,.T.);
#2159 = ( GEOMETRIC_REPRESENTATION_CONTEXT(3) 
GLOBAL_UNCERTAINTY_ASSIGNED_CONTEXT((#2163)) 
GLOBAL_UNIT_ASSIGNED_CONTEXT((#2160,#2161,#2162)) REPRESENTATION_CONTEXT
('Context #1','3D Context with UNIT and UNCERTAINTY') );
#2160 = ( LENGTH_UNIT() NAMED_UNIT(*) SI_UNIT(.MILLI.,.METRE.) );
#2161 = ( NAMED_UNIT(*) PLANE_ANGLE_UNIT() SI_UNIT($,.RADIAN.) );
#2162 = ( NAMED_UNIT(*) SI_UNIT($,.STERADIAN.) SOLID_ANGLE_UNIT() );
#2163 = UNCERTAINTY_MEASURE_WITH_UNIT(LENGTH_MEASURE(1.E-04),#2160,
  'distance_accuracy_value','confusion accuracy');
#2164 = PRODUCT_RELATED_PRODUCT_CATEGORY('part',$,(#7));
ENDSEC;
END-ISO-10303-21;
